Datetime,TSP [ug/m3],PM10 [ug/m3],PM2.5 [ug/m3],PM1 [ug/m3],TC [1/l],Battery_voltage,Electrical_load,Switch,Fuel_level,Intake_manifold_absolute_pressure,Throttle_position,Accelerator_pedal_position,Coolant_temperature,Vehicle_Speed,Engine_speed,Target_air_fuel_ratio,Estimated_catalyst_temperature,Engine_status,Status_bit,Current_gear_shift_position_(Current_gear),Cumulative_mileage,Clutch_torque,Trip_fuel_consumption,Average_fuel_consumption_rate,Pumping_and_rubbing_friction_torque_at_current_condition,RON_factor,altitude,latitude,longitude,satelites,bearing,angular_speed,Acceleration,Deceleration
2025-01-08 10:13:06,13.6,13.6,13.5,13.4,607320,13.566666666666668,1.0,32.0,28.235,32.5,3.733833333333333,0.0,75.16666666666667,0.0,954.4583333333334,14.5,669.0,3.0,24.0,13.0,14576.413999999999,-15.2915,544728.8021666667,0.309,20.958666666666666,0.492,1309.0,35.706278000000005,51.26684600000001,5.0,180.0,0.0,0.0,0.0
2025-01-08 10:13:12,15.0,15.0,14.2,14.0,631490,13.583333333333334,1.0,32.0,28.235,32.333333333333336,3.7336666666666667,0.0,75.16666666666667,0.0,953.0833333333334,14.5,669.0,3.0,24.0,13.0,14576.413999999999,-13.697833333333334,546571.3856666667,0.30716666666666664,20.958666666666666,0.492,1309.0,35.706274,51.266838,5.0,225.0,0.0,0.0,0.0
2025-01-08 10:13:18,13.9,13.9,13.9,13.9,624950,13.616666666666667,1.0,32.0,28.235,32.166666666666664,3.7108333333333334,0.0,74.83333333333333,0.0,955.0416666666666,14.5,669.0,3.0,24.0,13.0,14576.413999999999,-13.760333333333334,548397.0835000001,0.30416666666666664,20.979333333333333,0.492,1309.0,35.706264,51.266833999999996,5.0,225.0,0.2617993877991495,0.0,0.0
2025-01-08 10:13:24,13.7,13.7,13.7,13.7,612140,13.6,1.0,32.0,28.235,32.166666666666664,3.7038333333333333,0.0,73.16666666666667,0.0,950.9166666666666,14.5,669.0,3.0,24.0,13.0,14576.413999999999,-14.333333333333334,550233.2708333334,0.3033333333333333,20.968999999999998,0.492,1309.0,35.7062625,51.26683,5.0,225.0,-0.2617993877991495,0.0,0.0
2025-01-08 10:13:30,13.5,13.5,13.5,13.4,611740,13.583333333333334,1.0,32.0,28.235,32.166666666666664,3.7216666666666662,0.0,71.5,0.0,953.3333333333334,14.5,669.0,3.0,24.0,13.0,14576.413999999999,-14.177,552072.1771666667,0.307,21.0,0.492,1309.0,35.706258999999996,51.2668265,5.0,197.56499999999997,-0.15961036009488136,0.0,0.0
2025-01-08 10:13:36,13.7,13.7,13.7,13.6,611240,13.583333333333334,1.0,32.0,28.235,32.166666666666664,3.7185,0.0,71.0,0.0,948.2083333333334,14.5,669.0,3.0,24.0,13.0,14576.413999999999,-13.489833333333335,553906.7916666666,0.3076666666666667,20.979333333333333,0.492,1309.0,35.706253,51.26683,5.0,180.0,0.15961036009488144,0.0,0.0
2025-01-08 10:13:42,13.3,13.3,13.2,13.2,594670,13.6,1.0,32.0,28.235,32.333333333333336,3.7475,0.0,71.0,0.0,949.5,14.5,669.0,3.0,24.0,13.0,14576.413999999999,-12.624666666666664,555738.2083333334,0.3045,21.01033333333333,0.492,1309.0,35.706249,51.26683,5.0,180.0,0.0,0.0,0.0
2025-01-08 10:13:48,13.8,13.8,13.5,13.3,612800,13.6,1.0,32.0,28.235,32.333333333333336,3.7423333333333333,0.0,71.16666666666667,0.0,955.0,14.5,669.0,3.0,24.0,13.0,14576.413999999999,-14.176833333333333,557577.2293333333,0.30516666666666664,20.979333333333333,0.492,1309.0,35.70624,51.266838,5.0,158.57,0.0,0.0,0.0
2025-01-08 10:13:54,10.1,10.1,9.6,9.0,401170,13.6,1.0,32.0,28.235,32.333333333333336,3.7343333333333333,0.0,72.0,0.0,954.4583333333334,14.5,669.0,3.0,24.0,13.0,14576.413999999999,-13.448,559420.375,0.30433333333333334,20.9585,0.492,1309.0,35.706228,51.266838,5.0,180.0,0.0,0.0,0.0
2025-01-08 10:14:00,10.6,10.6,10.0,9.5,403880,13.6,1.0,32.0,28.235,32.5,3.7616666666666667,0.0,72.33333333333333,0.0,951.875,14.5,669.0,3.0,24.0,13.0,14576.413999999999,-13.469000000000001,561242.3228333333,0.30616666666666664,20.948333333333334,0.492,1309.0,35.706221,51.26684600000001,5.0,147.395,0.0,0.0,0.0
2025-01-08 10:14:06,9.4,9.4,9.0,8.8,377500,13.616666666666667,1.0,32.0,28.235,32.333333333333336,3.73,0.0,73.0,0.0,951.9583333333334,14.5,669.0,3.0,24.0,13.0,14576.413999999999,-13.396,563079.6771666667,0.30433333333333334,20.99983333333333,0.492,1309.0,35.706217,51.26684600000001,5.0,180.0,0.0,0.0,0.0
2025-01-08 10:14:12,9.2,9.2,9.2,9.0,381550,13.6,1.0,32.0,28.235,32.5,3.750833333333333,0.0,73.5,0.0,956.4166666666666,14.5,669.0,3.0,24.0,13.0,14576.413999999999,-13.499833333333333,564931.3439999999,0.30683333333333335,20.948,0.492,1309.0,35.706215,51.26684600000001,5.0,180.0,0.0,0.0,0.0
2025-01-08 10:14:18,9.3,9.3,9.3,9.2,395370,13.6,1.0,32.0,28.2285,32.0,3.7434999999999996,0.0,74.16666666666667,0.0,956.0833333333334,14.5,669.5,3.0,24.0,13.0,14576.413999999999,-13.583333333333334,566766.3853333333,0.30116666666666664,21.0,0.492,1309.0,35.706217,51.26684600000001,5.0,90.0,-0.5235987755982988,0.0,0.0
2025-01-08 10:14:24,9.8,9.8,9.8,9.6,407680,13.6,1.0,32.0,28.207833333333337,32.333333333333336,3.7431666666666668,0.0,75.0,0.0,955.1666666666666,14.5,669.0,3.0,24.0,13.0,14576.413999999999,-13.625166666666667,568595.0938333333,0.3055,20.948,0.492,1309.0,35.706221,51.266838,5.0,135.0,0.00026153784994916346,0.0,0.0
2025-01-08 10:14:30,9.2,9.2,9.2,9.1,401730,13.583333333333334,1.0,32.0,28.22066666666667,32.0,3.746,0.0,75.16666666666667,0.0,958.0,14.5,670.0,3.0,24.0,13.0,14576.413999999999,-14.427166666666666,570430.5103333333,0.30633333333333335,20.937833333333334,0.492,1309.0,35.70623,51.2668265,5.0,309.7,-0.10294533704679885,0.0,0.0
2025-01-08 10:14:36,11.2,11.2,10.8,10.3,446090,13.6,1.0,32.0,28.227333333333334,32.333333333333336,3.7055000000000002,0.0,75.66666666666667,0.0,950.5833333333334,14.5,670.5,3.0,24.0,13.0,14576.413999999999,-13.750166666666667,572248.3021666667,0.3005,20.979333333333333,0.492,1309.0,35.70624,51.266811,5.0,146.16,0.10294533704679877,0.0,0.0
2025-01-08 10:14:42,10.6,10.6,10.4,10.1,444940,13.533333333333333,1.0,32.0,28.231166666666667,33.833333333333336,3.907,0.0,75.16666666666667,0.0,952.9583333333334,14.5,669.0,3.0,24.0,13.0,14576.413999999999,-13.895666666666665,574113.302,0.33083333333333337,20.854333333333333,0.492,1309.0,35.706247,51.2668075,5.0,152.565,-0.15961036009488144,0.0,0.0
2025-01-08 10:14:48,9.7,9.7,9.7,9.7,425410,13.433333333333332,1.0,32.0,28.233,34.666666666666664,4.1098333333333334,0.0,73.33333333333333,0.0,953.2083333333334,14.5,666.5,3.0,24.0,13.0,14576.413999999999,-13.926833333333333,576142.3748333333,0.3388333333333333,20.833166666666667,0.492,1309.0,35.706253,51.266811,5.0,54.87,0.31922072018976283,0.0,0.0
2025-01-08 10:14:54,11.6,11.6,10.7,10.0,424510,13.466666666666667,1.0,32.0,28.233999999999998,34.166666666666664,4.083333333333333,0.0,71.5,0.0,955.3333333333334,14.5,664.5,3.0,24.0,13.0,14576.413999999999,-14.823166666666665,578159.2396666667,0.334,20.81233333333333,0.492,1309.0,35.706249,51.2668265,5.0,101.16000000000001,0.10218902770426798,0.0,0.0
2025-01-08 10:15:00,11.4,11.4,10.8,10.0,432370,13.466666666666667,1.0,32.0,28.2225,34.333333333333336,4.0665000000000004,0.0,71.0,0.0,956.7083333333334,14.5,663.0,3.0,24.0,13.0,14576.413999999999,-13.9585,580166.7916666666,0.33066666666666666,20.895833333333332,0.492,1309.0,35.70624350000001,51.266833999999996,5.0,147.395,0.07211118692823248,0.0,0.0
2025-01-08 10:15:06,10.0,10.0,10.0,9.8,423310,13.483333333333334,1.0,32.0,28.209999999999997,34.833333333333336,4.035166666666666,0.0,71.0,0.0,946.9166666666666,14.5,660.0,3.0,24.0,13.0,14576.413999999999,-14.489333333333335,582164.6981666667,0.3316666666666667,20.87516666666667,0.492,1309.0,35.706242,51.266838,5.0,114.79,0.0,0.0,0.0
2025-01-08 10:15:12,14.7,14.7,13.6,12.4,524770,13.483333333333334,1.0,32.0,28.221833333333333,34.333333333333336,4.113166666666667,0.0,71.16666666666667,0.0,959.0416666666666,14.5,657.0,3.0,24.0,13.0,14576.413999999999,-13.8335,584168.2188333333,0.33416666666666667,20.8645,0.492,1309.0,35.706245,51.266838,5.0,0.0,-0.33391057472738184,0.0,0.0
2025-01-08 10:15:18,19.8,19.7,10.7,10.3,440980,13.483333333333334,1.0,32.0,28.228166666666667,34.333333333333336,4.030333333333334,0.0,71.83333333333333,0.0,956.5,14.5,657.0,3.0,24.0,13.0,14576.413999999999,-14.604166666666666,586177.0626666667,0.3285,20.8645,0.492,1309.0,35.706245,51.266842,5.0,45.0,0.2617993877991495,0.0,0.0
2025-01-08 10:15:24,12.3,12.3,10.5,9.9,419200,13.450000000000001,1.0,32.0,28.231333333333335,34.166666666666664,4.055499999999999,0.0,72.5,0.0,952.9166666666666,14.5,657.0,3.0,24.0,13.0,14576.413999999999,-14.708333333333334,588158.4791666666,0.33066666666666666,20.833166666666667,0.492,1309.0,35.706247,51.26684600000001,5.0,45.0,-0.2617993877991495,0.0,0.0
2025-01-08 10:15:30,13.1,13.1,11.6,10.6,463980,13.466666666666667,1.0,32.0,28.233333333333334,34.333333333333336,4.033,0.0,73.0,0.0,956.9166666666666,14.5,654.5,3.0,24.0,13.0,14576.413999999999,-13.916833333333335,590143.7605,0.33233333333333337,20.854,0.492,1309.0,35.706257,51.2668495,5.0,189.74,-0.10294533704679888,0.0,0.0
2025-01-08 10:15:36,52.4,51.8,33.4,12.1,490830,13.5,1.0,32.0,28.233999999999998,34.5,4.043166666666667,0.0,73.66666666666667,0.0,950.4166666666666,14.5,654.0,3.0,24.0,13.0,14576.413999999999,-13.052,592126.2188333333,0.32866666666666666,20.87516666666667,0.492,1309.0,35.706268,51.266853,5.0,31.09,0.10294533704679883,0.0,0.0
2025-01-08 10:15:42,185.6,179.9,54.7,13.5,498300,13.483333333333334,1.0,32.0,28.235,34.5,4.085166666666667,0.0,74.16666666666667,0.0,954.9166666666666,14.5,655.5,3.0,24.0,13.0,14576.413999999999,-13.208166666666665,594120.302,0.3315,20.87516666666667,0.492,1309.0,35.706276,51.2668495,5.0,135.0,-0.2617993877991495,0.0,0.0
2025-01-08 10:15:48,86.3,65.9,10.4,9.7,413590,13.5,1.0,32.0,28.235,34.5,4.069833333333333,0.0,75.0,0.0,952.4583333333334,14.5,654.0,3.0,24.0,13.0,14576.413999999999,-13.8335,596093.1458333334,0.3285,20.86466666666667,0.492,1309.0,35.706274,51.26684600000001,5.0,225.0,-0.2617993877991495,0.0,0.0
2025-01-08 10:15:54,67.2,62.5,17.0,10.3,428510,13.416666666666666,1.0,32.666666666666664,28.235,35.333333333333336,4.296,0.0,75.33333333333333,0.0,961.2916666666666,14.5,654.0,3.0,24.0,13.5,14576.413999999999,-14.406500000000001,598129.9686666667,0.3595,20.69783333333333,0.492,1309.0,35.706272,51.266842,5.0,225.0,0.2617993877991495,0.0,0.0
2025-01-08 10:16:00,143.7,132.4,15.6,10.2,431470,13.366666666666667,1.0,33.0,28.156166666666667,35.333333333333336,5.700166666666667,1.7328333333333334,75.33333333333333,0.16666666666666666,1259.9166666666667,14.5,654.0,3.0,18.666666666666668,14.0,14576.413999999999,-13.343666666666666,600808.677,0.44650000000000006,19.968999999999998,0.492,1309.0,35.706268,51.266842,5.0,205.46,-0.3754784997457135,0.027777777777777776,0.0
2025-01-08 10:16:06,46.3,35.2,10.6,10.2,439730,13.333333333333334,1.0,33.0,26.596500000000002,38.0,4.409166666666667,0.0,74.33333333333333,1.0,909.4583333333334,14.5,651.0,3.0,24.0,14.0,14576.413999999999,-8.948,603174.0936666667,0.37166666666666665,20.510666666666665,0.492,1309.0,35.706264,51.26684600000001,5.0,140.92,0.0,0.1388888888888889,0.0
2025-01-08 10:16:12,814.7,796.9,422.1,38.6,945270,13.4,33.0,33.0,24.73783333333333,38.5,4.531166666666667,0.0,72.66666666666667,1.3333333333333333,927.2916666666666,14.5,648.5,3.0,24.0,14.0,14576.418,-11.375166666666667,605404.5103333333,0.37333333333333335,20.5415,0.492,1309.0,35.706258999999996,51.266856999999995,5.0,119.71999999999998,-0.05614142427248422,0.055555555555555546,0.0
2025-01-08 10:16:18,825.3,654.2,14.8,11.3,449000,12.783333333333333,17.0,33.0,24.653833333333335,41.166666666666664,4.571833333333333,1.571,71.66666666666667,1.3333333333333333,853.9583333333334,14.5,645.0,3.0,24.0,5.0,14576.42,-0.8121666666666666,607802.0936666667,0.3595,20.145833333333332,0.492,1309.0,35.706255,51.266842,5.0,124.375,-0.677391371519866,0.0,0.0
2025-01-08 10:16:24,15.2,15.2,9.4,8.8,378850,13.366666666666667,1.0,33.0,25.67,37.0,5.559666666666668,5.729,71.0,5.166666666666667,1067.7916666666667,14.5,642.0,3.0,10.666666666666666,1.0,14576.425333333333,3.427,610093.9895,0.42133333333333334,20.07283333333333,0.492,1309.0,35.706221000000006,51.26684600000001,5.0,145.275,-0.19998564345768352,0.638888888888889,0.0
2025-01-08 10:16:30,11.6,11.6,9.6,8.9,386360,13.5,1.0,33.0,26.124666666666666,31.833333333333332,6.463333333333334,3.394,71.33333333333333,10.166666666666666,1574.9583333333333,14.5,640.0,3.0,13.333333333333334,1.0,14576.4395,-7.145833333333333,612875.0103333333,0.5141666666666667,19.385666666666665,0.492,1309.0,35.706089,51.26681299999999,5.0,194.42499999999998,0.05291256515629475,0.8333333333333331,0.0
2025-01-08 10:16:36,11.3,11.3,10.0,8.5,350820,13.416666666666666,1.0,33.0,27.519833333333334,32.666666666666664,3.8981666666666666,0.0,72.0,6.333333333333333,1089.5833333333333,14.5,641.5,3.0,21.333333333333332,1.0,14576.455,-15.385333333333334,615534.4375,0.33166666666666667,20.760166666666667,0.492,1309.0,35.7059555,51.266760000000005,5.0,201.485,0.029786952567369917,0.0,0.6388888888888888
2025-01-08 10:16:42,30.3,30.3,12.7,9.8,413240,13.366666666666667,1.0,33.0,25.8115,36.166666666666664,6.255,4.8065,72.5,3.0,1316.9166666666667,14.5,639.5,3.0,16.0,1.0,14576.462333333335,-1.7395000000000003,618115.2710000001,0.5216666666666666,19.645833333333332,0.492,1309.0,35.7058965,51.266731,5.0,195.28,-0.08269951772366467,0.0,0.5555555555555555
2025-01-08 10:16:48,16.3,16.1,10.3,9.0,383650,13.383333333333333,1.0,33.0,24.197999999999997,34.5,4.057166666666666,1.8228333333333335,73.0,6.5,1079.7916666666667,14.5,640.0,3.0,13.333333333333334,1.0,14576.471666666666,-7.947833333333333,620833.9791666666,0.3498333333333334,20.56266666666667,0.492,1309.0,35.705801,51.2666985,5.0,198.28,0.049887327786171276,0.5833333333333334,0.0
2025-01-08 10:16:54,16.5,15.9,10.4,9.3,393660,13.383333333333333,65.0,33.0,26.317666666666668,35.833333333333336,4.038333333333333,0.0,73.83333333333333,4.333333333333333,929.9166666666666,14.5,639.0,3.0,24.0,1.0,14576.480166666666,-12.718666666666666,622898.5311666667,0.339,20.7915,0.492,1309.0,35.7057345,51.266712500000004,5.0,146.39000000000001,-0.1989093570856204,0.0,0.36111111111111116
2025-01-08 10:17:00,16.4,16.4,11.1,8.6,362580,13.433333333333332,91.66666666666667,33.0,29.699166666666667,34.166666666666664,3.9821666666666666,0.0,74.66666666666667,7.666666666666667,987.0416666666666,14.5,642.0,3.0,24.0,1.1666666666666667,14576.489333333333,-15.812666666666667,624918.1563333333,0.33149999999999996,20.760166666666667,0.492,1309.0,35.7057055,51.266797999999994,5.0,108.54,-0.0780162175641466,0.5555555555555557,0.0
2025-01-08 10:17:06,17.6,17.6,12.1,9.0,382000,13.383333333333333,81.0,33.0,30.456500000000002,34.666666666666664,3.7298333333333336,0.0,75.16666666666667,5.666666666666667,935.7916666666666,14.5,645.0,3.0,24.0,1.0,14576.503333333334,-14.333166666666665,626856.5206666667,0.323,20.88533333333333,0.492,1309.0,35.7056945,51.26692,5.0,100.375,0.038193621797809225,0.0,0.3333333333333333
2025-01-08 10:17:12,21.4,19.0,10.0,8.8,371890,13.316666666666668,81.0,33.0,31.558833333333336,35.666666666666664,4.054666666666667,0.0,75.83333333333333,1.0,962.3333333333334,14.5,645.0,3.0,24.0,7.0,14576.508,-15.156500000000001,628891.1978333333,0.3518333333333333,20.687833333333334,0.492,1309.0,35.7056615,51.2669755,5.0,135.755,0.07516551311922239,0.0,0.7777777777777778
2025-01-08 10:17:18,17.4,17.4,10.7,9.0,384550,13.433333333333332,1.0,32.0,30.945666666666668,34.5,3.7801666666666667,0.0,75.5,0.0,944.4166666666666,14.5,647.5,3.0,24.0,13.0,14576.508,-13.739833333333332,630937.9063333333,0.31816666666666665,20.885666666666665,0.492,1288.0,35.705645,51.266983,8.5,180.0,0.11367911194656403,0.0,0.16666666666666666
2025-01-08 10:17:24,17.3,16.7,9.8,9.0,382250,13.433333333333332,1.0,32.0,30.80366666666667,34.5,3.906166666666667,0.0,73.66666666666667,0.0,949.2916666666666,14.5,648.0,3.0,24.0,13.0,14576.508,-12.333333333333334,632899.4896666667,0.3293333333333333,20.875,0.492,1266.0,35.705637,51.266991,12.0,150.81,0.0,0.0,0.0
2025-01-08 10:17:30,17.2,17.1,10.7,9.2,386810,13.016666666666666,1.0,33.0,29.918000000000003,40.5,3.6955000000000005,1.1403333333333332,71.66666666666667,1.1666666666666667,848.4166666666666,14.5,648.0,3.0,16.0,7.0,14576.509333333333,-5.531333333333333,635041.7293333333,0.34450000000000003,20.166833333333333,0.492,1267.0,35.705635,51.26700400000001,12.0,135.0,-0.2617993877991495,0.19444444444444445,0.0
2025-01-08 10:17:36,14.3,14.3,9.8,8.9,376650,13.116666666666667,33.0,33.0,29.013,41.333333333333336,4.685,4.6035,71.0,4.0,903.2083333333334,14.5,645.0,3.0,16.0,1.0,14576.515333333335,0.9375,637333.7916666666,0.379,19.9895,0.492,1270.0,35.705673499999996,51.267036499999996,12.0,19.79,-0.22142410443634727,0.47222222222222215,0.0
2025-01-08 10:17:42,18.2,18.0,10.6,8.8,371340,13.383333333333333,17.0,32.333333333333336,28.736500000000003,36.166666666666664,4.217,0.0,71.0,0.0,950.9583333333334,14.5,642.0,3.0,24.0,13.0,14576.519999999999,-13.4375,639429.7083333334,0.34600000000000003,20.74983333333333,0.492,1272.0,35.705686500000006,51.267052,12.0,90.0,0.2935352913645797,0.0,0.6666666666666666
2025-01-08 10:17:48,15.2,15.2,10.3,9.0,373740,13.416666666666666,1.0,32.0,27.867333333333335,34.833333333333336,4.054666666666667,0.0,71.33333333333333,0.0,951.8333333333334,14.5,642.0,3.0,24.0,13.0,14576.519999999999,-13.135333333333334,641459.25,0.3363333333333333,20.843500000000002,0.492,1272.0,35.7056885,51.267070999999994,12.0,66.42999999999999,-0.20923588849325356,0.0,0.0
2025-01-08 10:17:54,15.3,14.4,9.0,8.7,364630,13.4,1.0,32.0,27.542,34.666666666666664,4.028333333333333,0.0,72.0,0.0,961.9166666666666,14.5,643.0,3.0,24.0,13.0,14576.519999999999,-13.197833333333334,643476.1873333333,0.3365,20.906333333333333,0.492,1272.0,35.705694,51.267081999999995,12.0,45.0,-0.12467468623412838,0.0,0.0
2025-01-08 10:18:00,15.3,15.2,9.4,8.9,381750,13.433333333333332,1.0,32.0,27.658833333333334,34.333333333333336,3.9791666666666665,0.0,72.33333333333333,0.0,955.3333333333334,14.5,645.5,3.0,24.0,13.0,14576.519999999999,-14.166833333333335,645473.0414999999,0.328,20.8645,0.492,1272.0,35.705694,51.267081999999995,12.0,90.0,-0.5235987755982988,0.0,0.0
2025-01-08 10:18:06,13.5,13.5,10.2,8.5,360230,13.433333333333332,1.0,32.0,27.929666666666666,34.5,3.9768333333333334,0.0,73.16666666666667,0.0,949.9166666666666,14.5,648.0,3.0,24.0,13.0,14576.519999999999,-13.458166666666665,647445.0314999999,0.33033333333333337,20.895833333333332,0.492,1272.0,35.705694,51.267081999999995,12.0,90.0,-0.5235987755982988,0.0,0.0
2025-01-08 10:18:12,20.1,17.8,9.8,9.0,389010,13.450000000000001,1.0,32.0,28.072999999999997,34.333333333333336,3.9806666666666666,0.0,74.0,0.0,957.0833333333334,14.5,648.0,3.0,24.0,13.0,14576.519999999999,-13.520666666666665,649415.1458333334,0.327,20.854,0.492,1272.0,35.705692,51.267081999999995,12.0,180.0,-0.5235987755982988,0.0,0.0
2025-01-08 10:18:18,13.0,12.9,9.1,8.7,363480,13.416666666666666,1.0,32.0,28.14916666666667,34.5,3.978,0.0,74.83333333333333,0.0,953.9583333333334,14.5,650.5,3.0,24.0,13.0,14576.519999999999,-13.520833333333334,651382.8956666667,0.3265,20.906499999999998,0.492,1272.0,35.705688,51.267086000000006,12.0,135.0,-0.2617993877991495,0.0,0.0
2025-01-08 10:18:24,16.6,15.8,9.3,8.6,359880,13.416666666666666,1.0,32.0,28.1895,34.5,3.9981666666666666,0.0,75.33333333333333,0.0,953.1666666666666,14.5,651.0,3.0,24.0,13.0,14576.519999999999,-13.708166666666665,653367.1251666667,0.3285,20.843666666666667,0.492,1272.0,35.705692,51.26709,12.0,0.0,-0.2617993877991495,0.0,0.0
2025-01-08 10:18:30,16.1,16.1,12.2,10.4,431820,13.450000000000001,1.0,32.0,28.211,34.5,4.022833333333334,0.0,75.83333333333333,0.0,951.125,14.5,651.0,3.0,24.0,13.0,14576.519999999999,-12.135333333333334,655337.8853333333,0.32883333333333337,20.875,0.492,1272.0,35.705692,51.26709,12.0,0.0,0.0,0.0,0.0
2025-01-08 10:18:36,29.6,29.5,19.6,10.1,399970,13.416666666666666,1.0,32.0,28.222333333333335,34.333333333333336,4.011666666666667,0.0,75.83333333333333,0.0,960.2916666666666,14.5,651.0,3.0,24.0,13.0,14576.519999999999,-13.75,657324.3853333333,0.3295,20.843500000000002,0.492,1272.0,35.70569,51.26709,12.0,90.0,-0.5235987755982988,0.0,0.0
2025-01-08 10:18:42,29.4,29.2,10.9,9.6,395570,13.433333333333332,1.0,32.0,28.228333333333335,34.5,3.9523333333333333,0.0,74.5,0.0,950.125,14.5,651.0,3.0,24.0,13.0,14576.519999999999,-13.593833333333334,659295.2188333333,0.33,20.854,0.492,1272.0,35.705688,51.267097,12.0,90.0,-0.2617993877991495,0.0,0.0
2025-01-08 10:18:48,22.3,22.3,10.8,9.1,379000,13.4,1.0,32.0,28.23183333333333,34.333333333333336,3.977,0.0,72.5,0.0,951.5416666666666,14.5,651.5,3.0,24.0,13.0,14576.519999999999,-13.0,661291.2186666667,0.3333333333333333,20.916833333333333,0.492,1272.0,35.705685,51.267097,12.0,180.0,0.2617993877991495,0.0,0.0
2025-01-08 10:18:54,21.8,21.6,10.1,8.9,372940,13.433333333333332,1.0,33.0,28.233333333333334,36.0,4.434,0.12516666666666668,71.33333333333333,0.0,968.4583333333334,14.5,651.0,3.0,24.0,13.333333333333334,14576.519999999999,-14.979166666666666,663376.0105,0.37166666666666665,20.666666666666668,0.492,1272.0,35.705681,51.267097,12.0,180.0,0.0,0.0,0.0
2025-01-08 10:19:00,19.2,17.5,10.4,8.7,367690,12.466666666666667,1.0,33.0,27.3595,44.833333333333336,4.53,3.4663333333333335,71.0,1.1666666666666667,773.875,14.5,649.5,3.0,16.0,7.0,14576.519999999999,4.937333333333334,665647.1563333333,0.3893333333333333,19.375,0.492,1272.0,35.7056865,51.267097,12.0,90.0,-0.5235987755982988,0.19444444444444445,0.0
2025-01-08 10:19:06,13.7,13.7,10.2,9.1,385310,12.450000000000001,27.666666666666668,33.0,26.545666666666666,40.5,4.978000000000001,0.0,71.0,1.0,953.8333333333334,14.5,645.5,3.0,24.0,11.666666666666666,14576.523,-11.760333333333334,667845.3125,0.40116666666666667,20.229,0.492,1272.0,35.705706,51.267097,12.0,90.0,-0.5235987755982988,0.0,0.02777777777777779
2025-01-08 10:19:12,18.9,18.3,10.0,8.3,336360,12.183333333333332,33.0,33.0,25.738166666666668,41.5,5.746666666666667,0.9923333333333333,72.0,0.8333333333333334,1087.4166666666667,14.5,642.0,3.0,21.333333333333332,13.5,14576.525,-7.0105,670391.8853333333,0.461,19.708333333333332,0.492,1275.5,35.7056885,51.267104999999994,12.0,165.785,0.0,0.0,0.027777777777777773
2025-01-08 10:19:18,20.3,19.7,10.5,9.5,400820,12.316666666666668,33.0,33.0,24.744,43.666666666666664,5.273333333333333,0.3815,72.33333333333333,0.8333333333333334,942.625,14.5,639.0,3.0,24.0,11.666666666666666,14576.527,-5.5729999999999995,673362.5625,0.47150000000000003,19.645666666666667,0.492,1279.0,35.705681000000006,51.267101,12.0,205.46,-0.11367911194656403,0.0,0.0
2025-01-08 10:19:24,156.5,152.9,81.4,14.9,480810,12.700000000000001,17.0,33.0,24.5365,48.166666666666664,5.878833333333333,6.077500000000001,73.0,1.6666666666666667,896.7916666666666,14.5,635.5,3.0,16.0,5.166666666666667,14576.528333333334,7.5939999999999985,676027.0103333333,0.5078333333333332,18.885166666666667,0.492,1279.0,35.7056695,51.267101,12.0,213.29,0.0455530934770522,0.1388888888888889,0.0
2025-01-08 10:19:30,183.9,174.0,26.7,10.7,409390,13.4,1.0,33.0,24.218833333333333,33.0,5.797499999999999,2.863,73.5,7.666666666666667,1311.75,14.5,635.0,3.0,21.333333333333332,1.0,14576.537666666665,-9.697999999999999,678873.2293333333,0.43616666666666665,19.823,0.492,1278.0,35.705588999999996,51.267104999999994,12.0,180.0,0.06812601846951195,1.0,0.0
2025-01-08 10:19:36,106.4,105.5,36.5,12.5,453360,13.366666666666667,81.0,33.0,27.397666666666666,33.166666666666664,4.2005,0.0,74.5,5.833333333333333,1046.8333333333333,14.5,642.0,3.0,24.0,1.0,14576.551666666666,-14.718666666666666,681149.0311666667,0.36116666666666664,20.698,0.492,1276.5,35.7054975,51.2670655,12.0,208.495,0.09846565863334673,0.0,0.30555555555555564
2025-01-08 10:19:42,220.9,213.0,60.3,15.8,481860,12.9,1.0,33.0,26.1845,42.666666666666664,4.174333333333333,3.8503333333333334,75.33333333333333,4.0,808.75,14.5,641.0,3.0,13.333333333333334,1.0,14576.558166666668,5.572833333333333,683186.7606666667,0.3988333333333333,19.968833333333333,0.492,1274.5,35.7054555,51.267011999999994,12.0,232.67,0.09427686842856035,0.0,0.3055555555555555
2025-01-08 10:19:48,99.8,75.4,24.9,11.6,420000,13.316666666666668,17.0,33.0,23.894000000000002,36.833333333333336,4.386666666666667,1.1611666666666667,76.0,4.833333333333333,956.5,14.5,639.0,3.0,21.333333333333332,1.0,14576.567333333332,-10.458333333333334,685407.4063333333,0.3498333333333334,20.583166666666667,0.492,1272.5,35.705448,51.2669105,12.0,270.0,0.06905686073724233,0.13888888888888884,0.0
2025-01-08 10:19:54,158.1,156.8,67.6,21.3,625910,13.433333333333332,81.0,33.0,25.619500000000002,36.333333333333336,4.2965,0.0,76.0,0.8333333333333334,961.375,14.5,637.0,3.0,24.0,9.0,14576.573333333334,-14.354166666666666,687470.2813333333,0.3575,20.6665,0.492,1271.0,35.705446,51.266864999999996,12.0,254.18999999999997,-0.09197885158010118,0.0,0.6666666666666666
2025-01-08 10:20:00,173.5,166.2,47.8,15.8,503260,13.416666666666666,97.0,33.0,26.49383333333333,36.333333333333336,4.322500000000001,0.0,74.5,0.0,955.2083333333334,14.5,636.0,3.0,24.0,13.0,14576.574,-14.875,689622.6561666667,0.35716666666666663,20.666999999999998,0.492,1271.0,35.705441,51.266853,12.0,245.21,0.019867664651868816,0.0,0.1388888888888889
2025-01-08 10:20:06,63.2,60.8,15.4,9.3,379600,13.4,81.0,33.0,27.214,36.166666666666664,4.716833333333334,2.509,72.33333333333333,0.0,959.375,14.5,636.0,3.0,24.0,13.0,14576.574,-13.333333333333334,691758.4168333333,0.37399999999999994,20.718999999999998,0.492,1270.0,35.705439000000005,51.266842,12.0,254.18999999999997,-0.019867664651868833,0.0,0.0
2025-01-08 10:20:12,17.1,17.1,10.7,9.3,395420,13.383333333333333,1.0,33.0,22.974833333333333,48.333333333333336,14.497333333333332,16.944333333333333,71.0,12.166666666666666,2421.5416666666665,14.5,645.5,3.0,10.666666666666666,3.0,14576.578666666668,21.739500000000003,696917.6145,1.3190000000000002,18.6145,0.492,1268.5,35.7054575,51.2666915,12.0,279.56,0.12258029113173503,2.0277777777777777,0.0
2025-01-08 10:20:18,22.9,22.9,13.2,10.1,427010,13.416666666666666,17.0,33.0,23.8235,34.833333333333336,7.585166666666666,5.110666666666667,71.0,20.0,1812.4166666666667,14.5,657.5,3.0,16.0,1.8333333333333333,14576.609333333334,-6.916833333333333,702547.125,0.6483333333333333,19.406333333333333,0.492,1264.5,35.70552300000001,51.26631749999999,12.0,283.59999999999997,0.016289739685280476,1.3055555555555556,0.0
2025-01-08 10:20:24,36.1,36.1,22.2,11.3,425860,13.416666666666666,1.0,32.333333333333336,21.7435,58.166666666666664,16.364833333333333,21.878500000000003,71.0,27.666666666666668,2288.5833333333335,14.5,664.5,3.0,8.0,2.0,14576.645833333334,40.6875,708815.594,1.561,17.69783333333333,0.492,1261.5,35.7056025,51.265863499999995,12.0,281.46,-0.008697557439105106,1.277777777777778,0.0
2025-01-08 10:20:30,226.3,68.7,37.2,15.0,445690,13.466666666666667,1.0,32.333333333333336,20.24866666666667,39.5,12.916000000000002,7.266166666666667,72.16666666666667,38.5,2941.0416666666665,14.116666666666667,692.5,3.0,13.333333333333334,2.1666666666666665,14576.7025,1.2186666666666666,717846.9686666667,1.0671666666666666,20.021,0.492,1261.0,35.7057285,51.2651825,12.0,282.99,0.0018325957145940333,1.8055555555555554,0.0
2025-01-08 10:20:36,255.6,254.8,120.3,33.9,622440,13.483333333333334,1.0,32.0,19.137666666666664,43.666666666666664,12.518333333333333,12.134666666666666,73.5,38.833333333333336,2183.1666666666665,13.583333333333334,702.0,3.0,13.333333333333334,3.0,14576.766166666666,13.84366666666667,723918.5938333333,1.3068333333333333,18.937166666666666,0.492,1261.5,35.7059995,51.264555,12.0,308.10999999999996,0.11347549020049796,0.05555555555555595,0.0
2025-01-08 10:20:42,95.8,95.8,30.7,12.0,423510,13.466666666666667,1.0,32.0,12.856833333333334,92.16666666666667,39.60333333333333,30.168666666666667,74.83333333333333,48.666666666666664,2768.9583333333335,14.5,740.5,3.0,8.0,3.0,14576.835833333333,84.43733333333334,737069.5521666667,3.1225,18.8855,0.492,1263.5,35.706646,51.264465,12.0,182.79999999999998,0.13261593433070254,1.6388888888888882,0.0
2025-01-08 10:20:48,35.5,35.3,16.8,9.3,362830,13.483333333333334,1.0,32.0,15.865166666666667,46.833333333333336,19.143666666666668,12.846499999999999,75.5,58.5,3310.5416666666665,14.116666666666667,793.0,3.0,16.0,3.0,14576.927833333333,7.448,753153.5311666667,1.6805,19.729,0.492,1266.5,35.7075235,51.264663500000005,12.0,11.26,0.010297442586766521,1.6388888888888893,0.0
2025-01-08 10:20:54,25.4,25.4,13.3,9.6,400670,13.450000000000001,81.0,32.166666666666664,24.953500000000002,32.666666666666664,9.3195,0.0,72.83333333333333,42.833333333333336,2352.6666666666665,14.15,796.5,3.0,24.0,3.1666666666666665,14577.016833333333,-34.573,756601.5416666666,0.1731666666666667,20.041833333333333,0.492,1268.5,35.708259500000004,51.264863999999996,12.0,12.6,0.001308996938995714,0.0,2.6111111111111107
2025-01-08 10:21:00,54.6,54.6,32.2,12.7,414590,13.416666666666666,17.0,32.5,28.658833333333334,50.0,11.138,14.431166666666664,72.0,22.166666666666668,1637.2083333333333,14.5,791.0,3.0,13.333333333333334,2.3333333333333335,14577.068333333335,23.791666666666668,759424.177,1.1225,18.291666666666668,0.492,1269.5,35.7086445,51.264961,12.0,10.799999999999999,-0.008086692200907065,0.0,3.4444444444444446
2025-01-08 10:21:06,51.8,51.2,23.0,11.2,407130,13.5,1.0,32.0,24.862166666666667,35.5,10.242333333333333,10.588500000000002,72.66666666666667,28.0,2308.0833333333335,14.5,785.5,3.0,8.0,2.0,14577.11,5.573,766051.2813333333,0.8861666666666667,19.82283333333333,0.492,1270.0,35.709053,51.265066499999996,12.0,12.42,0.007650359887908465,0.972222222222222,0.0
2025-01-08 10:21:12,36.4,36.4,15.9,9.4,374590,13.450000000000001,1.0,32.166666666666664,22.165166666666664,67.66666666666667,26.583333333333332,22.980333333333334,73.5,38.166666666666664,3061.4583333333335,14.5,801.5,3.0,10.666666666666666,2.0,14577.161,56.5935,776096.4581666667,2.5885000000000002,17.802,0.492,1270.5,35.709572,51.2652185,12.0,13.600000000000001,0.002996148549256935,1.694444444444444,0.0
2025-01-08 10:21:18,119.9,119.8,79.6,23.6,573580,13.483333333333334,1.0,32.166666666666664,20.406666666666666,61.666666666666664,20.725833333333334,25.005166666666668,75.16666666666667,49.833333333333336,2822.0416666666665,14.5,818.5,3.0,8.0,3.0,14577.235833333334,50.7605,789161.4375,2.0966666666666667,17.729166666666668,0.492,1271.5,35.710296500000005,51.265417500000005,12.0,12.270000000000001,-0.003868813175254133,1.9444444444444453,0.0
2025-01-08 10:21:24,83.9,81.5,31.0,13.6,455710,13.5,1.0,32.0,24.76,31.833333333333332,9.955666666666668,0.0,76.33333333333333,46.0,2592.25,14.466666666666667,815.0,3.0,24.0,3.0,14577.318333333335,-35.7395,795559.2291666666,0.075,20.104,0.492,1273.5,35.711029,51.26560800000001,12.0,11.800000000000002,-0.0012508192972626234,0.0,0.6388888888888893
2025-01-08 10:21:30,62.0,61.8,21.3,11.7,432320,13.5,1.0,32.0,27.308833333333336,36.0,9.066666666666666,8.266166666666667,73.66666666666667,34.833333333333336,1987.625,14.116666666666667,807.0,3.0,10.666666666666666,3.0,14577.384666666667,3.4896666666666665,798390.3853333333,0.8113333333333334,19.458333333333332,0.492,1275.5,35.711594,51.2657565,12.0,12.15,0.0010471975511966382,0.0,1.8611111111111107
2025-01-08 10:21:36,42.3,41.7,22.6,11.6,429210,13.483333333333334,1.0,32.0,26.476333333333333,46.833333333333336,10.306833333333334,10.390833333333333,72.0,28.666666666666668,1633.4166666666667,14.5,798.5,3.0,8.0,3.0,14577.4375,22.510499999999997,803352.1146666667,0.9641666666666667,17.927,0.492,1277.5,35.712044,51.26588649999999,12.0,13.76,0.0058759418150476075,0.0,1.027777777777778
2025-01-08 10:21:42,34.4,32.7,16.0,11.0,439630,13.483333333333334,1.0,32.0,23.248166666666666,62.333333333333336,15.778666666666666,20.633333333333333,72.66666666666667,27.0,1534.875,14.5,789.5,3.0,8.0,3.0,14577.484333333334,49.38566666666667,809317.5103333333,1.2818333333333334,16.4895,0.492,1279.5,35.7124595,51.265997,12.0,11.805,-0.004014257279586945,0.0,0.27777777777777796
2025-01-08 10:21:48,26.3,26.3,17.1,10.8,423050,13.483333333333334,1.0,32.0,18.872,78.0,27.763333333333335,27.0325,73.5,33.166666666666664,1897.7083333333333,14.5,785.5,3.0,8.0,3.0,14577.532666666666,73.74983333333334,818066.2813333333,1.9108333333333334,15.885666666666665,0.492,1282.0,35.712930500000006,51.266126500000006,12.0,12.495,-0.0013962634015954338,1.0277777777777775,0.0
2025-01-08 10:21:54,15.1,15.1,11.7,9.4,396470,13.5,1.0,32.666666666666664,17.948833333333333,55.333333333333336,19.610666666666667,16.411833333333334,74.83333333333333,42.5,2129.2083333333335,14.5,802.5,3.0,13.333333333333334,3.5,14577.595666666666,35.09366666666667,830335.9895,1.4823333333333333,17.8855,0.492,1285.0,35.7135525,51.2663,12.0,12.839999999999998,0.0013380857598623431,1.555555555555556,0.0
2025-01-08 10:22:00,14.6,14.6,10.7,9.2,394520,13.483333333333334,1.0,32.833333333333336,19.347166666666666,86.83333333333333,32.34966666666667,30.241666666666664,76.5,40.666666666666664,1706.6666666666667,14.5,799.5,3.0,8.0,4.0,14577.663333333332,86.0835,837954.7085000001,1.9766666666666666,14.948,0.492,1287.5,35.714167,51.266406999999994,12.0,5.595,-0.029699686104770206,0.0,0.30555555555555597
2025-01-08 10:22:06,16.0,16.0,12.4,8.9,380200,13.466666666666667,1.0,32.0,16.935,77.5,27.614833333333333,25.868,75.83333333333333,54.5,2271.0416666666665,14.033333333333333,808.5,3.0,10.666666666666666,4.0,14577.742166666665,68.42716666666666,852129.1563333333,2.1145,16.48966666666667,0.492,1288.0,35.714943,51.266397500000004,12.0,178.16,-0.01722058195301093,2.305555555555556,0.0
2025-01-08 10:22:12,21.0,21.0,14.2,9.3,382200,13.466666666666667,1.0,32.0,21.585166666666666,53.5,15.248166666666668,14.811166666666667,73.0,57.333333333333336,2399.5833333333335,14.5,805.0,3.0,10.666666666666666,4.0,14577.835833333333,26.531333333333333,860574.5311666667,1.3653333333333333,18.26033333333333,0.492,1288.0,35.71582,51.266335999999995,12.0,356.595,-0.0018907733563271252,0.4722222222222226,0.0
2025-01-08 10:22:18,29.9,29.9,18.9,10.2,379150,13.483333333333334,1.0,32.0,25.259833333333333,41.0,12.245833333333332,7.913666666666667,73.0,55.833333333333336,2324.6666666666665,14.283333333333333,799.5,3.0,18.666666666666668,4.0,14577.929833333334,-9.906333333333334,866401.6356666667,0.6661666666666667,19.24983333333333,0.492,1289.0,35.716692,51.26626000000001,12.0,356.09,0.001541707505928245,0.0,0.25
2025-01-08 10:22:24,43.1,43.1,21.9,11.1,400270,13.466666666666667,1.0,32.0,26.427999999999997,43.833333333333336,12.496333333333332,9.890833333333333,74.16666666666667,55.5,2316.3333333333335,14.5,794.5,3.0,13.333333333333334,4.0,14578.023333333333,4.427166666666667,872993.0726666666,0.9035000000000001,19.06233333333333,0.492,1289.0,35.7175425,51.266178,12.0,355.215,-0.0036361026083215203,0.0,0.05555555555555595
2025-01-08 10:22:30,85.3,81.1,35.9,13.4,412090,13.483333333333334,1.0,32.0,27.0775,51.333333333333336,15.5775,14.081000000000001,75.16666666666667,53.333333333333336,2215.4583333333335,14.5,790.5,3.0,13.333333333333334,4.0,14578.111833333334,18.9585,878069.4168333333,1.1176666666666666,18.25,0.492,1289.0,35.718363000000004,51.266052,12.0,351.99,-0.01032653140763315,0.0,0.3611111111111107
2025-01-08 10:22:36,111.3,111.3,43.4,13.8,397320,13.450000000000001,1.0,32.0,27.743,33.333333333333336,9.075166666666666,0.0,76.0,51.333333333333336,2137.9583333333335,14.5,787.5,3.0,24.0,4.0,14578.2005,-37.989666666666665,883168.9475000001,0.0,19.61466666666667,0.492,1289.0,35.71917,51.265886,12.0,350.2,-0.00363610260832152,0.0,0.3333333333333333
2025-01-08 10:22:42,121.9,121.7,57.4,16.3,428160,13.433333333333332,1.0,32.0,30.160666666666668,37.833333333333336,8.230833333333333,2.524833333333333,74.33333333333333,42.166666666666664,1770.2083333333333,14.450000000000001,780.0,3.0,18.666666666666668,4.0,14578.279333333334,-21.573166666666665,883718.1246666666,0.36400000000000005,18.948,0.492,1289.0,35.719839,51.2657185,12.0,347.59999999999997,-0.00962839970683539,0.0,1.5277777777777786
2025-01-08 10:22:48,75.5,75.5,32.6,12.3,368440,13.466666666666667,1.0,32.0,30.471833333333333,33.333333333333336,6.4925,3.7025,72.0,37.0,1548.2916666666667,14.5,771.0,3.0,10.666666666666666,4.0,14578.345000000001,-4.0103333333333335,886753.0103333333,0.4885,19.364333333333335,0.492,1289.5,35.7204135,51.2655315,12.0,344.77,-0.004828744263850886,0.0,0.8611111111111107
2025-01-08 10:22:54,85.7,83.4,40.2,14.7,430620,13.383333333333333,1.0,32.0,28.165999999999997,71.33333333333333,21.89,23.0805,72.0,38.0,1602.9166666666667,14.5,765.0,3.0,8.0,4.0,14578.405666666666,62.239666666666665,892153.7291666666,1.5018333333333331,16.083333333333332,0.492,1289.5,35.720966499999996,51.265356,12.0,345.67,0.0014253522224620622,0.16666666666666666,0.0
2025-01-08 10:23:00,80.3,80.2,41.1,15.8,434370,13.450000000000001,1.0,32.0,22.980333333333334,76.5,24.596999999999998,28.86,72.33333333333333,48.5,2044.4583333333333,14.5,766.0,3.0,8.0,4.0,14578.477166666666,77.21866666666666,902747.875,1.9611666666666665,16.07283333333333,0.492,1290.5,35.72164,51.265088999999996,12.0,340.945,-0.015882496193148504,1.75,0.0
2025-01-08 10:23:06,83.8,83.6,43.4,15.4,441580,13.433333333333332,1.0,32.0,21.0005,70.83333333333333,23.391333333333336,24.968999999999998,73.5,59.5,2488.5416666666665,14.5,781.5,3.0,8.0,4.0,14578.567000000001,60.458499999999994,916018.8333333334,1.9721666666666666,17.125166666666665,0.492,1292.5,35.722456,51.2647015,12.0,338.35,-0.007243116395776329,1.8333333333333333,0.0
2025-01-08 10:23:12,82.3,82.1,42.5,14.2,410590,13.416666666666666,1.0,32.0,23.95583333333333,52.166666666666664,15.819333333333333,21.306833333333334,75.33333333333333,62.166666666666664,2593.7083333333335,14.5,782.5,3.0,8.0,4.0,14578.668,33.6875,926210.9581666667,1.6271666666666667,18.301833333333335,0.492,1294.5,35.7233335,51.264229,12.0,335.82,-0.006719517620178175,0.44444444444444403,0.0
2025-01-08 10:23:18,83.1,83.0,47.8,16.7,431570,13.450000000000001,1.0,32.0,25.316666666666666,50.0,15.386000000000001,20.1305,76.33333333333333,63.833333333333336,2655.625,14.5,779.5,3.0,8.0,4.0,14578.7715,29.395666666666667,936116.125,1.5255,18.531333333333333,0.492,1295.5,35.7242185,51.2637085,12.0,334.075,-0.004712388980384703,0.27777777777777857,0.0
2025-01-08 10:23:24,77.1,75.3,28.2,11.8,360780,13.416666666666666,1.0,32.0,26.596,47.833333333333336,14.558,19.221,73.5,62.333333333333336,2602.9583333333335,14.5,776.5,3.0,8.0,4.0,14578.877,25.9375,944551.3436666667,1.4308333333333334,18.68766666666667,0.492,1298.0,35.7250995,51.263187499999994,12.0,334.685,0.0038106355335209598,0.0,0.25
2025-01-08 10:23:30,137.8,55.2,27.2,10.3,335560,13.416666666666666,1.0,32.0,27.079166666666666,53.833333333333336,16.430666666666667,21.8565,72.83333333333333,61.333333333333336,2563.9166666666665,14.5,774.0,3.0,8.0,4.0,14578.979833333333,37.177,953264.208,1.6903333333333332,18.208333333333332,0.492,1301.0,35.7259675,51.262695,12.0,335.375,0.0012217304763959115,0.0,0.16666666666666666
2025-01-08 10:23:36,43.1,42.9,18.1,8.9,314840,13.433333333333332,1.0,32.0,25.904666666666667,59.5,18.325833333333332,24.501666666666665,73.66666666666667,63.833333333333336,2665.625,14.5,774.0,3.0,8.0,4.0,14579.084,46.135333333333335,964431.7083333334,1.9016666666666666,17.739833333333333,0.492,1303.5,35.726859999999995,51.2621995,12.0,335.695,-0.000523598775598318,0.4166666666666667,0.0
2025-01-08 10:23:42,42.8,42.8,18.4,10.5,384650,13.416666666666666,1.0,32.0,25.753,56.833333333333336,17.698166666666665,23.865,75.5,65.66666666666667,2738.2916666666665,14.5,774.0,3.0,8.0,4.0,14579.190833333334,41.927,975410.1668333333,1.8178333333333334,18.0,0.492,1305.5,35.7277735,51.2616615,12.0,334.15500000000003,-0.003432480862255369,0.30555555555555597,0.0
2025-01-08 10:23:48,36.8,36.5,18.7,10.5,389860,13.4,1.0,32.0,26.099500000000003,48.666666666666664,15.398666666666665,19.387333333333334,76.66666666666667,66.83333333333333,2787.625,14.5,774.0,3.0,8.0,4.0,14579.300833333333,27.656000000000002,985882.8853333333,1.5171666666666666,18.7395,0.492,1307.0,35.728702500000004,51.261112499999996,12.0,334.585,0.002472549773658535,0.19444444444444287,0.0
2025-01-08 10:23:54,45.2,44.9,24.6,12.2,410040,13.483333333333334,1.0,32.0,27.01516666666667,49.5,15.717500000000001,20.868333333333332,73.83333333333333,66.83333333333333,2777.5416666666665,14.5,772.0,3.0,8.0,4.0,14579.4115,29.625,994905.4896666667,1.5618333333333334,18.604333333333333,0.492,1308.0,35.729629499999994,51.260559,12.0,333.835,-0.0035488361457217178,0.0,0.0
2025-01-08 10:24:00,51.0,50.9,27.9,14.2,490780,13.450000000000001,1.0,32.0,27.44366666666667,50.5,16.165333333333333,21.5515,73.16666666666667,67.33333333333333,2809.6666666666665,14.5,769.0,3.0,8.0,4.0,14579.522833333334,31.510333333333335,1004498.823,1.6336666666666666,18.531000000000002,0.492,1309.5,35.7305625,51.2599925,12.0,333.87,0.0012508192972626223,0.08333333333333333,0.0
2025-01-08 10:24:06,48.8,48.8,29.2,13.8,447290,13.466666666666667,1.0,32.0,27.009833333333333,50.666666666666664,16.385833333333334,21.935000000000002,74.5,68.33333333333333,2846.625,14.5,766.0,3.0,8.0,4.0,14579.634833333332,32.4585,1014410.0105,1.683,18.604333333333333,0.492,1310.5,35.731518,51.259460499999996,12.0,336.45,0.009075712110370362,0.16666666666666666,0.0
2025-01-08 10:24:12,34.8,34.8,21.2,12.5,444940,13.5,1.0,32.0,27.364500000000003,41.166666666666664,13.4835,16.446833333333334,76.0,68.0,2826.125,14.5,765.0,3.0,8.0,4.0,14579.748666666666,16.17716666666667,1023830.2605,1.2770000000000001,19.458333333333332,0.492,1312.0,35.732496,51.258987499999996,12.0,339.15000000000003,0.006748606441044886,0.0,0.05555555555555477
2025-01-08 10:24:18,33.0,33.0,19.8,11.3,412040,13.466666666666667,1.0,32.0,27.27116666666667,41.0,12.8165,15.883000000000001,75.66666666666667,64.16666666666667,2669.0416666666665,14.5,762.5,3.0,8.0,4.0,14579.858,14.7295,1030830.75,1.1936666666666667,19.427,0.492,1314.5,35.7334535,51.25861749999999,12.0,344.98,0.026965336943312334,0.0,0.6388888888888881
2025-01-08 10:24:24,30.2,30.2,19.8,12.9,486880,13.5,1.0,32.0,19.7155,49.166666666666664,14.788833333333335,19.610333333333333,73.16666666666667,61.5,2564.7083333333335,14.5,759.5,3.0,8.0,4.0,14579.962333333335,28.822666666666663,1038515.6353333333,1.4641666666666666,18.552,0.492,1316.0,35.7343865,51.258720000000004,12.0,13.135,0.09235700625136652,0.0,0.44444444444444525
2025-01-08 10:24:30,25.5,25.5,16.5,12.2,481060,13.5,1.0,32.0,13.4965,53.666666666666664,15.921833333333334,21.989500000000003,73.5,62.0,2567.125,14.5,756.5,3.0,8.0,4.0,14580.064333333334,36.23983333333334,1047911.3645,1.6233333333333333,18.145833333333332,0.492,1317.5,35.735134499999994,51.259396,12.0,43.385,0.08357218234966186,0.08333333333333333,0.0
2025-01-08 10:24:36,23.8,23.8,15.9,11.7,457510,13.5,1.0,32.0,10.509833333333333,54.166666666666664,16.555666666666667,22.652333333333335,74.83333333333333,64.16666666666667,2664.75,14.5,753.5,3.0,8.0,4.0,14580.168,37.895833333333336,1057887.5,1.6823333333333332,18.198,0.492,1318.5,35.7355025,51.260471499999994,12.0,75.485,0.09898925740894508,0.3611111111111119,0.0
2025-01-08 10:24:42,24.9,24.7,16.7,11.6,463680,13.5,1.0,32.0,11.462166666666667,48.166666666666664,15.593333333333334,20.2645,76.5,68.66666666666667,2866.0,14.5,753.5,3.0,8.0,4.0,14580.278,27.822999999999997,1067795.4791666667,1.5613333333333335,18.770833333333332,0.492,1317.5,35.735577,51.26174,12.0,86.46499999999999,0.007272205216643041,0.75,0.0
2025-01-08 10:24:48,21.1,21.1,13.4,10.7,442540,13.5,1.0,32.0,17.961,35.5,12.071333333333333,6.496666666666667,74.5,69.66666666666667,2880.5,14.299999999999999,753.5,3.0,18.666666666666668,4.0,14580.3945,-18.323,1074524.7291666667,0.5148333333333334,20.0,0.492,1316.0,35.7356435,51.2630615,12.0,86.71999999999998,0.003054326190990027,0.16666666666666666,0.0
2025-01-08 10:24:54,18.6,18.6,14.1,10.6,437280,13.5,1.0,32.0,20.368333333333332,54.166666666666664,17.951166666666666,21.648666666666667,73.0,68.83333333333333,2870.0416666666665,14.5,762.5,3.0,8.0,4.0,14580.506666666666,37.947833333333335,1082208.9166666667,1.8295000000000001,18.5,0.492,1316.5,35.735695,51.264353,12.0,87.135,-0.0005817764173314096,0.0,0.13888888888889048
2025-01-08 10:25:00,31.4,30.8,21.3,13.0,500510,13.5,1.0,32.0,22.40833333333333,41.666666666666664,13.843499999999999,16.604,73.83333333333333,68.5,2848.25,14.5,765.0,3.0,8.0,4.0,14580.622333333333,17.198333333333334,1091776.7708333333,1.3303333333333334,19.427,0.492,1320.0,35.735758,51.2656495,12.0,86.435,-0.0015998851476615018,0.0,0.05555555555555477
2025-01-08 10:25:06,1617.0,73.9,14.6,13.0,514240,13.5,1.0,32.0,23.64533333333333,51.0,16.033166666666666,21.377333333333336,75.5,66.0,2746.5833333333335,14.5,762.5,3.0,8.0,4.0,14580.733166666667,32.2605,1099909.375,1.6340000000000001,18.5625,0.492,1322.5,35.735814999999995,51.26690299999999,12.0,86.995,0.002298016848459177,0.0,0.4166666666666667
2025-01-08 10:25:12,26.8,26.8,16.2,12.2,485520,13.5,1.0,32.0,22.587333333333333,37.5,11.414,7.9558333333333335,76.66666666666667,64.0,2676.9166666666665,14.5,763.5,3.0,10.666666666666666,4.0,14580.841833333334,0.3126666666666675,1108420.7708333333,0.8555,19.729,0.492,1324.0,35.735836,51.2681315,12.0,90.25,0.016318828506146937,0.0,0.3333333333333333
2025-01-08 10:25:18,46.7,43.0,16.9,11.8,460520,13.516666666666666,1.0,32.0,18.30633333333333,35.5,10.377833333333333,6.4585,73.83333333333333,59.166666666666664,2461.1666666666665,14.216666666666667,759.5,3.0,13.333333333333334,4.0,14580.944000000001,-4.1145,1113660.2916666667,0.8358333333333334,19.791833333333333,0.492,1324.0,35.7356055,51.269226,12.0,110.295,0.06478080406985622,0.0,0.8055555555555559
2025-01-08 10:25:24,28.2,28.1,17.5,12.0,480110,13.5,1.0,32.0,15.066166666666668,48.166666666666664,13.6815,16.0135,73.0,58.333333333333336,2428.875,14.5,754.5,3.0,8.0,4.0,14581.040333333332,24.927000000000003,1119411.625,1.2843333333333333,18.68766666666667,0.492,1323.5,35.735113000000005,51.2701355,12.0,127.605,0.0462221363569832,0.0,0.1388888888888881
2025-01-08 10:25:30,47.9,41.2,18.4,12.1,477910,13.450000000000001,17.0,32.0,16.697166666666664,34.666666666666664,9.823166666666667,0.0,73.66666666666667,58.666666666666664,2441.9583333333335,14.5,751.5,3.0,21.333333333333332,4.0,14581.139333333333,-31.083333333333332,1124711.2291666667,0.14916666666666667,19.822666666666667,0.492,1322.0,35.734474,51.27095,12.0,135.65,0.01841322360854013,0.05555555555555477,0.0
2025-01-08 10:25:36,15.2,15.2,11.4,10.5,433470,13.466666666666667,33.0,32.0,20.4325,35.0,9.663666666666666,6.055666666666667,74.83333333333333,49.0,2049.0416666666665,14.4,745.5,3.0,18.666666666666668,4.0,14581.2285,-10.541833333333335,1125425.8125,0.5828333333333333,19.541999999999998,0.492,1320.5,35.733861999999995,51.271566500000006,12.0,142.17499999999998,0.015300719775816929,0.0,1.6111111111111107
2025-01-08 10:25:42,23.0,22.4,15.6,13.5,539520,13.5,1.0,32.0,20.7385,71.33333333333333,30.897833333333335,28.90416666666667,75.5,54.166666666666664,2264.1666666666665,14.5,750.0,3.0,8.0,4.0,14581.311166666666,74.2395,1132386.4166666667,2.3653333333333335,16.656333333333333,0.492,1319.0,35.7333015,51.27224950000001,12.0,131.92,-0.04404047479199022,0.8611111111111107,0.0
2025-01-08 10:25:48,32.0,31.8,21.9,13.8,525070,13.466666666666667,17.0,32.0,18.209666666666667,86.83333333333333,40.998,26.363,75.66666666666667,74.83333333333333,3114.3333333333335,14.0,799.0,3.0,10.666666666666666,4.0,14581.417333333333,75.7295,1154818.375,3.1326666666666667,18.916333333333334,0.492,1317.5,35.7326565,51.273303999999996,12.0,126.77999999999999,-0.0029379709075237613,3.444444444444444,0.0
2025-01-08 10:25:54,26.9,26.9,15.4,12.9,513440,13.466666666666667,49.0,32.0,25.0475,40.0,13.340666666666666,10.485,73.33333333333333,68.5,2853.7083333333335,14.5,812.0,3.0,16.0,4.0,14581.539666666666,-3.843666666666666,1165528.625,0.8653333333333334,19.6145,0.492,1315.5,35.732071,51.274458,12.0,118.62,-0.03624467079974893,0.0,1.0555555555555547
2025-01-08 10:26:00,74.8,74.8,50.6,21.7,695310,13.450000000000001,1.0,32.0,25.076166666666666,36.666666666666664,11.999166666666667,8.885666666666667,73.16666666666667,69.66666666666667,2908.625,14.5,810.0,3.0,10.666666666666666,4.0,14581.653,1.104333333333333,1173627.1458333333,0.9261666666666667,20.145666666666667,0.492,1314.0,35.731615,51.27563849999999,12.0,116.63499999999999,0.013962634015954586,0.19444444444444522,0.0
2025-01-08 10:26:06,130.6,110.9,16.4,11.2,424410,13.416666666666666,1.0,32.0,27.78516666666667,31.666666666666668,10.471333333333334,5.983666666666667,74.33333333333333,66.0,2747.1666666666665,14.5,804.5,3.0,16.0,4.0,14581.766166666666,-17.385333333333335,1176529.3958333333,0.5251666666666667,20.38533333333333,0.492,1311.5,35.731081,51.2767335,12.0,122.045,0.011839150092694933,0.0,0.6111111111111119
2025-01-08 10:26:12,33.2,31.5,18.2,11.6,438280,13.433333333333332,1.0,32.0,25.630333333333336,67.5,28.74066666666667,28.771666666666665,75.5,70.66666666666667,2946.5416666666665,14.5,804.5,3.0,8.0,4.0,14581.877,63.90616666666667,1184724.625,2.7135,17.625,0.492,1309.5,35.73044,51.2777745,12.0,129.35,0.026907159301579248,0.7777777777777786,0.0
2025-01-08 10:26:18,119.7,118.8,58.8,21.2,652350,13.483333333333334,65.0,32.0,23.707666666666668,51.5,20.01816666666667,6.985499999999999,75.66666666666667,76.66666666666667,3175.625,14.5,840.0,3.0,18.666666666666668,4.0,14582.004666666668,1.8440000000000012,1201359.2916666667,1.0886666666666667,19.666833333333333,0.492,1307.0,35.729586,51.278795,12.0,138.22,0.026267205242514663,1.0,0.0
2025-01-08 10:26:24,121.1,116.5,25.3,14.4,490780,13.516666666666666,65.0,32.0,30.6975,44.833333333333336,14.158499999999998,6.430000000000001,73.33333333333333,44.0,1824.0833333333333,14.283333333333333,833.5,3.0,21.333333333333332,4.0,14582.1055,-9.7915,1203403.5625,0.5431666666666667,18.43766666666667,0.492,1305.5,35.7289545,51.27939799999999,12.0,142.98499999999999,0.0067486064410447215,0.0,5.4444444444444455
2025-01-08 10:26:30,40.4,40.2,18.2,12.2,441840,13.466666666666667,1.0,32.0,28.036833333333334,55.666666666666664,16.479833333333332,19.457,73.0,44.166666666666664,1853.625,14.299999999999999,824.0,3.0,10.666666666666666,4.0,14582.173833333334,47.229166666666664,1209421.7083333333,1.4883333333333333,17.521,0.492,1303.5,35.7284375,51.2798785,12.0,142.92999999999998,-0.0004363323129985989,0.027777777777777384,0.0
2025-01-08 10:26:36,27.6,27.5,15.5,12.3,470340,13.450000000000001,1.0,32.0,23.53533333333333,96.66666666666667,34.734,31.3145,73.66666666666667,60.666666666666664,2531.3333333333335,13.966666666666667,823.0,3.0,8.0,4.0,14582.258500000002,99.34383333333334,1222349.7708333333,3.5595,17.50016666666667,0.492,1301.5,35.727745,51.280513500000005,12.0,143.34,0.0,2.75,0.0
2025-01-08 10:26:42,24.5,24.4,16.2,13.1,511090,13.466666666666667,1.0,32.0,23.505,38.5,13.945833333333333,10.059,75.33333333333333,72.83333333333333,3036.1666666666665,14.450000000000001,828.0,3.0,16.0,4.0,14582.371,-0.9061666666666662,1237294.8333333333,1.2303333333333333,19.916666666666668,0.492,1299.0,35.726862000000004,51.2813205,12.0,143.5,0.0009308422677302891,2.0277777777777772,0.0
2025-01-08 10:26:48,31.0,30.8,19.4,14.2,554220,13.450000000000001,17.0,32.0,20.932166666666667,112.33333333333333,62.566333333333326,34.555,76.5,90.83333333333333,3785.1666666666665,12.583333333333334,853.0,3.0,13.333333333333334,4.0,14582.501833333334,104.17716666666666,1267458.25,7.366666666666667,24.739500000000003,0.492,1296.0,35.725798000000005,51.282251,12.0,144.95,0.004363323129985824,3.0,0.0
2025-01-08 10:26:54,49.9,49.3,28.3,16.1,546340,13.450000000000001,97.0,32.0,28.052999999999997,32.166666666666664,10.572000000000001,0.0,74.16666666666667,71.33333333333333,2958.0,14.5,859.0,3.0,24.0,4.0,14582.647833333334,-38.35433333333334,1286554.25,0.0,20.593666666666667,0.492,1292.5,35.724781,51.283163,12.0,143.345,-0.005643231248114992,0.0,3.25
2025-01-08 10:27:00,49.7,49.5,28.4,12.0,354470,13.433333333333332,1.0,32.0,26.7255,169.16666666666666,99.98383333333334,72.307,74.0,64.5,2710.5833333333335,11.383333333333333,857.5,3.0,8.0,4.0,14582.748666666666,184.4478333333333,1306335.875,9.822833333333334,22.583333333333332,0.492,1290.5,35.724033,51.2838535,12.0,143.195,0.00046542113386514454,0.0,1.1388888888888882
2025-01-08 10:27:06,83.3,80.4,24.8,10.7,320350,13.466666666666667,1.0,32.0,20.908333333333335,80.16666666666667,30.683833333333336,17.313166666666667,75.66666666666667,99.0,4117.416666666667,13.366666666666667,874.5,3.0,18.666666666666668,4.0,14582.887333333332,40.3125,1368181.625,3.8844999999999996,25.510333333333335,0.492,1287.0,35.7228835,51.2848835,12.0,144.5,0.007010405828843963,5.75,0.0
2025-01-08 10:27:12,78.9,77.0,25.5,12.7,459920,13.5,33.0,32.0,24.3065,31.5,12.658666666666667,0.0,76.33333333333333,94.33333333333333,3903.375,14.5,871.5,3.0,24.0,4.0,14583.050000000001,-39.698,1374501.125,0.0,22.2085,0.492,1283.0,35.721580499999995,51.285763,12.0,154.395,0.034615696831220795,0.0,0.7777777777777786
2025-01-08 10:27:18,15.4,15.4,10.6,9.1,380950,13.5,17.0,32.0,22.503500000000003,30.833333333333332,12.046999999999999,3.795833333333333,73.83333333333333,83.83333333333333,3471.4166666666665,14.5,865.5,3.0,18.666666666666668,4.0,14583.197999999999,-26.771,1375043.9583333333,0.4711666666666667,21.541666666666668,0.492,1279.5,35.7203065,51.286227999999994,12.0,167.07500000000002,0.03938626345333875,0.0,1.75
2025-01-08 10:27:24,47.4,47.2,25.9,13.8,470890,13.466666666666667,33.0,32.0,23.827166666666667,38.5,12.926166666666667,10.055,74.0,66.33333333333333,2767.1666666666665,14.5,858.0,3.0,16.0,4.0,14583.3235,-4.968666666666667,1377677.7083333333,0.842,19.677333333333333,0.492,1276.5,35.71921,51.286381,12.0,175.07000000000002,0.015940673834881514,0.0,2.9166666666666665
2025-01-08 10:27:30,110.2,110.0,45.1,17.7,490630,13.466666666666667,1.0,32.0,20.988166666666668,69.0,26.930999999999997,26.885,74.83333333333333,73.0,3054.5416666666665,14.366666666666667,855.0,3.0,10.666666666666666,4.0,14583.436166666666,58.8855,1390452.9583333333,2.5221666666666667,17.781166666666667,0.492,1276.0,35.71813,51.286463,12.0,176.52499999999998,0.0006690428799311299,1.1111111111111118,0.0
2025-01-08 10:27:36,57.5,57.5,31.1,13.9,418700,13.466666666666667,17.0,32.0,20.414166666666667,59.333333333333336,23.98483333333333,19.22,76.33333333333333,80.16666666666667,3336.9583333333335,14.5,859.5,3.0,10.666666666666666,4.0,14583.563166666667,36.489666666666665,1406095.0208333333,2.081166666666667,19.041666666666668,0.492,1276.0,35.716919,51.286547000000006,12.0,176.67999999999998,-0.0011926416555294486,1.1944444444444453,0.0
2025-01-08 10:27:42,22.0,22.0,12.6,8.5,339960,13.466666666666667,17.0,32.0,24.0955,31.833333333333332,12.034166666666666,9.567333333333332,75.33333333333333,75.5,3149.625,14.5,856.0,3.0,13.333333333333334,4.0,14583.694166666666,-8.115,1412549.4791666667,0.8606666666666666,20.729333333333333,0.492,1274.5,35.715723000000004,51.286642,12.0,176.39,0.0009308422677303719,0.0,0.7777777777777786
2025-01-08 10:27:48,173.7,147.6,75.7,19.4,452960,13.5,17.0,32.0,24.26133333333333,44.166666666666664,16.1895,15.257333333333335,73.33333333333333,80.0,3324.6666666666665,14.5,850.5,3.0,13.333333333333334,4.0,14583.821666666665,8.864666666666666,1421910.375,1.3276666666666668,19.978833333333334,0.492,1270.5,35.7145155,51.286747,12.0,176.10500000000002,0.0017453292519943122,0.75,0.0
2025-01-08 10:27:54,294.8,293.8,103.2,23.3,491590,13.516666666666666,1.0,32.0,25.17833333333333,34.166666666666664,13.304833333333335,11.552833333333334,74.33333333333333,81.16666666666667,3376.625,14.483333333333334,844.5,3.0,13.333333333333334,4.0,14583.955,-4.937666666666666,1426708.625,1.2326666666666666,20.979166666666668,0.492,1265.0,35.713268,51.286666999999994,12.0,186.26,0.0380190888726098,0.19444444444444522,0.0
2025-01-08 10:28:00,142.1,140.7,61.7,18.5,415740,13.5,65.0,32.0,21.061166666666665,48.5,18.535833333333333,9.1915,75.5,74.83333333333333,3102.9583333333335,14.483333333333334,847.5,3.0,18.666666666666668,4.0,14584.091166666665,1.9271666666666671,1436725.5208333333,1.2316666666666667,19.4895,0.492,1261.5,35.712118,51.286173,12.0,203.865,0.049392817831439485,0.0,1.0555555555555571
2025-01-08 10:28:06,136.8,134.5,40.9,12.9,357680,13.5,33.0,32.5,25.201999999999998,68.83333333333333,23.84766666666667,24.186166666666665,77.0,30.166666666666668,1632.7916666666667,14.1,841.5,3.0,13.333333333333334,3.1666666666666665,14584.174500000001,61.645999999999994,1441024.4375,1.9498333333333333,17.3125,0.492,1261.0,35.7116605,51.28585999999999,12.0,210.82000000000002,0.012799081181291768,0.0,7.444444444444443
2025-01-08 10:28:12,150.9,149.5,77.2,20.7,460570,13.450000000000001,1.0,32.0,17.51516666666667,149.16666666666666,79.9645,50.39566666666667,75.16666666666667,65.66666666666667,3735.0833333333335,11.466666666666667,866.0,3.0,8.0,3.0,14584.246666666666,167.89583333333334,1475664.1875,10.157666666666666,27.177333333333333,0.492,1261.0,35.7110255,51.285421500000005,12.0,208.82000000000002,-0.009046623289503898,5.916666666666667,0.0
2025-01-08 10:28:18,40.8,33.4,8.8,6.4,240760,13.483333333333334,33.0,32.833333333333336,16.761833333333332,43.166666666666664,27.73466666666667,12.757,73.83333333333333,86.66666666666667,4848.791666666667,13.733333333333334,896.0,3.0,16.0,3.0,14584.379666666666,7.260333333333335,1523768.2291666667,2.955833333333333,26.271,0.492,1261.0,35.709959500000004,51.284859000000004,12.0,201.545,-0.03089232776029964,3.5,0.0
2025-01-08 10:28:24,26.5,26.5,14.0,8.0,268420,13.5,65.0,33.0,24.984333333333336,28.166666666666668,9.625,3.4465,75.83333333333333,73.33333333333333,3044.4166666666665,14.5,891.5,3.0,21.333333333333332,4.0,14584.5155,-19.364666666666665,1532101.2083333333,0.8645,21.218833333333333,0.492,1261.0,35.7086445,51.2844105,12.0,194.22,-0.011431906600562878,0.0,2.2222222222222237
2025-01-08 10:28:30,67.9,66.1,27.2,10.9,329250,13.483333333333334,49.0,32.666666666666664,31.56533333333333,63.666666666666664,50.936,34.760666666666665,77.66666666666667,40.5,1696.125,14.483333333333334,885.0,3.0,18.666666666666668,4.0,14584.608666666667,39.979166666666664,1536280.75,1.4243333333333332,17.156333333333333,0.492,1261.0,35.7078395,51.2841665,12.0,193.335,-0.00430514548825265,0.0,5.472222222222221
2025-01-08 10:28:36,183.7,180.7,87.2,27.0,607320,13.5,1.0,32.0,23.947833333333335,97.66666666666667,44.6055,42.062333333333335,76.16666666666667,54.5,2278.9583333333335,13.433333333333332,873.0,3.0,10.666666666666666,4.0,14584.681833333334,98.41683333333333,1554337.6041666667,3.6011666666666664,18.520833333333332,0.492,1261.0,35.70729600000001,51.284012,12.0,193.155,0.00328703675792264,2.3333333333333335,0.0
2025-01-08 10:28:42,121.0,117.4,28.2,17.7,528580,13.516666666666666,1.0,32.0,22.43133333333333,51.666666666666664,17.050833333333333,19.24716666666667,74.0,67.66666666666667,2814.875,14.450000000000001,864.5,3.0,10.666666666666666,4.0,14584.784333333335,33.0625,1567881.625,1.7146666666666668,18.771,0.492,1261.0,35.706289500000004,51.283756000000004,12.0,191.14499999999998,-0.0073594716792427595,2.194444444444445,0.0
2025-01-08 10:28:48,17.2,17.2,9.8,7.3,285980,13.516666666666666,1.0,32.0,24.66616666666667,48.833333333333336,18.417166666666667,17.078666666666667,75.0,70.33333333333333,2935.375,14.5,857.0,3.0,13.333333333333334,4.0,14584.900500000002,20.583333333333332,1574945.5416666667,1.5675000000000001,18.895666666666667,0.492,1261.0,35.705244,51.283462500000006,12.0,193.115,0.005497787143782098,0.44444444444444287,0.0
2025-01-08 10:28:54,33.0,29.5,12.8,8.8,329750,13.5,49.0,32.0,26.926333333333332,47.833333333333336,12.934166666666664,4.529333333333333,75.16666666666667,59.333333333333336,2448.7916666666665,14.5,852.5,3.0,18.666666666666668,4.0,14585.012999999999,-6.073,1583981.875,0.6071666666666666,18.8855,0.492,1261.0,35.704191,51.283159000000005,12.0,193.385,0.0018907733563272068,0.0,1.8333333333333321
2025-01-08 10:29:00,33.5,33.5,17.1,9.2,335310,13.450000000000001,33.0,32.0,24.5475,96.83333333333333,47.96866666666667,30.783,74.5,57.5,2395.5416666666665,13.333333333333334,850.5,3.0,16.0,4.0,14585.102833333332,73.18733333333334,1600205.9583333333,3.8666666666666667,19.458333333333332,0.492,1261.0,35.703468,51.282954999999994,12.0,192.66,-0.003607013787454975,0.0,0.30555555555555597
2025-01-08 10:29:06,32.9,32.8,14.8,9.2,347420,13.483333333333334,33.0,32.0,19.381666666666668,42.833333333333336,9.059333333333333,8.118333333333334,74.0,37.833333333333336,1547.0416666666667,14.200000000000001,844.0,3.0,16.0,4.0,14585.183666666666,-0.3230000000000004,1608688.375,0.5559999999999999,18.2395,0.492,1251.0,35.702671,51.282589,12.0,217.62,0.12135856065533905,0.0,3.2777777777777772
2025-01-08 10:29:12,34.5,32.7,14.0,8.9,339110,13.533333333333333,1.0,32.0,12.887,138.66666666666666,69.5185,55.67816666666667,74.0,46.666666666666664,1956.125,12.766666666666666,837.5,3.0,8.0,4.0,14585.248666666666,153.42716666666666,1621175.1458333333,5.475333333333334,17.906333333333333,0.492,1251.0,35.7026385,51.281946500000004,12.0,270.055,0.13857914260834972,1.4722222222222214,0.0
2025-01-08 10:29:18,10.5,10.5,6.7,6.1,248060,13.483333333333334,1.0,32.0,10.253333333333332,128.66666666666666,54.02766666666667,37.141,74.83333333333333,77.0,3215.625,12.416666666666666,848.5,3.0,10.666666666666666,4.0,14585.352166666666,126.84366666666666,1665090.4791666667,6.663166666666666,22.302000000000003,0.492,1251.0,35.70281,51.28092,12.0,281.57,-0.0004363323129985162,5.055555555555556,0.0
2025-01-08 10:29:24,24.9,24.9,22.6,21.2,911440,13.466666666666667,17.0,32.0,12.5075,121.33333333333333,48.267833333333336,44.54183333333333,74.0,95.16666666666667,3987.125,12.299999999999999,874.0,3.0,10.666666666666666,4.0,14585.493333333334,128.0,1708627.3125,9.662,26.052000000000003,0.492,1251.0,35.703089,51.279349999999994,12.0,282.665,0.004188790204786384,3.0277777777777786,0.0
2025-01-08 10:29:30,34.1,30.6,14.5,9.1,349220,13.483333333333334,97.0,32.0,22.3045,32.5,10.333,0.0,74.83333333333333,70.66666666666667,2926.2083333333335,14.5,877.0,3.0,24.0,4.0,14585.643333333333,-38.302166666666665,1733354.625,0.0,20.62516666666667,0.492,1251.0,35.703436,51.277498,12.0,283.15500000000003,0.0010471975511966375,0.0,4.083333333333333
2025-01-08 10:29:36,37.4,37.4,24.5,12.9,440830,13.483333333333334,33.0,33.0,28.567666666666668,61.0,18.008333333333336,18.155,75.0,25.5,1320.9583333333333,14.133333333333333,867.0,3.0,16.0,3.3333333333333335,14585.716833333334,34.499833333333335,1735155.5208333333,1.0918333333333334,17.448,0.492,1251.0,35.7035865,51.2767335,12.0,284.22499999999997,0.005381431860315751,0.0,7.527777777777779
2025-01-08 10:29:42,30.4,30.3,13.5,11.0,420950,13.466666666666667,1.0,32.0,21.301,96.83333333333333,31.96766666666667,36.3125,75.0,44.0,2521.7083333333335,13.950000000000001,862.0,3.0,8.0,3.0,14585.770166666667,100.354,1749834.25,3.4606666666666666,17.7395,0.492,1254.5,35.703712,51.276058500000005,12.0,282.5,-0.010035643198967362,3.0833333333333335,0.0
2025-01-08 10:29:48,20.0,19.8,12.7,10.8,409740,13.483333333333334,65.0,32.0,22.601333333333333,44.833333333333336,15.904000000000002,7.357833333333333,74.0,48.333333333333336,2737.2083333333335,14.5,860.5,3.0,18.666666666666668,3.0,14585.8535,-7.3125,1761549.0208333333,0.6781666666666667,19.354333333333333,0.492,1256.5,35.7038845,51.274995499999996,12.0,281.03000000000003,-0.002298016848459095,0.7222222222222227,0.0
2025-01-08 10:29:54,30.3,27.4,13.0,8.8,329200,13.483333333333334,1.0,32.0,22.3565,57.333333333333336,17.7985,13.5295,73.83333333333333,44.5,2532.9583333333335,14.166666666666666,855.5,3.0,16.0,3.0,14585.927666666665,29.698166666666665,1769628.2708333333,1.651,18.781000000000002,0.492,1258.0,35.7039945,51.274397,12.0,283.47499999999997,0.00631227412804604,0.0,0.6388888888888893
2025-01-08 10:30:00,37.5,37.3,14.2,9.7,363580,13.450000000000001,17.0,32.0,24.683166666666665,32.833333333333336,9.209333333333333,0.0,74.66666666666667,40.0,2257.4166666666665,14.466666666666667,847.5,3.0,24.0,3.0,14586.000666666667,-37.60433333333334,1773472.125,0.0,19.8645,0.492,1259.0,35.704134,51.27364550000001,12.0,282.465,-0.004770566622117794,0.0,0.75
2025-01-08 10:30:06,24.8,18.0,10.7,9.5,390460,13.466666666666667,65.0,32.833333333333336,29.31866666666667,37.333333333333336,7.582,5.0776666666666666,75.0,20.833333333333332,1303.5416666666667,13.9,839.5,3.0,21.333333333333332,2.3333333333333335,14586.052666666665,-4.291833333333334,1775371.4375,0.5623333333333334,19.2915,0.492,1261.0,35.704243,51.272977999999995,12.0,281.11,-0.0027634379823243227,0.0,3.1944444444444446
2025-01-08 10:30:12,20.3,19.5,9.5,8.5,353120,13.450000000000001,1.0,33.0,24.394000000000002,51.666666666666664,12.853666666666667,16.648166666666665,74.33333333333333,23.166666666666668,1926.0833333333333,14.5,831.5,3.0,8.0,2.0,14586.084,29.906166666666667,1780918.5208333333,1.1863333333333335,18.198,0.492,1263.5,35.704316999999996,51.27258700000001,12.0,284.955,0.011170107212763637,0.3888888888888893,0.0
2025-01-08 10:30:18,16.2,16.2,11.3,9.2,375090,13.483333333333334,1.0,33.0,22.135666666666665,43.666666666666664,12.779666666666666,16.837500000000002,73.33333333333333,31.833333333333332,2623.7083333333335,14.5,824.5,3.0,8.0,2.0,14586.130833333335,17.698,1788051.9375,1.1483333333333332,19.36466666666667,0.492,1263.0,35.7044485,51.2719635,12.0,284.39000000000004,-0.00232710566932564,1.444444444444444,0.0
2025-01-08 10:30:24,14.4,14.4,11.7,9.5,371140,13.5,1.0,32.333333333333336,18.269000000000002,62.5,25.952166666666667,26.214,73.16666666666667,44.166666666666664,3626.625,14.233333333333334,836.0,3.0,10.666666666666666,2.0,14586.1915,50.166666666666664,1799249.125,2.9644999999999997,19.406333333333333,0.492,1265.0,35.704567000000004,51.271318,12.0,282.635,-0.0016580627893947597,2.0555555555555554,0.0
2025-01-08 10:30:30,20.1,20.1,12.5,9.8,379250,13.416666666666666,17.0,33.0,16.009,47.833333333333336,24.364,13.499333333333334,74.5,54.0,3440.2083333333335,14.5,862.0,3.0,18.666666666666668,2.6666666666666665,14586.276,14.489666666666666,1814138.1041666667,1.7976666666666665,20.354333333333333,0.492,1265.5,35.704725,51.270515499999995,12.0,283.73999999999995,0.0010471975511966382,1.6388888888888893,0.0
2025-01-08 10:30:36,19.1,19.1,13.4,10.0,389810,13.466666666666667,49.0,33.0,18.475666666666665,24.666666666666668,8.251666666666667,0.0,75.83333333333333,54.5,3071.9583333333335,14.5,871.0,3.0,21.333333333333332,3.0,14586.368499999999,-26.614666666666665,1826062.2708333333,0.6505,21.62516666666667,0.492,1266.0,35.704918,51.269495,12.0,282.96,-0.00037815467126542493,0.08333333333333333,0.0
2025-01-08 10:30:42,15.2,15.2,11.4,9.4,377750,13.466666666666667,17.0,33.0,23.636833333333332,39.0,12.369,9.039333333333333,74.5,44.166666666666664,2509.25,14.5,867.0,3.0,18.666666666666668,3.0,14586.449833333332,0.01066666666666786,1830490.25,0.9253333333333332,19.625333333333334,0.492,1270.0,35.705138999999996,51.268400500000006,12.0,283.97499999999997,0.00023271056693252983,0.0,1.7222222222222225
2025-01-08 10:30:48,60.4,13.8,11.1,9.3,369440,13.450000000000001,49.0,33.0,26.406000000000002,28.166666666666668,5.683,2.503,74.0,33.5,1865.7083333333333,14.5,861.5,3.0,21.333333333333332,3.0,14586.515,-17.38533333333333,1835825.7708333333,0.5171666666666667,19.989833333333333,0.492,1270.5,35.705245999999995,51.26782600000001,12.0,280.32,-0.017482381340809847,0.0,1.7777777777777775
2025-01-08 10:30:54,13.8,13.8,9.7,8.8,362930,13.483333333333334,17.0,33.0,26.5805,29.666666666666668,5.5795,2.6743333333333332,74.5,25.833333333333332,1501.3333333333333,14.5,854.0,3.0,16.0,3.0,14586.5625,-9.416500000000001,1838753.9375,0.47500000000000003,19.68733333333333,0.492,1271.0,35.7053395,51.267326,12.0,284.255,0.02519091887045156,0.0,1.277777777777778
2025-01-08 10:31:00,12.0,12.0,9.9,8.4,344470,13.466666666666667,97.0,33.0,28.969833333333337,32.166666666666664,3.469,0.0,75.5,12.0,960.7916666666666,14.5,850.0,3.0,24.0,2.0,14586.597833333333,-13.5625,1841167.5,0.29516666666666663,21.05216666666667,0.492,1271.0,35.7054005,51.26701,12.0,281.29,-0.01701696020694478,0.0,2.3055555555555554
2025-01-08 10:31:06,11.0,11.0,9.5,8.5,346420,13.466666666666667,97.0,33.0,29.516499999999997,35.5,3.9851666666666667,0.0,76.0,0.8333333333333334,943.0416666666666,14.5,847.0,3.0,24.0,9.0,14586.606999999998,-13.781333333333334,1843006.5416666667,0.33466666666666667,20.802333333333333,0.492,1271.0,35.7054195,51.2668785,12.0,280.40500000000003,0.002327105669325805,0.0,1.861111111111111
2025-01-08 10:31:12,15.8,15.2,10.5,8.4,356230,13.483333333333334,97.0,33.0,28.117333333333335,36.0,4.136166666666667,0.0,75.83333333333333,0.0,951.2083333333334,14.5,844.0,3.0,24.0,13.0,14586.609000000002,-14.479,1845043.9583333333,0.3378333333333334,20.73966666666667,0.492,1271.0,35.705425,51.266856999999995,12.0,285.81,-0.03199770295322938,0.0,0.1388888888888889
2025-01-08 10:31:18,11.2,11.2,10.0,8.7,353920,13.416666666666666,97.0,32.166666666666664,27.239500000000003,34.333333333333336,3.8935,0.0,74.5,0.0,947.9166666666666,14.5,841.0,3.0,24.0,13.0,14586.609000000002,-13.104500000000002,1847008.6875,0.30816666666666664,20.916833333333333,0.492,1271.0,35.705431,51.2668305,12.0,288.18,0.0528834763354282,0.0,0.0
2025-01-08 10:31:24,11.7,11.7,9.7,8.6,352670,13.383333333333333,97.0,32.0,27.418000000000003,34.333333333333336,3.9026666666666667,0.0,73.16666666666667,0.0,953.3333333333334,14.5,838.0,3.0,24.0,13.0,14586.609000000002,-14.531166666666666,1848867.9166666667,0.3135,20.8855,0.492,1271.0,35.705435,51.266817,12.0,290.25,0.012042771838760834,0.0,0.0
2025-01-08 10:31:30,11.4,11.4,9.5,8.4,352720,13.383333333333333,97.0,32.0,27.50283333333333,34.333333333333336,3.925166666666667,0.0,73.0,0.0,951.5416666666666,14.5,835.0,3.0,24.0,13.0,14586.609000000002,-12.989833333333335,1850747.6666666667,0.3125,20.8645,0.492,1271.0,35.705441,51.2668075,12.0,135.0,-0.06492624817418917,0.0,0.0
2025-01-08 10:31:36,11.5,11.5,9.8,8.5,347020,13.4,97.0,32.0,27.697999999999997,34.5,3.9426666666666663,0.0,73.33333333333333,0.0,953.5416666666666,14.5,832.0,3.0,24.0,13.0,14586.609000000002,-12.823,1852634.6666666667,0.31483333333333335,20.895833333333332,0.492,1271.0,35.705446,51.266804,12.0,0.0,0.2617993877991495,0.0,0.0
2025-01-08 10:31:42,8.7,8.7,7.4,6.9,289980,13.383333333333333,97.0,32.0,27.93733333333333,34.666666666666664,3.9233333333333333,0.0,74.0,0.0,951.0,14.5,829.0,3.0,24.0,13.0,14586.609000000002,-12.8645,1854537.5,0.31783333333333336,20.9275,0.492,1271.0,35.705453999999996,51.266804,12.0,0.0,0.0,0.0,0.0
2025-01-08 10:31:48,8.8,8.8,7.1,6.6,273470,13.4,97.0,32.0,28.058833333333336,34.833333333333336,3.9446666666666665,0.0,75.0,0.0,951.375,14.5,826.0,3.0,24.0,13.0,14586.609000000002,-12.823,1856443.5208333333,0.3135,20.86466666666667,0.492,1271.0,35.705461500000006,51.266804,12.0,0.0,0.0,0.0,0.0
2025-01-08 10:31:54,8.9,8.9,7.5,6.7,278480,13.333333333333334,97.0,32.0,28.141333333333336,34.333333333333336,3.9310000000000005,0.0,75.0,0.0,953.0,14.5,823.0,3.0,24.0,13.0,14586.609000000002,-12.823,1858339.5416666667,0.316,20.854166666666668,0.492,1271.0,35.705463,51.266804,12.0,0.0,0.0,0.0,0.0
2025-01-08 10:32:00,11.9,11.9,10.0,8.8,360430,13.383333333333333,97.0,32.0,28.1855,34.333333333333336,3.987666666666667,0.0,75.0,0.0,955.4583333333334,14.5,820.0,3.0,24.0,13.0,14586.609000000002,-12.823,1860242.7708333333,0.31316666666666665,20.8855,0.492,1271.0,35.705465,51.266796,12.0,135.0,0.0,0.0,0.0
2025-01-08 10:32:06,12.8,12.8,9.9,9.1,372990,13.35,97.0,32.0,28.20883333333333,34.166666666666664,3.9903333333333335,0.0,74.16666666666667,0.0,959.2083333333334,14.5,817.0,3.0,24.0,13.0,14586.609000000002,-12.8335,1862146.7708333333,0.3135,20.854,0.492,1271.0,35.705467,51.266796,12.0,0.0,0.0,0.0,0.0
2025-01-08 10:32:12,12.5,12.5,10.5,9.2,373140,13.366666666666667,97.0,32.0,28.221166666666665,34.5,3.952166666666667,0.0,73.16666666666667,0.0,956.9583333333334,14.5,814.0,3.0,24.0,13.0,14586.609000000002,-12.698,1864042.6666666667,0.3185,20.875,0.492,1271.0,35.705467,51.266796,12.0,0.0,0.0,0.0,0.0
2025-01-08 10:32:18,12.5,12.5,9.5,8.8,369290,13.366666666666667,97.0,32.0,28.227999999999998,34.666666666666664,3.9804999999999997,0.0,73.0,0.0,949.5,14.5,811.0,3.0,24.0,13.0,14586.609000000002,-12.687666666666667,1865942.3125,0.3135,20.927333333333333,0.492,1271.0,35.705465,51.266796,12.0,90.0,-0.5235987755982988,0.0,0.0
2025-01-08 10:32:24,9.5,9.5,9.5,8.8,364530,13.350000000000001,97.0,32.0,28.2045,34.666666666666664,4.027166666666667,0.0,73.0,0.0,956.875,14.5,808.0,3.0,24.0,13.0,14586.609000000002,-12.656333333333334,1867856.2708333333,0.31983333333333336,20.8645,0.492,1271.0,35.705461500000006,51.266796,12.0,180.0,0.0,0.0,0.0
2025-01-08 10:32:30,12.9,12.9,9.4,8.1,337660,13.366666666666667,97.0,32.0,28.21483333333333,34.666666666666664,4.027333333333334,0.0,73.16666666666667,0.0,949.2083333333334,14.5,805.0,3.0,24.0,13.0,14586.609000000002,-12.583166666666665,1869775.6875,0.31316666666666665,20.8855,0.492,1271.0,35.705456,51.266796,12.0,180.0,0.0,0.0,0.0
2025-01-08 10:32:36,9.3,9.3,8.4,7.9,334260,13.366666666666667,97.0,32.0,28.212166666666665,34.833333333333336,4.045833333333333,0.0,74.0,0.0,950.5416666666666,14.5,802.0,3.0,24.0,13.0,14586.609000000002,-12.531500000000001,1871686.875,0.32033333333333336,20.8645,0.492,1271.0,35.705456,51.266792,12.0,225.0,0.2617993877991495,0.0,0.0
2025-01-08 10:32:42,19.7,19.7,14.9,8.8,346620,13.366666666666667,97.0,32.0,28.192333333333334,35.0,4.033,0.0,74.5,0.0,954.0,14.5,799.0,3.0,24.0,13.0,14586.609000000002,-12.572833333333334,1873609.375,0.31716666666666665,20.833166666666667,0.492,1271.0,35.705458,51.266788,12.0,135.0,0.2617993877991495,0.0,0.0
2025-01-08 10:32:48,25.5,25.4,16.2,9.7,362530,13.350000000000001,97.0,32.0,28.194333333333333,34.833333333333336,4.0195,0.0,75.0,0.0,959.2083333333334,14.5,796.0,3.0,24.0,13.0,14586.609000000002,-12.698,1875536.2083333333,0.3225,20.843500000000002,0.492,1271.0,35.705456,51.266781,12.0,234.87,-0.3639884155034175,0.0,0.0
2025-01-08 10:32:54,26.0,26.0,11.6,8.3,330900,13.366666666666667,97.0,32.0,28.2135,34.833333333333336,4.042000000000001,0.0,75.0,0.0,950.0416666666666,14.5,793.0,3.0,24.0,13.0,14586.609000000002,-14.427333333333335,1877463.125,0.31866666666666665,20.854,0.492,1271.0,35.705456,51.266781,12.0,234.87,0.0,0.0,0.0
2025-01-08 10:33:00,43.7,42.8,16.4,9.3,361880,13.366666666666667,97.0,32.0,28.180833333333336,35.0,4.011666666666667,0.0,74.16666666666667,0.0,952.25,14.5,790.0,3.0,24.0,13.0,14586.609000000002,-12.708333333333334,1879374.75,0.3245,20.81233333333333,0.492,1271.0,35.705452,51.266781,12.0,180.0,-0.15961036009488144,0.0,0.0
2025-01-08 10:33:06,47.5,46.6,18.5,10.3,387110,13.350000000000001,97.0,32.0,28.188166666666664,35.0,4.059,0.0,73.16666666666667,0.0,954.3333333333334,14.5,787.0,3.0,24.0,13.0,14586.609000000002,-14.323,1881314.0208333333,0.32483333333333336,20.843500000000002,0.492,1271.0,35.705453999999996,51.266781,12.0,90.0,-0.5235987755982988,0.0,0.0
2025-01-08 10:33:12,176.4,95.4,53.0,19.6,549600,13.383333333333333,97.0,32.5,28.209999999999997,35.833333333333336,4.199833333333333,0.0,73.0,0.0,952.5,14.5,784.0,3.0,24.0,13.0,14586.609000000002,-13.343833333333334,1883261.0416666667,0.33616666666666667,20.770833333333332,0.492,1271.0,35.705456,51.266781,12.0,0.0,0.0,0.0,0.0
2025-01-08 10:33:18,76.5,73.1,16.9,9.5,350220,13.4,97.0,33.0,28.221833333333333,36.5,4.289000000000001,0.0,72.83333333333333,0.0,951.5833333333334,14.5,781.0,3.0,24.0,13.0,14586.609000000002,-13.635166666666665,1885329.9166666667,0.3438333333333334,20.656499999999998,0.492,1271.0,35.705456,51.266781,12.0,0.0,0.0,0.0,0.0
2025-01-08 10:33:24,30.2,30.2,17.6,9.9,355370,13.450000000000001,49.0,33.0,27.999333333333336,40.0,6.024333333333334,5.4656666666666665,73.0,0.16666666666666666,1098.7916666666667,14.5,777.5,3.0,18.666666666666668,11.0,14586.609000000002,-5.895833333333333,1887490.7083333333,0.5088333333333334,19.9375,0.492,1271.0,35.705456,51.266781,12.0,0.0,0.0,0.027777777777777776,0.0
2025-01-08 10:33:30,41.6,41.6,23.4,11.0,375540,13.450000000000001,1.0,33.0,21.610666666666663,62.0,21.514666666666667,26.0545,74.0,16.666666666666668,2825.375,14.4,783.0,3.0,8.0,1.0,14586.617666666667,50.5105,1893420.9375,2.4681666666666664,19.0105,0.492,1269.0,35.705484000000006,51.26659800000001,12.0,280.995,-0.23157610291878103,2.75,0.0
2025-01-08 10:33:36,74.7,74.4,35.2,13.9,406880,13.450000000000001,1.0,32.5,17.040166666666668,68.0,47.75416666666667,25.621166666666667,74.16666666666667,45.833333333333336,4600.791666666667,14.049999999999999,842.5,3.0,13.333333333333334,1.6666666666666667,14586.67,53.989666666666665,1913109.6875,4.173666666666667,23.406166666666667,0.492,1269.0,35.7055875,51.2659395,12.0,281.015,0.001134464013796274,4.861111111111112,0.0
2025-01-08 10:33:42,264.4,238.8,125.4,35.8,746590,13.483333333333334,65.0,32.0,20.296333333333333,31.666666666666668,12.882666666666667,0.0,75.5,47.666666666666664,3877.375,14.5,865.0,3.0,24.0,2.0,14586.755833333335,-39.72933333333334,1928232.5,0.0,22.145833333333332,0.492,1269.0,35.705761,51.265047,12.0,284.48999999999995,0.013788101090755229,0.30555555555555475,0.0
2025-01-08 10:33:48,255.2,249.7,109.3,31.2,659990,13.533333333333333,1.0,32.0,19.559166666666666,46.0,14.380333333333335,14.467333333333334,75.66666666666667,31.0,2554.2083333333335,14.5,858.0,3.0,13.333333333333334,2.0,14586.817000000001,11.625166666666667,1930087.1666666667,1.1776666666666666,18.791833333333333,0.492,1268.5,35.7060295,51.2645185,12.0,309.5,0.1170534151670864,0.0,2.7777777777777772
2025-01-08 10:33:54,77.9,77.1,29.8,14.4,456560,13.5,1.0,32.0,12.9375,70.33333333333333,28.24383333333333,32.396499999999996,73.16666666666667,44.5,3653.7083333333335,14.466666666666667,863.5,3.0,8.0,2.0,14586.877666666667,66.8125,1943377.5416666667,3.4796666666666667,18.729,0.492,1268.5,35.706618999999996,51.2644215,12.0,182.865,0.12194033707267055,2.25,0.0
2025-01-08 10:34:00,149.1,146.7,82.4,25.1,598940,13.416666666666666,33.0,32.0,11.051666666666668,65.83333333333333,40.27166666666667,24.885499999999997,73.83333333333333,68.83333333333333,5630.708333333333,13.033333333333333,903.5,3.0,13.333333333333334,2.0,14586.971333333333,38.697833333333335,1975046.7291666667,4.762666666666667,28.177166666666665,0.492,1270.0,35.7076225,51.26466,12.0,11.895000000000001,0.011693705988362038,4.0555555555555545,0.0
2025-01-08 10:34:06,138.4,138.2,60.9,22.1,570770,13.466666666666667,81.0,32.5,22.611333333333334,29.333333333333332,10.389999999999999,0.0,76.0,41.333333333333336,3312.2083333333335,14.5,902.5,3.0,24.0,2.1666666666666665,14587.072333333335,-33.33316666666666,1986670.3958333333,0.1915,21.510499999999997,0.492,1272.0,35.708288,51.264828,12.0,11.165,-0.003548836145721801,0.0,4.583333333333332
2025-01-08 10:34:12,108.5,106.3,44.1,18.9,534400,13.483333333333334,1.0,32.166666666666664,22.571833333333334,72.33333333333333,28.709333333333333,29.127,76.83333333333333,32.666666666666664,2757.9583333333335,14.483333333333334,895.0,3.0,8.0,2.0,14587.123,69.4585,1994148.0208333333,2.7118333333333333,17.156000000000002,0.492,1272.0,35.708696499999995,51.2649365,12.0,12.43,0.0022107503858594586,0.0,1.4444444444444453
2025-01-08 10:34:18,109.9,107.9,58.5,22.0,600340,13.466666666666667,1.0,32.333333333333336,19.093333333333334,56.833333333333336,22.023333333333337,21.695999999999998,74.33333333333333,50.0,3107.3333333333335,14.5,894.0,3.0,13.333333333333334,2.6666666666666665,14587.194000000001,38.0105,2009702.3958333333,1.9745,18.937666666666665,0.492,1272.0,35.70932,51.2651085,12.0,12.99,0.005555964785515272,2.8888888888888893,0.0
2025-01-08 10:34:24,159.8,154.3,50.1,24.5,706780,13.450000000000001,1.0,32.0,17.888666666666666,72.66666666666667,31.502499999999998,31.9105,74.66666666666667,61.333333333333336,3480.2083333333335,14.5,891.5,3.0,8.0,3.0,14587.286333333332,74.90633333333334,2025339.8333333333,3.4901666666666666,18.11466666666667,0.492,1272.0,35.71014,51.265339000000004,12.0,12.87,0.00014544410433281157,1.8888888888888893,0.0
2025-01-08 10:34:30,51.9,51.9,22.5,10.7,368890,13.4,1.0,32.0,14.386833333333334,112.0,72.3075,50.09283333333334,76.5,83.0,4695.666666666667,12.533333333333333,915.5,3.0,8.0,3.0,14587.403833333332,127.219,2060200.1666666667,9.043666666666667,28.322833333333335,0.492,1272.0,35.7111815,51.265625,12.0,12.344999999999999,-0.003025237370123482,3.6111111111111107,0.0
2025-01-08 10:34:36,113.7,113.4,71.0,23.6,565910,13.433333333333332,17.0,32.833333333333336,14.042166666666667,44.5,25.987666666666666,11.728,76.0,93.5,4492.166666666667,13.883333333333333,925.0,3.0,21.333333333333332,3.6666666666666665,14587.554666666665,7.020666666666667,2107878.125,3.4936666666666665,26.1875,0.492,1272.0,35.7125455,51.2660045,12.0,12.89,0.0020943951023931926,1.75,0.0
2025-01-08 10:34:42,423.2,339.5,175.9,57.7,1246110,13.5,1.0,33.0,19.334166666666665,60.5,23.582666666666668,23.432833333333335,76.0,79.33333333333333,3308.25,14.5,918.5,3.0,13.333333333333334,4.0,14587.696666666665,42.614666666666665,2117592.0,2.4836666666666667,18.875,0.492,1272.0,35.713853500000006,51.26632850000001,12.0,10.02,-0.014340788687220012,0.0,2.361111111111112
2025-01-08 10:34:48,166.5,164.0,53.2,19.4,465930,13.483333333333334,1.0,32.0,18.096833333333333,92.16666666666667,43.76466666666667,40.7675,75.66666666666667,90.33333333333333,3775.7083333333335,14.316666666666668,917.5,3.0,8.0,4.0,14587.834499999999,104.66683333333333,2140801.7916666665,4.7085,18.177,0.492,1272.0,35.715124499999995,51.266374500000005,12.0,179.255,-0.030048751955168995,1.8333333333333333,0.0
2025-01-08 10:34:54,57.4,57.4,28.3,11.5,328100,13.5,1.0,32.0,19.4135,66.33333333333333,33.143,22.331666666666667,75.66666666666667,100.83333333333333,4174.541666666667,14.366666666666667,921.5,3.0,13.333333333333334,4.0,14587.994666666666,42.61433333333333,2165291.375,2.9934999999999996,20.770833333333332,0.492,1272.0,35.716609999999996,51.266264,12.0,356.095,-0.005585053606381902,1.75,0.0
2025-01-08 10:35:00,63.1,63.1,36.4,13.8,378450,13.5,17.0,32.0,24.096,53.5,28.03216666666667,15.605666666666666,75.5,97.16666666666667,4036.625,14.049999999999999,915.5,3.0,18.666666666666668,4.0,14588.160833333333,9.9895,2176453.25,1.9081666666666666,21.74983333333333,0.492,1272.0,35.718149000000004,51.2660715,12.0,353.4750000000001,-0.008290313946972966,0.0,0.6111111111111095
2025-01-08 10:35:06,51.5,51.5,27.5,13.1,412540,13.516666666666666,17.0,32.0,23.248,62.333333333333336,24.258333333333336,15.722666666666667,75.0,102.66666666666667,4266.666666666667,14.316666666666668,916.0,3.0,13.333333333333334,4.0,14588.324333333332,28.6875,2198001.5833333335,2.510333333333333,21.510499999999997,0.492,1272.0,35.719652,51.2657475,12.0,348.58,-0.018093246579007963,0.9166666666666666,0.0
2025-01-08 10:35:12,60.7,60.6,36.9,14.8,409030,13.5,33.0,32.0,25.111,29.666666666666668,12.395000000000001,0.0,75.0,95.66666666666667,3951.3333333333335,14.5,911.0,3.0,24.0,4.0,14588.449333333332,-36.875,2203705.1666666665,0.20166666666666666,22.541666666666668,0.492,1272.0,35.720791,51.265358,12.0,343.37999999999994,-0.018907733563271904,0.0,1.1666666666666667
2025-01-08 10:35:18,90.4,90.3,50.4,18.3,468740,13.466666666666667,49.0,33.0,30.325166666666664,26.5,10.422833333333333,5.7749999999999995,75.0,75.5,3150.4166666666665,14.116666666666667,906.0,3.0,21.333333333333332,4.0,14588.5545,-13.614833333333335,2205876.5,1.1775,21.302,0.492,1272.0,35.721754499999996,51.264992,12.0,342.105,-0.008988445647770724,0.0,3.361111111111112
2025-01-08 10:35:24,172.1,162.6,54.1,26.7,757430,13.383333333333333,1.0,32.166666666666664,25.4935,152.83333333333334,83.67983333333332,54.207166666666666,74.83333333333333,77.66666666666667,3243.5,11.783333333333333,898.5,3.0,10.666666666666666,4.0,14588.673166666666,171.38583333333335,2229892.0416666665,10.765666666666666,24.770833333333332,0.492,1272.0,35.7227825,51.264497500000004,12.0,337.835,-0.009482955602502662,0.3611111111111119,0.0
2025-01-08 10:35:30,102.3,100.3,32.0,12.4,375940,13.466666666666667,1.0,32.0,18.743666666666666,104.66666666666667,41.009,29.883166666666664,75.0,104.33333333333333,4333.0,12.9,905.5,3.0,10.666666666666666,4.0,14588.826000000001,97.70816666666667,2294493.9583333335,7.19,26.260499999999997,0.492,1272.0,35.7240505,51.263799500000005,12.0,335.305,-0.008493935693038952,4.444444444444443,0.0
2025-01-08 10:35:36,228.3,70.6,29.9,12.0,397570,13.483333333333334,49.0,32.0,23.5275,31.0,11.928666666666667,1.1061666666666667,75.16666666666667,92.0,3827.625,14.0,903.0,3.0,21.333333333333332,4.0,14588.994166666665,-30.12483333333333,2310389.0416666665,0.29616666666666663,22.177000000000003,0.492,1272.0,35.7254715,51.262961999999995,12.0,334.57,0.0015707963267947908,0.0,2.055555555555555
2025-01-08 10:35:42,59.0,58.8,27.8,13.5,426810,13.5,1.0,32.0,27.273833333333332,29.833333333333332,10.999333333333333,1.3579999999999999,74.83333333333333,76.5,3179.1666666666665,14.316666666666668,894.0,3.0,21.333333333333332,4.0,14589.132333333333,-33.86483333333333,2312145.4583333335,0.14183333333333334,21.0,0.492,1272.0,35.726662,51.2622895,12.0,335.5,0.0014835298641953179,0.0,2.5833333333333335
2025-01-08 10:35:48,102.4,102.4,61.5,23.7,620130,13.5,1.0,32.0,27.113666666666663,41.666666666666664,14.1915,16.166833333333333,74.0,68.83333333333333,2864.75,14.5,885.0,3.0,13.333333333333334,4.0,14589.251333333334,15.7605,2317442.2916666665,1.4160000000000001,19.416666666666668,0.492,1272.0,35.727664999999995,51.26169000000001,12.0,333.84999999999997,-0.002821615624057578,0.0,1.2777777777777786
2025-01-08 10:35:54,197.6,192.5,55.6,24.5,689060,13.5,1.0,32.0,25.241,49.833333333333336,16.427333333333333,19.2175,74.16666666666667,67.5,2823.0,14.450000000000001,875.5,3.0,10.666666666666666,4.0,14589.363833333335,25.552000000000003,2326389.4166666665,1.7236666666666667,18.645666666666667,0.492,1272.0,35.728611,51.261129000000004,12.0,334.125,-0.0019489509980603805,0.0,0.22222222222222143
2025-01-08 10:36:00,138.1,136.1,54.1,29.2,912050,13.483333333333334,1.0,32.0,23.524666666666665,66.16666666666667,23.774833333333333,28.5655,75.0,71.16666666666667,2967.5,14.5,868.5,3.0,8.0,4.0,14589.4785,62.07266666666666,2338095.8333333335,2.5001666666666664,17.4165,0.492,1272.0,35.729561,51.260555000000004,12.0,334.055,0.0021234839232598204,0.6111111111111119,0.0
2025-01-08 10:36:06,41.5,41.5,27.3,17.2,609280,13.5,1.0,32.0,21.265666666666664,90.0,48.18366666666666,37.75383333333334,74.66666666666667,79.83333333333333,3325.2083333333335,13.783333333333333,870.5,3.0,8.0,4.0,14589.601499999999,98.21866666666666,2355141.0833333335,4.7,19.406333333333333,0.492,1272.0,35.730591,51.259935500000005,12.0,333.84999999999997,-0.001570796326794956,1.4444444444444429,0.0
2025-01-08 10:36:12,79.4,77.7,41.1,17.9,559130,13.466666666666667,33.0,32.0,17.0365,97.33333333333333,54.4305,26.0855,74.16666666666667,99.16666666666667,4130.5,12.666666666666666,896.0,3.0,16.0,4.0,14589.751333333334,75.26033333333334,2401531.25,6.581333333333333,26.645666666666667,0.492,1272.0,35.7318365,51.259262,12.0,337.285,0.013264502315156912,3.2222222222222237,0.0
2025-01-08 10:36:18,381.5,52.5,26.5,18.9,662500,13.483333333333334,81.0,32.0,21.619500000000002,33.333333333333336,12.497833333333332,4.821833333333333,75.0,78.5,3252.625,14.5,897.0,3.0,21.333333333333332,4.0,14589.902499999998,-21.31233333333333,2413282.6666666665,0.5730000000000001,20.62516666666667,0.492,1272.0,35.7331965,51.2586555,12.0,341.49,0.01439896632895335,0.0,3.444444444444445
2025-01-08 10:36:24,26.5,26.5,21.0,16.5,599390,13.5,1.0,32.0,15.421666666666667,66.5,23.85366666666667,26.619333333333334,74.66666666666667,73.0,3032.75,14.5,888.5,3.0,8.0,4.0,14590.023500000001,61.04183333333333,2423193.5,2.542,17.479,0.492,1272.0,35.734293,51.25866299999999,12.0,10.075,0.10742501546025092,0.0,0.9166666666666666
2025-01-08 10:36:30,21.2,21.2,17.1,14.3,550350,13.5,1.0,32.0,10.498333333333333,63.166666666666664,24.417999999999996,26.982166666666668,74.0,76.5,3185.0416666666665,14.5,882.0,3.0,8.0,4.0,14590.148500000001,57.302166666666665,2437145.7916666665,2.658,18.010166666666667,0.492,1272.0,35.7351875,51.259493,12.0,45.525,0.10172360657040284,0.5833333333333334,0.0
2025-01-08 10:36:36,15.2,15.2,13.4,12.5,502610,13.433333333333332,1.0,32.0,8.292666666666667,133.16666666666666,75.9165,49.37133333333333,74.5,90.5,3782.125,11.916666666666666,885.5,3.0,8.0,4.0,14590.283333333333,141.4895,2464984.4166666665,10.2675,27.281166666666667,0.492,1272.0,35.735527,51.2609215,12.0,80.74,0.08790641665878106,2.3333333333333335,0.0
2025-01-08 10:36:42,16.8,16.8,14.9,12.8,509180,13.433333333333332,1.0,32.0,8.605833333333333,119.66666666666667,72.507,58.26116666666667,75.66666666666667,120.16666666666667,5000.666666666667,11.183333333333332,906.5,3.0,13.333333333333334,4.0,14590.460333333334,128.97933333333333,2544415.25,12.837333333333333,33.73983333333333,0.492,1272.0,35.735634,51.26288250000001,12.0,86.42500000000001,0.0038106355335209585,4.9444444444444455,0.0
2025-01-08 10:36:48,16.9,16.9,13.8,12.0,481510,13.483333333333334,81.0,32.0,14.573833333333333,52.0,28.80966666666667,8.972166666666666,75.33333333333333,120.83333333333333,5020.083333333333,13.833333333333334,910.0,3.0,21.333333333333332,4.0,14590.663999999999,-0.22916666666666666,2594792.625,3.0020000000000002,27.239666666666665,0.492,1272.0,35.7357485,51.2652225,12.0,86.47499999999998,-0.0008728102156912248,0.11111111111110954,0.0
2025-01-08 10:36:54,17.3,17.3,14.0,11.5,442190,13.5,97.0,32.0,26.205,31.666666666666668,11.573833333333333,0.0,76.0,81.83333333333333,3392.0416666666665,14.5,901.0,3.0,24.0,4.0,14590.835333333334,-38.82266666666666,2597107.25,0.0,21.146,0.492,1272.0,35.7358475,51.267236499999996,12.0,86.61500000000001,0.0007853981633973956,0.0,6.5
2025-01-08 10:37:00,26.1,25.5,16.7,11.2,425560,13.466666666666667,1.0,32.0,22.37783333333333,109.66666666666667,47.69533333333334,30.549166666666665,74.83333333333333,66.66666666666667,2783.625,13.299999999999999,891.0,3.0,10.666666666666666,4.0,14590.949333333332,92.79183333333333,2606341.0833333335,5.0986666666666665,20.593666666666667,0.492,1272.0,35.735832499999994,51.268555,12.0,95.17500000000001,0.04485496177625433,0.0,2.5277777777777763
2025-01-08 10:37:06,36.4,36.4,27.8,17.0,595920,13.566666666666668,33.0,32.0,15.754666666666665,74.83333333333333,35.56783333333333,21.92233333333333,74.5,87.5,3634.0,13.6,890.0,3.0,13.333333333333334,4.0,14591.0775,52.583333333333336,2642333.5,3.560666666666666,21.718666666666667,0.492,1272.0,35.7353515,51.269819000000005,12.0,120.31,0.07286749627076328,3.4722222222222214,0.0
2025-01-08 10:37:12,17.0,17.0,13.0,11.3,440180,13.5,91.66666666666667,32.0,17.63416666666667,31.333333333333332,11.221166666666667,0.0,75.0,77.0,3190.625,14.5,885.0,3.0,24.0,4.0,14591.218166666667,-38.489666666666665,2652060.0,0.0,20.833333333333332,0.492,1272.0,35.734455,51.271004000000005,12.0,136.02,0.033597588100890786,0.0,1.75
2025-01-08 10:37:18,30.3,30.3,23.7,15.3,533600,13.483333333333334,65.0,32.0,21.283833333333334,32.0,10.8785,2.8381666666666665,74.5,66.16666666666667,2735.875,14.5,876.0,3.0,21.333333333333332,4.0,14591.335333333334,-29.427000000000003,2652689.7083333335,0.25916666666666666,20.208000000000002,0.492,1272.0,35.733599000000005,51.271883,12.0,139.505,-0.007272205216643041,0.0,1.8055555555555547
2025-01-08 10:37:24,154.9,108.0,70.1,33.9,1018820,13.5,49.0,32.0,26.871166666666667,53.5,18.740666666666666,11.831666666666669,73.83333333333333,48.666666666666664,2037.2083333333333,14.316666666666668,866.5,3.0,18.666666666666668,4.0,14591.429166666667,8.1145,2654628.1666666665,1.0296666666666667,18.021,0.492,1272.0,35.7330095,51.272728,12.0,128.13500000000002,-0.025859961750382604,0.0,2.916666666666668
2025-01-08 10:37:30,71.2,70.7,37.3,24.3,822860,13.516666666666666,1.0,32.0,24.526,46.5,12.7445,7.208666666666666,74.0,55.5,2314.1666666666665,14.5,858.0,3.0,16.0,4.0,14591.515666666666,-0.0519999999999999,2663323.7916666665,0.7071666666666667,18.989333333333335,0.492,1272.0,35.7325345,51.273512000000004,12.0,126.375,-0.004654211338651529,1.1388888888888893,0.0
2025-01-08 10:37:36,43.4,35.9,22.0,18.8,621090,13.5,1.0,32.0,24.498833333333334,58.5,17.288833333333333,16.837999999999997,74.33333333333333,59.5,2475.9583333333335,14.5,849.5,3.0,10.666666666666666,4.0,14591.609333333334,34.80233333333334,2670298.7916666665,1.5568333333333335,17.968833333333333,0.492,1294.0,35.732058,51.274511499999996,12.0,118.185,-0.033597588100890884,0.6666666666666666,0.0
2025-01-08 10:37:42,18.9,18.9,13.8,12.2,491740,13.483333333333334,1.0,32.0,21.83966666666667,45.5,15.087333333333333,17.767833333333332,75.0,65.33333333333333,2708.375,14.1,843.5,3.0,10.666666666666666,4.0,14591.712333333335,24.198166666666665,2679279.5,1.6058333333333332,19.031333333333333,0.492,1314.0,35.731613,51.2756745,12.0,117.58999999999999,0.017249670773877308,0.9722222222222214,0.0
2025-01-08 10:37:48,20.6,20.6,18.0,15.7,626860,13.483333333333334,1.0,32.0,20.662833333333335,51.5,22.4545,19.560333333333332,74.0,73.16666666666667,3052.1666666666665,13.866666666666667,842.0,3.0,10.666666666666666,4.0,14591.827333333335,32.83316666666667,2690030.6666666665,2.153,19.239333333333335,0.492,1314.0,35.731157,51.276607500000004,12.0,121.195,0.0037815467126543303,1.3055555555555571,0.0
2025-01-08 10:37:54,20.4,20.4,15.9,13.0,530090,13.5,1.0,32.0,17.171000000000003,64.0,25.868,29.387,74.0,81.5,3400.875,14.5,845.0,3.0,8.0,4.0,14591.954333333333,58.541666666666664,2702431.7916666665,3.0196666666666663,18.323166666666665,0.492,1314.0,35.730453000000004,51.277771,12.0,129.04,0.028681577374440187,1.3888888888888882,0.0
2025-01-08 10:38:00,48.2,48.1,31.2,22.7,803410,13.483333333333334,97.0,32.166666666666664,19.39016666666667,32.0,10.3825,0.0,74.66666666666667,70.66666666666667,2912.9583333333335,14.233333333333334,850.0,3.0,24.0,4.0,14592.088666666668,-34.80233333333334,2712341.875,0.158,20.520833333333332,0.492,1314.0,35.729538,51.2788485,12.0,139.25,0.03316125578789227,0.0,1.8055555555555547
2025-01-08 10:38:06,36.9,36.8,20.8,15.0,544280,13.450000000000001,1.0,32.0,18.354166666666668,149.83333333333334,79.746,81.723,75.0,57.666666666666664,2424.5416666666665,11.983333333333334,849.0,3.0,8.0,4.0,14592.183666666666,162.51033333333334,2726606.125,7.9928333333333335,20.604333333333333,0.492,1314.0,35.728817,51.2795045,12.0,144.005,0.004014257279586945,0.0,2.166666666666668
2025-01-08 10:38:12,20.7,20.7,13.0,10.2,388160,13.416666666666666,1.0,32.0,12.336,172.66666666666666,78.7175,57.754999999999995,74.33333333333333,100.5,4195.916666666667,10.783333333333333,874.5,3.0,8.0,4.0,14592.315,182.3855,2800438.625,13.429666666666668,32.8125,0.492,1314.0,35.727883999999996,51.280348000000004,12.0,143.82,0.0017453292519943135,7.138888888888889,0.0
2025-01-08 10:38:18,24.9,24.8,17.0,11.2,395220,13.483333333333334,81.0,32.0,17.263666666666666,30.5,13.844500000000002,0.0,75.16666666666667,110.5,4583.041666666667,14.5,887.0,3.0,24.0,4.0,14592.498,-41.177,2843020.75,0.0,23.593500000000002,0.492,1314.0,35.726528,51.2815955,12.0,142.81,-0.005585053606381817,1.6666666666666667,0.0
2025-01-08 10:38:24,44.4,42.2,12.1,7.9,291280,13.450000000000001,97.0,32.166666666666664,26.613166666666668,31.0,10.958833333333333,0.0,76.0,79.0,3275.2916666666665,14.233333333333334,880.0,3.0,24.0,4.0,14592.660833333333,-38.8645,2843027.25,0.0,21.12516666666667,0.492,1314.0,35.725272999999994,51.282757000000004,12.0,143.17499999999998,0.001047197551196554,0.0,5.25
2025-01-08 10:38:30,35.6,35.4,17.5,9.8,320750,13.466666666666667,17.0,33.0,29.555666666666667,43.666666666666664,12.751666666666667,12.391333333333334,74.66666666666667,45.5,2425.25,14.5,871.5,3.0,13.333333333333334,3.1666666666666665,14592.753166666667,11.572833333333335,2846038.0833333335,1.1835000000000002,19.11466666666667,0.492,1314.0,35.724540499999996,51.283443500000004,12.0,142.6,-0.001047197551196555,0.0,5.583333333333333
2025-01-08 10:38:36,84.9,77.6,32.4,11.9,325250,13.483333333333334,17.0,32.333333333333336,26.819333333333333,36.666666666666664,12.818166666666668,10.174666666666667,74.0,51.166666666666664,2901.0416666666665,14.5,866.0,3.0,18.666666666666668,3.0,14592.834499999999,4.208,2853626.5,1.3310000000000002,19.92716666666667,0.492,1314.0,35.7239515,51.284004,12.0,142.53,0.002385283311058898,0.9444444444444441,0.0
2025-01-08 10:38:42,101.2,100.9,42.0,15.8,481610,13.5,1.0,32.0,23.057000000000002,53.5,20.608333333333334,20.741833333333332,74.66666666666667,61.833333333333336,3509.375,14.466666666666667,865.0,3.0,10.666666666666666,3.0,14592.927833333333,29.864500000000003,2864466.1666666665,2.245833333333333,19.48966666666667,0.492,1314.0,35.723264500000006,51.284628,12.0,143.795,0.002588905057124965,1.7777777777777786,0.0
2025-01-08 10:38:48,33.2,32.4,11.3,7.6,278320,13.5,1.0,32.5,17.6645,68.83333333333333,48.09966666666667,24.819333333333333,76.0,82.66666666666667,4315.75,13.466666666666667,887.5,3.0,16.0,3.1666666666666665,14593.0455,51.489666666666665,2889792.4583333335,4.510666666666666,24.593833333333333,0.492,1299.0,35.7222595,51.2853965,12.0,149.525,0.028448866807507484,3.4722222222222228,0.0
2025-01-08 10:38:54,54.6,53.8,32.0,16.6,545340,13.450000000000001,49.0,33.0,18.49266666666667,60.666666666666664,23.707666666666668,14.268499999999998,75.5,81.16666666666667,3424.3333333333335,14.049999999999999,891.0,3.0,16.0,4.0,14593.184833333333,28.57283333333333,2909565.5,3.111333333333334,22.885166666666667,0.492,1284.0,35.721174,51.28596100000001,12.0,158.95000000000002,0.015911585014015052,0.0,0.25
2025-01-08 10:39:00,54.4,54.4,30.7,14.1,425660,13.466666666666667,33.0,32.5,18.434166666666666,27.0,8.8375,3.7281666666666666,75.0,68.16666666666667,2836.375,14.116666666666667,888.5,3.0,21.333333333333332,4.0,14593.309166666666,-20.948,2921928.4166666665,0.8246666666666668,21.031166666666667,0.492,1284.0,35.7200105,51.28629900000001,12.0,170.44500000000002,0.040753438034067564,0.0,2.1666666666666665
2025-01-08 10:39:06,64.4,64.1,31.2,14.7,422050,13.450000000000001,1.0,32.0,16.82133333333333,101.83333333333333,52.731833333333334,39.443999999999996,75.0,71.0,2965.25,13.116666666666667,881.0,3.0,8.0,4.0,14593.419499999998,98.16666666666667,2932739.0,5.892833333333333,21.031166666666667,0.492,1284.0,35.7189845,51.286402,12.0,176.18499999999997,0.009773843811168205,0.47222222222222143,0.0
2025-01-08 10:39:12,45.2,42.9,18.6,11.9,371040,13.483333333333334,1.0,32.0,14.884166666666667,72.33333333333333,29.575166666666664,15.865666666666668,75.0,91.66666666666667,3814.75,13.716666666666667,887.0,3.0,18.666666666666668,4.0,14593.551333333335,31.52066666666667,2978335.6666666665,3.529166666666667,24.104166666666668,0.492,1284.0,35.7177295,51.2864855,12.0,176.78,-0.001774418072860858,3.444444444444445,0.0
2025-01-08 10:39:18,15.7,15.7,8.9,6.0,231160,13.483333333333334,17.0,32.0,20.159666666666666,40.666666666666664,17.472833333333334,10.668000000000001,75.0,87.5,3646.5,14.200000000000001,885.5,3.0,21.333333333333332,4.0,14593.699999999999,-11.4895,2985410.75,1.3251666666666666,20.854166666666668,0.492,1284.0,35.7163315,51.286592500000005,12.0,176.39,-0.0006399540590645841,0.0,0.6944444444444452
2025-01-08 10:39:24,8.4,7.8,4.6,4.4,173950,13.5,1.0,32.0,21.151,57.666666666666664,23.760166666666667,20.09466666666667,75.0,89.0,3714.375,14.216666666666667,883.5,3.0,13.333333333333334,4.0,14593.842333333334,34.698,2995780.9583333335,2.4155,19.698166666666665,0.492,1284.0,35.714996500000005,51.286707,12.0,175.76,-0.0031125038327232003,0.25,0.0
2025-01-08 10:39:30,7.5,7.5,6.3,5.5,213060,13.516666666666666,1.0,32.0,19.711499999999997,30.833333333333332,12.331333333333333,1.623,75.0,91.83333333333333,3809.0833333333335,14.333333333333334,880.5,3.0,21.333333333333332,4.0,14593.994833333332,-34.864666666666665,3003110.75,0.41333333333333333,22.20866666666667,0.492,1284.0,35.713583,51.286722,12.0,182.15,0.031125038327232183,0.47222222222222143,0.0
2025-01-08 10:39:36,6.8,6.8,5.0,4.8,189550,13.483333333333334,97.0,32.166666666666664,20.940833333333334,31.5,9.966333333333333,0.0,75.0,67.83333333333333,2799.9583333333335,14.15,874.5,3.0,24.0,4.0,14594.136166666669,-34.52066666666666,3004475.5,0.12183333333333334,20.51033333333333,0.492,1284.0,35.7123035,51.286308,12.0,199.69500000000002,0.052447144022429615,0.0,4.0
2025-01-08 10:39:42,8.0,8.0,5.7,5.0,189050,13.5,17.0,32.5,22.477,82.5,29.825,26.86,74.16666666666667,33.333333333333336,1866.5833333333333,14.35,867.0,3.0,13.333333333333334,3.1666666666666665,14594.212833333333,72.76033333333334,3008840.75,2.4651666666666667,17.718666666666667,0.492,1284.0,35.7116545,51.285881499999995,12.0,210.71,0.01978039818926911,0.0,5.749999999999999
2025-01-08 10:39:48,5.9,5.9,5.8,5.2,200450,13.483333333333334,1.0,32.166666666666664,14.559,98.83333333333333,50.90533333333334,36.601166666666664,74.16666666666667,67.5,3810.625,13.316666666666668,887.0,3.0,10.666666666666666,3.0,14594.291666666666,103.54166666666667,3035936.8333333335,5.234,21.989500000000003,0.492,1284.0,35.7110345,51.2854365,12.0,210.015,-0.004363323129985824,5.694444444444444,0.0
2025-01-08 10:39:54,12.6,12.6,10.1,5.8,218660,13.5,17.0,33.0,16.517166666666665,43.166666666666664,16.597333333333335,14.741666666666667,74.66666666666667,81.16666666666667,3491.6666666666665,14.5,902.0,3.0,16.0,3.8333333333333335,14594.418,16.208333333333332,3057633.75,1.8441666666666665,20.43733333333333,0.492,1284.0,35.7099665,51.284851,12.0,201.75,-0.029117909687438787,2.2777777777777786,0.0
2025-01-08 10:40:00,127.8,119.0,65.0,20.9,545340,13.483333333333334,97.0,33.0,24.333333333333332,25.333333333333332,7.775833333333334,0.0,75.0,69.83333333333333,2907.5833333333335,14.5,898.0,3.0,24.0,4.0,14594.548166666667,-28.406333333333333,3064650.375,0.6631666666666667,21.364666666666665,0.492,1284.0,35.7087895,51.2844675,12.0,193.26999999999998,-0.017540558982543013,0.0,1.8888888888888904
2025-01-08 10:40:06,127.5,127.2,46.6,16.2,369690,13.483333333333334,49.0,33.0,30.4325,33.166666666666664,6.4485,4.197666666666667,75.0,34.0,1625.75,14.5,893.0,3.0,18.666666666666668,3.5,14594.635999999999,-5.718666666666667,3068102.375,0.5575,19.531333333333333,0.492,1258.0,35.7079085,51.28422,12.0,191.67,-0.008261225126106502,0.0,5.972222222222221
2025-01-08 10:40:12,83.6,83.3,39.5,14.4,338910,13.483333333333334,65.0,33.0,29.271666666666665,27.666666666666668,4.019333333333333,0.0,75.0,22.666666666666668,1282.9166666666667,14.5,885.0,3.0,24.0,3.0,14594.6835,-18.88533333333333,3071126.0833333335,0.35533333333333333,20.531166666666667,0.492,1258.0,35.7075235,51.284118500000005,12.0,192.44999999999996,0.005730497710714713,0.0,1.8888888888888886
2025-01-08 10:40:18,77.3,69.8,24.5,10.6,311940,13.466666666666667,97.0,33.0,31.037166666666668,34.833333333333336,3.7070000000000003,0.0,75.0,3.6666666666666665,932.375,14.5,881.0,3.0,24.0,7.0,14594.705666666667,-13.572666666666665,3072993.125,0.31633333333333336,20.906333333333333,0.492,1258.0,35.707302,51.284057499999996,12.0,194.895,0.016202473222680747,0.0,3.1666666666666665
2025-01-08 10:40:24,35.3,32.9,10.9,6.9,247510,13.466666666666667,97.0,33.0,29.733999999999998,35.5,4.059833333333334,0.0,75.0,0.0,963.875,14.5,877.5,3.0,24.0,13.0,14594.707,-14.552166666666666,3075000.0833333335,0.342,20.729333333333333,0.492,1258.0,35.707277,51.284046,12.0,209.18999999999997,0.11812970153914942,0.0,0.611111111111111
2025-01-08 10:40:30,11.0,11.0,6.5,5.5,217810,13.450000000000001,65.0,33.0,28.259666666666664,35.666666666666664,4.0,0.0,75.0,0.0,955.9166666666666,14.5,874.5,3.0,24.0,13.0,14594.707,-14.729166666666666,3077031.8333333335,0.335,20.76033333333333,0.492,1258.0,35.707275,51.284042,12.0,238.38,0.0,0.0,0.0
2025-01-08 10:40:36,15.2,13.5,6.9,5.7,222810,13.450000000000001,49.0,33.0,27.211833333333335,35.666666666666664,4.000333333333333,0.0,75.0,0.0,947.75,14.5,871.5,3.0,24.0,13.0,14594.707,-14.458166666666665,3079023.0416666665,0.3345,20.770666666666667,0.492,1258.0,35.70727,51.2840385,12.0,207.43500000000003,-0.010210176124166729,0.0,0.0
2025-01-08 10:40:42,36.6,36.0,17.9,8.3,274070,13.483333333333334,49.0,33.0,25.98483333333333,41.5,6.310666666666667,7.140499999999999,75.0,1.3333333333333333,1061.2083333333333,14.5,867.0,3.0,16.0,9.0,14594.707666666667,4.458500000000002,3081212.875,0.5355,19.447666666666667,0.492,1258.0,35.707268,51.284034999999996,12.0,234.87,0.0,0.2222222222222222,0.0
2025-01-08 10:40:48,25.3,25.3,10.7,6.8,244910,13.483333333333334,1.0,33.0,19.0675,57.333333333333336,25.040499999999998,32.26433333333333,73.66666666666667,29.0,4134.25,14.333333333333334,874.0,3.0,10.666666666666666,1.1666666666666667,14594.727833333332,44.208499999999994,3091496.2083333335,3.1005,21.70866666666667,0.492,1258.0,35.7071,51.283993,12.0,192.045,-0.130812427436975,4.611111111111112,0.0
2025-01-08 10:40:54,26.5,26.5,14.5,8.0,265970,13.450000000000001,1.0,32.666666666666664,14.988,104.66666666666667,62.483666666666664,39.297000000000004,73.33333333333333,63.5,5209.416666666667,11.799999999999999,902.5,3.0,10.666666666666666,2.0,14594.802666666668,74.59383333333334,3126393.875,8.988999999999999,30.8125,0.492,1258.0,35.706444,51.2838425,12.0,190.635,0.0013089969389957136,5.75,0.0
2025-01-08 10:41:00,34.8,34.8,20.0,10.6,327450,13.5,1.0,33.0,16.1065,25.5,12.140833333333333,4.598,75.0,74.83333333333333,4317.916666666667,14.5,906.5,3.0,18.666666666666668,3.0,14594.9205,-18.5625,3152858.5,1.1660000000000001,23.760333333333335,0.492,1258.0,35.705364499999995,51.283561999999996,12.0,192.49,0.007563093425308744,1.8888888888888882,0.0
2025-01-08 10:41:06,40.5,39.5,9.6,6.6,248460,13.483333333333334,65.0,32.0,23.389,34.166666666666664,13.284166666666666,4.728666666666666,76.83333333333333,61.833333333333336,3476.9166666666665,14.5,901.0,3.0,21.333333333333332,3.0,14595.039666666666,-23.458333333333332,3156473.7083333335,0.5613333333333334,21.0415,0.492,1258.0,35.704287,51.283260500000004,12.0,192.94500000000002,0.0014865290118921905,0.0,2.1666666666666656
2025-01-08 10:41:12,44.5,44.5,27.5,12.0,358430,13.5,65.0,32.0,24.91116666666667,53.0,19.665333333333333,8.031166666666666,74.5,56.666666666666664,3209.25,14.183333333333332,895.0,3.0,21.333333333333332,3.0,14595.136666666667,2.958500000000001,3166484.75,1.4569999999999999,20.76033333333333,0.492,1249.0,35.703334500000004,51.2829875,12.0,193.0,-0.001221730476396077,0.0,0.8611111111111119
2025-01-08 10:41:18,38.0,37.2,10.9,6.3,226860,13.450000000000001,65.0,32.0,22.10083333333333,37.666666666666664,10.589333333333334,4.5145,74.5,34.333333333333336,1919.4166666666667,14.5,885.5,3.0,21.333333333333332,3.0,14595.214166666667,-19.1875,3167991.0416666665,0.30816666666666664,18.854166666666668,0.492,1248.0,35.7027115,51.28264049999999,12.0,213.39499999999998,0.10204358359993516,0.0,3.7222222222222214
2025-01-08 10:41:24,9.4,9.2,6.1,5.6,217910,13.483333333333334,1.0,32.0,15.052166666666666,73.33333333333333,32.7895,21.579333333333334,75.16666666666667,32.5,1860.125,14.483333333333334,874.0,3.0,10.666666666666666,3.0,14595.2655,55.770999999999994,3173628.5833333335,1.7268333333333334,17.42716666666667,0.492,1250.0,35.702602500000005,51.282075999999996,12.0,271.765,0.14186617936627235,0.0,0.30555555555555597
2025-01-08 10:41:30,11.9,11.6,7.6,6.5,247910,13.483333333333334,1.0,32.0,11.439333333333332,119.83333333333333,63.430499999999995,45.61116666666667,75.83333333333333,55.166666666666664,3162.6666666666665,12.85,875.0,3.0,10.666666666666666,3.0,14595.3335,119.94783333333334,3197842.9583333335,6.434,21.4375,0.492,1251.5,35.7027455,51.281259500000004,12.0,283.34499999999997,0.017540558982543097,3.7777777777777772,0.0
2025-01-08 10:41:36,9.8,9.8,8.1,7.3,273820,13.450000000000001,1.0,32.0,16.227833333333333,35.166666666666664,14.386833333333334,8.562666666666667,74.33333333333333,66.0,3681.0,14.5,879.0,3.0,18.666666666666668,3.0,14595.441333333334,-16.979166666666668,3220771.9583333335,1.0011666666666665,21.447833333333335,0.492,1253.5,35.7029705,51.2800485,12.0,282.65,-0.0025889050571250485,1.805555555555556,0.0
2025-01-08 10:41:42,18.3,18.3,11.8,7.8,280780,13.483333333333334,1.0,32.0,18.180333333333333,51.833333333333336,20.091833333333334,19.119333333333334,74.5,66.83333333333333,3769.8333333333335,14.299999999999999,881.0,3.0,10.666666666666666,3.0,14595.548833333334,24.822999999999997,3231658.1666666665,2.381,20.239833333333333,0.492,1255.0,35.703162999999996,51.27894799999999,12.0,282.28000000000003,0.001221730476396077,0.1388888888888881,0.0
2025-01-08 10:41:48,16.9,15.2,8.2,7.0,267320,13.433333333333332,65.0,32.0,20.37033333333333,45.333333333333336,17.49683333333333,6.0440000000000005,75.66666666666667,64.33333333333333,3626.375,14.466666666666667,886.0,3.0,18.666666666666668,3.0,14595.6615,-7.375,3244309.7916666665,1.0613333333333335,20.55216666666667,0.492,1255.0,35.703376999999996,51.277775,12.0,282.79,0.0017453292519943955,0.0,0.4166666666666667
2025-01-08 10:41:54,8.8,8.8,8.1,7.2,287280,13.450000000000001,33.0,32.333333333333336,26.541833333333333,54.5,16.703666666666667,11.103833333333332,75.33333333333333,34.333333333333336,1971.25,13.9,877.0,3.0,16.0,3.0,14595.742333333334,18.479166666666668,3247118.1666666665,1.099,17.885666666666665,0.492,1255.0,35.7035465,51.276841999999995,12.0,282.60999999999996,8.726646259963645e-05,0.0,4.999999999999999
2025-01-08 10:42:00,42.7,42.1,27.9,9.5,282780,13.416666666666666,1.0,32.0,20.5245,95.33333333333333,45.742333333333335,37.3405,74.16666666666667,47.5,2710.25,13.966666666666667,871.0,3.0,8.0,3.0,14595.8045,106.18733333333334,3259738.9583333335,4.353666666666666,18.229,0.492,1255.0,35.703682,51.27616700000001,12.0,284.19,0.004130612563053291,2.194444444444444,0.0
2025-01-08 10:42:06,40.5,39.8,12.6,7.2,255920,13.416666666666666,81.0,32.0,21.451166666666666,34.166666666666664,10.995333333333335,0.0,74.33333333333333,53.666666666666664,3025.5,14.5,876.0,3.0,24.0,3.0,14595.897166666668,-32.09383333333333,3277482.9583333335,0.18033333333333335,20.645833333333332,0.492,1255.0,35.703863,51.275150499999995,12.0,282.05,-0.00541052068118246,1.0277777777777775,0.0
2025-01-08 10:42:12,78.4,54.6,27.7,14.1,421000,13.416666666666666,97.0,32.5,28.316166666666664,33.5,5.6738333333333335,0.0,75.33333333333333,25.0,1421.0416666666667,14.35,866.0,3.0,24.0,2.8333333333333335,14595.962333333335,-25.697999999999997,3277965.5833333335,0.19966666666666666,20.000333333333334,0.492,1255.0,35.704001999999996,51.274381500000004,12.0,282.39000000000004,-0.0013962634015953514,0.0,4.777777777777778
2025-01-08 10:42:18,36.7,36.4,15.9,9.0,313440,13.4,33.0,33.0,29.519166666666667,35.0,4.2215,2.7699999999999996,76.0,7.0,1011.75,14.5,861.5,3.0,18.666666666666668,1.1666666666666667,14595.987333333333,-7.031166666666667,3280001.7083333335,0.377,20.666833333333333,0.492,1260.0,35.704056,51.274072499999996,12.0,280.77000000000004,-0.010297442586766603,0.0,3.0
2025-01-08 10:42:24,12.7,12.0,7.0,6.7,261470,13.166666666666666,17.0,33.0,26.70883333333333,49.166666666666664,8.808166666666667,10.4325,76.0,6.333333333333333,1092.3333333333333,14.5,855.5,3.0,16.0,1.0,14595.998,22.322833333333335,3282440.375,0.8298333333333333,18.666666666666668,0.492,1262.0,35.70406,51.273973500000004,12.0,270.0,-0.02507456358698522,0.0,0.11111111111111116
2025-01-08 10:42:30,9.8,9.6,7.1,6.3,247910,13.433333333333332,1.0,32.833333333333336,19.734166666666667,71.0,36.81516666666666,24.480833333333333,74.0,27.333333333333332,2972.4583333333335,14.066666666666668,853.0,3.0,13.333333333333334,1.5,14596.023500000001,60.875,3290955.5833333335,3.1195,19.229166666666668,0.492,1266.0,35.704119,51.27372149999999,12.0,288.075,0.05567600313861907,3.5,0.0
2025-01-08 10:42:36,9.6,9.6,8.0,6.6,260220,13.433333333333332,49.0,32.666666666666664,17.149,42.5,16.775000000000002,11.657666666666666,73.33333333333333,51.5,4201.291666666667,14.466666666666667,875.0,3.0,18.666666666666668,2.0,14596.0885,2.7708333333333335,3311090.2916666665,1.7859999999999998,22.479,0.492,1266.0,35.704273500000006,51.273018,12.0,284.5,-0.015504341521882917,4.027777777777778,0.0
2025-01-08 10:42:42,17.4,17.4,13.8,10.5,374290,13.4,1.0,32.333333333333336,20.897499999999997,31.333333333333332,12.269833333333333,8.289666666666667,74.83333333333333,43.5,3568.3333333333335,14.333333333333334,875.5,3.0,16.0,2.0,14596.169333333333,-9.541666666666666,3317837.125,0.9546666666666667,21.791833333333333,0.492,1266.0,35.704447,51.2721195,12.0,282.945,-0.004596033696918355,0.0,1.3333333333333333
2025-01-08 10:42:48,15.0,14.4,8.2,7.0,268720,13.466666666666667,1.0,32.0,18.838,58.666666666666664,25.882166666666667,26.447,76.5,49.333333333333336,4080.5,14.033333333333333,876.0,3.0,8.0,2.0,14596.244166666665,45.89566666666667,3328196.1666666665,3.2001666666666666,20.781333333333333,0.492,1266.0,35.7045995,51.271288,12.0,282.59,-0.0018325957145940337,0.9722222222222227,0.0
2025-01-08 10:42:54,10.6,10.6,7.5,7.0,275570,13.433333333333332,1.0,32.0,18.056166666666666,49.666666666666664,26.950833333333332,19.932166666666664,75.5,59.0,4824.75,13.85,888.5,3.0,16.0,2.0,14596.335333333334,19.802,3344445.3333333335,3.2161666666666666,23.885499999999997,0.492,1266.0,35.704778499999996,51.270277,12.0,282.73499999999996,0.005410520681182296,1.6111111111111107,0.0
2025-01-08 10:43:00,12.1,12.1,10.8,10.1,369090,13.416666666666666,49.0,32.666666666666664,16.35833333333333,49.666666666666664,33.836999999999996,7.852666666666667,75.83333333333333,73.0,4957.833333333333,13.366666666666667,908.5,3.0,18.666666666666668,2.5,14596.443333333335,11.374833333333333,3372742.125,4.049166666666667,27.322999999999997,0.492,1266.0,35.7050075,51.269079000000005,12.0,283.21999999999997,-0.00031997702953216815,2.3333333333333335,0.0
2025-01-08 10:43:06,13.6,13.6,10.7,8.9,321600,13.549999999999999,97.0,33.0,23.304833333333335,24.333333333333332,8.288499999999999,0.0,77.33333333333333,55.833333333333336,3150.9583333333335,14.5,905.5,3.0,24.0,3.0,14596.553999999998,-27.958333333333332,3380783.875,0.7198333333333333,21.854166666666668,0.492,1266.0,35.7052495,51.267809,12.0,283.27500000000003,0.0006399540590645019,0.0,2.8611111111111107
2025-01-08 10:43:12,12.5,12.5,10.3,8.9,335410,13.483333333333334,97.0,33.0,30.293499999999998,29.0,4.0125,0.0,76.0,21.833333333333332,1335.4166666666667,14.5,901.5,3.0,24.0,2.5,14596.623,-18.7605,3384076.5,0.3413333333333333,20.729166666666668,0.492,1275.5,35.705433,51.2669545,12.0,284.065,-0.004014257279586944,0.0,5.666666666666667
2025-01-08 10:43:18,7.9,7.9,7.3,7.0,262070,13.533333333333333,49.0,32.666666666666664,31.149333333333335,33.166666666666664,3.5875000000000004,0.0,76.0,0.5,945.5833333333334,14.5,897.5,3.0,24.0,11.0,14596.640999999998,-13.927166666666666,3385903.3333333335,0.3053333333333333,20.968666666666667,0.492,1277.0,35.70546,51.26683,12.0,290.75,0.02490003066178577,0.0,3.5555555555555554
2025-01-08 10:43:24,10.7,10.7,8.7,7.9,293230,13.583333333333334,1.0,32.0,28.038333333333338,31.0,3.330666666666667,0.0,76.16666666666667,0.0,946.0,14.5,894.0,3.0,24.0,13.0,14596.640999999998,-12.906166666666666,3387640.375,0.2775,21.031000000000002,0.492,1277.0,35.705458,51.2668265,12.0,262.81,-0.1625483310024052,0.0,0.08333333333333333
2025-01-08 10:43:30,13.5,13.5,10.0,8.4,327450,13.6,1.0,32.0,26.343833333333333,31.166666666666668,3.3941666666666666,0.0,76.66666666666667,0.0,950.4583333333334,14.5,891.0,3.0,24.0,13.0,14596.640999999998,-13.510333333333334,3389329.125,0.2836666666666667,21.041333333333334,0.492,1277.0,35.705453999999996,51.2668265,12.0,180.0,-0.31922072018976283,0.0,0.0
2025-01-08 10:43:36,12.1,12.1,9.2,7.2,278320,13.6,1.0,32.0,25.735333333333333,31.5,3.4661666666666666,0.0,76.0,0.0,945.0,14.5,888.0,3.0,24.0,13.0,14596.640999999998,-13.2915,3391026.375,0.2825,21.062166666666666,0.492,1277.0,35.7054445,51.26683,12.0,180.0,0.15961036009488144,0.0,0.0
2025-01-08 10:43:42,13.8,13.8,9.1,7.2,273420,13.583333333333334,1.0,32.0,25.650166666666667,31.5,3.4433333333333334,0.0,75.33333333333333,0.0,952.5416666666666,14.5,885.0,3.0,24.0,13.0,14596.640999999998,-13.1145,3392720.2916666665,0.28250000000000003,21.020666666666667,0.492,1277.0,35.705435,51.2668265,12.0,180.0,-0.15961036009488141,0.0,0.0
2025-01-08 10:43:48,18.0,18.0,11.7,8.6,312640,13.6,1.0,32.0,25.501833333333334,31.5,3.4918333333333336,0.0,74.66666666666667,0.0,948.875,14.5,882.0,3.0,24.0,13.0,14596.640999999998,-12.479166666666666,3394418.2916666665,0.2841666666666667,21.01033333333333,0.492,1277.0,35.705433,51.26683,12.0,125.13,0.0,0.0,0.0
2025-01-08 10:43:54,12.1,12.1,9.3,7.1,278120,13.583333333333334,1.0,32.0,25.149,32.0,3.531833333333333,0.0,74.0,0.0,953.9583333333334,14.5,879.0,3.0,24.0,13.0,14596.640999999998,-13.083333333333334,3396122.625,0.2818333333333333,20.98966666666667,0.492,1277.0,35.705429,51.26683,12.0,180.0,0.15961036009488144,0.0,0.0
2025-01-08 10:44:00,14.1,14.1,10.8,8.3,308690,13.583333333333334,1.0,32.0,24.974333333333334,31.666666666666668,3.5258333333333334,0.0,74.16666666666667,0.0,953.2916666666666,14.5,876.0,3.0,24.0,13.0,14596.640999999998,-13.906500000000001,3397839.625,0.2866666666666667,21.01033333333333,0.492,1277.0,35.705427,51.26682300000001,12.0,225.0,0.0,0.0,0.0
2025-01-08 10:44:06,25.1,25.1,13.5,9.4,361880,13.583333333333334,1.0,32.0,24.892666666666667,32.0,3.532666666666666,0.0,75.0,0.0,953.25,14.5,873.0,3.0,24.0,13.0,14596.640999999998,-14.010333333333334,3399566.2916666665,0.2875,20.979333333333333,0.492,1277.0,35.705425,51.26682300000001,12.0,180.0,0.0,0.0,0.0
2025-01-08 10:44:12,94.6,92.3,41.8,15.2,498000,13.566666666666668,1.0,32.0,24.86883333333333,32.0,3.5455,0.0,75.0,0.0,948.3333333333334,14.5,870.0,3.0,24.0,13.0,14596.640999999998,-13.405999999999999,3401288.7916666665,0.2843333333333333,21.0,0.492,1277.0,35.705425,51.26682300000001,12.0,180.0,0.0,0.0,0.0
2025-01-08 10:44:18,71.9,70.2,20.4,12.1,456710,13.549999999999999,1.0,32.5,24.7565,32.666666666666664,3.75,0.08083333333333333,75.0,0.0,958.625,14.5,867.0,3.0,24.0,13.0,14596.640999999998,-13.0625,3403023.2083333335,0.3015,20.968833333333333,0.492,1277.0,35.705425,51.2668265,12.0,135.0,-0.2617993877991495,0.0,0.0
2025-01-08 10:44:24,49.2,49.0,21.9,14.4,559280,13.566666666666668,1.0,33.0,22.304000000000002,38.166666666666664,10.756833333333333,10.059166666666668,74.33333333333333,5.666666666666667,2147.25,14.5,865.0,3.0,10.666666666666666,5.0,14596.642833333333,4.822666666666667,3407416.9166666665,0.9823333333333334,19.50016666666667,0.492,1277.0,35.705435,51.266805500000004,12.0,143.39,-0.474787734184191,0.9444444444444445,0.0
2025-01-08 10:44:30,39.5,37.6,13.6,9.6,371140,13.516666666666666,1.0,33.0,20.415333333333333,34.833333333333336,8.8375,11.167000000000002,73.0,12.666666666666666,1999.3333333333333,14.5,858.0,3.0,8.0,1.0,14596.658000000001,7.635166666666667,3411250.5833333335,0.7568333333333334,19.708000000000002,0.492,1277.0,35.705469,51.2666475,12.0,284.83,-0.00034906585039871235,1.1666666666666665,0.0
2025-01-08 10:44:36,58.8,58.7,16.8,9.4,350870,13.583333333333334,1.0,32.833333333333336,17.745,46.666666666666664,16.282333333333334,16.781166666666667,73.0,22.166666666666668,2712.75,14.5,851.5,3.0,13.333333333333334,1.3333333333333333,14596.686333333333,21.281,3417302.5416666665,1.4618333333333335,19.083333333333332,0.492,1277.0,35.7055225,51.266329000000006,12.0,280.92,-0.013439035240356343,1.5833333333333337,0.0
2025-01-08 10:44:42,78.6,78.2,39.4,14.0,408080,13.416666666666666,65.0,33.0,19.900000000000002,30.833333333333332,4.6338333333333335,0.0,74.33333333333333,15.333333333333334,1385.9583333333333,14.5,847.5,3.0,24.0,1.8333333333333333,14596.724,-15.802,3422776.0,0.3798333333333333,20.645833333333332,0.492,1277.0,35.705593,51.265901500000005,12.0,282.22499999999997,0.0054977871437821004,0.0,1.138888888888889
2025-01-08 10:44:48,72.1,71.9,40.4,15.5,454010,13.450000000000001,1.0,33.0,20.5055,49.333333333333336,13.717666666666666,19.265833333333333,75.33333333333333,13.166666666666666,2082.0416666666665,14.5,842.5,3.0,10.666666666666666,1.0,14596.742,28.260499999999997,3426197.375,1.3886666666666667,18.8335,0.492,1277.0,35.7056235,51.265707,12.0,278.365,-0.025598162362583537,0.0,0.3611111111111113
2025-01-08 10:44:54,129.3,127.3,50.1,19.2,493740,13.549999999999999,1.0,33.0,16.601,39.5,15.336166666666665,14.205833333333333,74.66666666666667,33.5,3702.7083333333335,14.5,850.5,3.0,13.333333333333334,1.5,14596.780666666666,8.270833333333334,3436899.7916666665,1.5433333333333332,21.375,0.492,1277.0,35.705707499999995,51.2652795,12.0,284.825,0.030921416581166192,3.3888888888888893,0.0
2025-01-08 10:45:00,205.2,200.6,64.9,26.5,675480,13.533333333333333,1.0,32.333333333333336,14.795499999999999,50.166666666666664,19.2875,24.013333333333332,74.0,41.166666666666664,3349.9166666666665,14.5,847.0,3.0,8.0,2.0,14596.842333333334,34.229166666666664,3445779.125,2.130333333333333,19.354333333333333,0.492,1277.0,35.705927,51.26466200000001,12.0,299.36499999999995,0.07347836150896125,1.2777777777777775,0.0
2025-01-08 10:45:06,98.3,97.7,58.6,25.5,636510,13.450000000000001,1.0,32.5,10.789666666666667,48.333333333333336,21.25733333333333,17.81716666666667,75.0,54.333333333333336,4081.75,14.450000000000001,870.5,3.0,16.0,2.1666666666666665,14596.921833333334,19.8335,3462595.7083333335,2.2798333333333334,21.468833333333333,0.492,1277.0,35.706566,51.26444849999999,12.0,176.26,0.16077391292954443,2.194444444444445,0.0
2025-01-08 10:45:12,106.5,106.5,58.5,19.5,491240,13.4,1.0,33.0,14.974166666666667,30.166666666666668,9.921666666666667,6.6275,76.66666666666667,50.833333333333336,2883.2916666666665,14.5,872.5,3.0,16.0,3.0,14597.011166666669,-9.948166666666667,3470846.5416666665,0.8608333333333333,20.656499999999998,0.492,1277.0,35.7073915,51.264637,12.0,12.104999999999999,0.01835504596680704,0.0,0.5833333333333334
2025-01-08 10:45:18,77.4,76.5,24.5,16.4,549800,13.366666666666667,65.0,33.0,18.2565,34.5,8.087833333333334,4.120333333333334,74.83333333333333,42.666666666666664,2277.625,14.5,865.5,3.0,18.666666666666668,3.5,14597.091166666665,-13.573,3476821.875,0.6538333333333334,20.083333333333332,0.492,1274.0,35.7082405,51.26486,12.0,11.725,-0.0033743032205223594,0.0,1.3611111111111118
2025-01-08 10:45:24,44.4,44.4,25.8,12.2,398470,13.4,1.0,32.333333333333336,18.453166666666664,89.0,36.39666666666667,31.134,74.5,35.0,1946.6666666666667,14.450000000000001,861.5,3.0,10.666666666666666,3.1666666666666665,14597.150500000002,84.42683333333333,3483879.7916666665,2.4236666666666666,17.01033333333333,0.492,1274.0,35.708769,51.2649935,12.0,11.735,0.001745329251994396,0.0,1.2777777777777775
2025-01-08 10:45:30,57.4,57.2,31.4,13.5,410540,13.4,1.0,32.166666666666664,15.051666666666668,61.5,21.33,24.50583333333333,75.16666666666667,53.0,2990.2083333333335,14.5,862.0,3.0,10.666666666666666,3.0,14597.224,49.9065,3499192.125,2.255333333333333,18.051833333333335,0.492,1274.0,35.709478,51.2651865,12.0,12.64,0.002472549773658617,3.0,0.0
2025-01-08 10:45:36,88.1,81.1,42.6,15.4,428460,13.383333333333333,1.0,32.166666666666664,15.186333333333332,91.83333333333333,49.96366666666666,35.911,75.16666666666667,59.5,2555.5416666666665,13.866666666666667,859.5,3.0,10.666666666666666,4.0,14597.317000000001,95.1145,3511716.125,3.7886666666666664,17.99983333333333,0.492,1274.5,35.710337,51.265419,12.0,12.255,-0.0016871516102611383,1.0833333333333333,0.0
2025-01-08 10:45:42,130.1,129.8,80.1,25.3,569370,13.366666666666667,1.0,32.0,12.353499999999999,136.83333333333334,65.30666666666667,46.91466666666667,75.0,81.83333333333333,3413.375,11.799999999999999,867.5,3.0,10.666666666666666,4.0,14597.4315,139.44783333333334,3554818.5833333335,8.334666666666665,24.197833333333335,0.492,1278.5,35.7114275,51.2656935,12.0,11.31,-0.0033161255787892683,3.7222222222222214,0.0
2025-01-08 10:45:48,585.6,568.1,151.4,48.6,946850,13.4,17.0,32.0,11.092999999999998,135.5,70.40833333333333,40.4685,75.33333333333333,101.33333333333333,4228.458333333333,11.766666666666666,885.5,3.0,13.333333333333334,4.0,14597.582,121.03133333333334,3623491.25,10.543833333333334,31.042,0.492,1286.0,35.712835000000005,51.266076999999996,12.0,12.800000000000002,0.0042469678465195575,3.25,0.0
2025-01-08 10:45:54,180.6,177.7,50.7,18.2,460270,13.450000000000001,49.0,32.0,14.757833333333332,64.66666666666667,36.389,19.2465,75.66666666666667,91.33333333333333,3810.0416666666665,13.833333333333334,893.0,3.0,18.666666666666668,4.0,14597.745499999999,35.395833333333336,3650908.0833333335,3.1065,21.9585,0.492,1291.5,35.714307999999996,51.2663785,12.0,6.5200000000000005,-0.031445015356764514,0.0,1.6666666666666667
2025-01-08 10:46:00,68.3,68.3,32.7,15.0,435720,13.416666666666666,33.0,32.0,17.974333333333334,94.66666666666667,49.472833333333334,38.302,75.0,90.0,3775.2916666666665,13.033333333333333,894.5,3.0,13.333333333333334,4.0,14597.8945,70.82283333333334,3670115.9166666665,6.361833333333333,24.145833333333332,0.45966666666666667,1292.0,35.7156985,51.266321500000004,12.0,356.685,-0.016493361431346297,0.0,0.22222222222222143
2025-01-08 10:46:06,40.9,40.3,19.0,9.8,321050,13.4,49.0,32.0,19.070833333333333,52.333333333333336,14.681666666666667,1.737,75.16666666666667,94.16666666666667,3910.9166666666665,13.616666666666667,894.5,3.0,21.333333333333332,4.0,14598.052000000001,-12.270833333333334,3711383.5833333335,1.1883333333333332,23.25016666666667,0.395,1291.5,35.717178499999996,51.266218,12.0,356.885,0.001774418072860941,0.6944444444444452,0.0
2025-01-08 10:46:12,33.0,32.4,17.1,9.1,302940,13.450000000000001,17.0,32.0,22.961833333333335,59.666666666666664,24.067166666666665,18.8735,75.33333333333333,76.33333333333333,3187.375,14.183333333333332,887.0,3.0,13.333333333333334,4.0,14598.1895,34.41683333333333,3716646.375,2.423,19.645833333333332,0.395,1291.0,35.718426,51.26608100000001,12.0,353.655,-0.013148147031690564,0.0,2.9722222222222237
2025-01-08 10:46:18,45.5,45.5,27.2,12.2,395970,13.416666666666666,33.0,32.0,20.670166666666667,49.5,18.834833333333332,10.112499999999999,75.0,83.66666666666667,3483.375,14.466666666666667,890.0,3.0,18.666666666666668,4.0,14598.322833333334,1.9375,3734208.5,1.0971666666666666,20.5625,0.395,1291.0,35.719656,51.265772,12.0,347.00499999999994,-0.0182677795042074,1.2222222222222239,0.0
2025-01-08 10:46:24,69.6,69.0,35.8,14.5,421150,13.383333333333333,17.0,32.0,21.199,131.66666666666666,69.3155,41.31016666666667,75.0,84.0,3504.9583333333335,11.616666666666667,887.0,3.0,10.666666666666666,4.0,14598.456333333334,127.56233333333334,3752183.2916666665,9.759833333333333,26.322999999999997,0.395,1291.5,35.720864999999996,51.265362,12.0,343.845,-0.008959356826904177,0.05555555555555477,0.0
2025-01-08 10:46:30,69.3,67.5,39.2,15.5,431670,13.366666666666667,1.0,32.0,14.4805,144.83333333333334,81.54816666666666,70.29266666666668,75.16666666666667,113.83333333333333,4737.166666666667,11.316666666666668,904.5,3.0,8.0,4.0,14598.618499999999,155.70833333333334,3833835.125,13.161,33.72933333333334,0.395,1293.5,35.7223435,51.264737999999994,12.0,340.10499999999996,-0.013409946419489805,4.972222222222221,0.0
2025-01-08 10:46:36,58.3,58.3,27.9,11.4,376040,13.383333333333333,65.0,32.0,14.13,75.0,43.76383333333334,28.9575,76.0,125.16666666666667,5204.916666666667,12.9,916.5,3.0,18.666666666666668,4.0,14598.821666666669,36.73983333333333,3904431.2916666665,5.754333333333332,30.3335,0.395,1296.0,35.724081000000005,51.263794,12.0,335.305,-0.010937396645831106,1.8888888888888904,0.0
2025-01-08 10:46:42,38.6,38.6,19.4,9.0,321800,13.466666666666667,65.0,32.0,23.255,30.666666666666668,12.5005,0.1435,76.0,93.83333333333333,3894.5,14.5,909.0,3.0,24.0,4.0,14599.007166666668,-39.562333333333335,3913105.25,0.0,22.12483333333333,0.395,1298.5,35.7255915,51.262893999999996,12.0,334.325,0.0013962634015955153,0.0,5.222222222222224
2025-01-08 10:46:48,30.3,30.1,15.5,8.4,305240,13.5,17.0,32.0,26.22083333333333,34.0,12.650166666666665,6.4254999999999995,75.0,75.83333333333333,3146.5833333333335,14.5,900.0,3.0,18.666666666666668,4.0,14599.145833333334,-18.98933333333333,3914867.4166666665,0.5543333333333333,20.427,0.395,1301.0,35.726738000000005,51.262254500000004,12.0,335.52000000000004,-0.0014253522224620622,0.0,3.0
2025-01-08 10:46:54,27.7,27.6,16.1,9.4,342860,13.466666666666667,17.0,32.0,24.928833333333333,68.83333333333333,27.44633333333333,23.982166666666668,75.0,65.66666666666667,2735.875,14.333333333333334,890.0,3.0,10.666666666666666,4.0,14599.261166666665,56.770833333333336,3922552.9166666665,2.593,18.36466666666667,0.395,1303.5,35.72769,51.2616825,12.0,333.56,-0.004857833084717597,0.0,1.6944444444444429
2025-01-08 10:47:00,26.2,26.2,15.0,9.9,351470,13.5,1.0,32.0,20.657,49.0,16.172166666666666,11.278333333333334,75.0,71.5,2984.8333333333335,14.5,881.5,3.0,16.0,4.0,14599.375666666667,7.031166666666667,3936784.3333333335,1.0983333333333334,19.12516666666667,0.395,1304.5,35.728657000000005,51.261095000000005,12.0,334.035,0.0035779249665884288,0.9722222222222214,0.0
2025-01-08 10:47:06,19.5,19.5,13.7,9.2,344920,13.5,1.0,32.0,21.2235,63.166666666666664,23.962666666666667,26.055333333333333,75.0,69.66666666666667,2915.9166666666665,14.5,874.0,3.0,8.0,4.0,14599.491499999998,54.5105,3944882.7083333335,2.359833333333333,17.7605,0.395,1306.5,35.729626,51.26051150000001,12.0,333.785,-0.001919862177193835,0.0,0.30555555555555475
2025-01-08 10:47:12,13.3,13.3,10.4,8.5,339510,13.549999999999999,1.0,32.0,18.214333333333332,67.33333333333333,25.15833333333333,29.697666666666667,74.33333333333333,79.0,3294.2916666666665,14.5,872.5,3.0,8.0,4.0,14599.614500000001,65.83316666666667,3961610.5833333335,2.8915,17.895833333333332,0.395,1307.0,35.730672500000004,51.259888,12.0,334.46999999999997,0.003519747324855336,1.5555555555555547,0.0
2025-01-08 10:47:18,17.9,17.9,14.6,10.2,384750,13.516666666666666,1.0,32.0,17.846666666666668,52.833333333333336,19.745833333333334,22.17833333333333,74.83333333333333,84.33333333333333,3504.4583333333335,14.5,870.5,3.0,10.666666666666666,4.0,14599.75,29.625,3977323.5833333335,1.9861666666666666,19.4895,0.395,1308.5,35.731846,51.2592565,12.0,337.26500000000004,0.010355620228499694,0.8888888888888881,0.0
2025-01-08 10:47:24,23.5,23.5,18.5,11.4,406330,13.466666666666667,17.0,32.0,20.204666666666668,31.0,11.151000000000002,1.8305,75.0,77.66666666666667,3222.125,14.5,865.0,3.0,21.333333333333332,4.0,14599.8865,-32.166666666666664,3983849.0833333335,0.20483333333333334,21.010666666666665,0.395,1311.5,35.7330245,51.258713,12.0,340.22499999999997,0.008290313946972966,0.0,1.1111111111111096
2025-01-08 10:47:30,21.1,21.1,14.3,11.1,427910,13.483333333333334,1.0,32.0,15.443166666666665,49.5,16.350333333333335,18.945833333333333,74.16666666666667,70.33333333333333,2920.0416666666665,14.5,857.0,3.0,8.0,4.0,14600.007833333331,29.635499999999997,3989646.9583333335,1.676,18.8125,0.395,1313.5,35.73411,51.258602499999995,12.0,183.48,0.0916297857297023,0.0,1.2222222222222239
2025-01-08 10:47:36,22.0,21.9,15.7,11.1,423460,13.483333333333334,1.0,32.0,10.412,38.666666666666664,12.6425,10.954333333333333,74.0,66.0,2729.0,14.5,849.0,3.0,10.666666666666666,4.0,14600.121666666666,8.572833333333334,3996977.9583333335,1.2125,19.843666666666667,0.395,1315.5,35.7350085,51.2592125,12.0,37.695,0.09840748099161366,0.0,0.7222222222222214
2025-01-08 10:47:42,22.9,22.7,14.1,11.0,435620,13.5,1.0,32.0,8.057166666666667,45.833333333333336,14.037166666666666,17.324333333333332,74.0,65.83333333333333,2737.5,14.5,842.0,3.0,8.0,4.0,14600.2305,22.354166666666668,4005646.9583333335,1.308,19.156166666666667,0.395,1317.0,35.7354645,51.2602695,12.0,69.93,0.0924151838930997,0.0,0.027777777777778567
2025-01-08 10:47:48,17.3,17.3,14.3,12.1,484270,13.5,1.0,32.0,10.299999999999999,30.5,9.983833333333333,8.009500000000001,74.0,67.66666666666667,2821.625,14.5,836.5,3.0,8.0,4.0,14600.341166666667,-1.0103333333333335,4013129.7083333335,0.8968333333333334,20.666833333333333,0.395,1317.0,35.735567,51.2615355,12.0,86.27,0.023678300185389776,0.30555555555555713,0.0
2025-01-08 10:47:54,14.7,14.7,12.9,11.1,445390,13.483333333333334,1.0,32.0,15.432833333333333,30.333333333333332,9.988,3.717,74.0,65.5,2721.2083333333335,14.4,830.5,3.0,18.666666666666668,4.0,14600.451666666666,-22.8125,4017085.7916666665,0.5521666666666666,20.448,0.395,1316.0,35.735634,51.262802,12.0,86.12,-0.001716240431127685,0.0,0.3611111111111119
2025-01-08 10:48:00,18.7,18.7,13.5,10.5,414140,13.433333333333332,1.0,32.0,17.711333333333332,41.166666666666664,13.018666666666666,15.744166666666667,73.66666666666667,61.166666666666664,2545.8333333333335,14.5,822.5,3.0,8.0,4.0,14600.556666666665,14.656333333333334,4021043.0,1.2848333333333333,19.354166666666668,0.395,1316.5,35.735696499999996,51.263981,12.0,86.52499999999999,0.0029088820866572155,0.0,0.7222222222222227
2025-01-08 10:48:06,17.8,17.8,12.8,10.7,419400,13.5,1.0,32.0,14.957833333333333,76.83333333333333,29.010833333333334,30.45266666666667,74.0,66.5,2771.5,14.5,822.5,3.0,8.0,4.0,14600.660833333333,76.14583333333333,4032898.5416666665,2.7418333333333336,16.6875,0.395,1318.5,35.73575,51.265176499999995,12.0,86.745,-0.001250819297262623,0.8888888888888893,0.0
2025-01-08 10:48:12,16.5,16.5,14.3,11.1,438980,13.450000000000001,1.0,32.0,14.076833333333333,43.5,14.728166666666667,16.048666666666666,74.33333333333333,72.0,2998.5,14.049999999999999,826.5,3.0,10.666666666666666,4.0,14600.776833333332,15.437166666666664,4046490.0833333335,1.3668333333333333,19.37516666666667,0.395,1321.5,35.735809499999995,51.2665155,12.0,86.985,0.0015126186850617828,0.9166666666666666,0.0
2025-01-08 10:48:18,16.3,16.3,13.7,10.9,449000,13.4,65.0,32.0,17.081,31.333333333333332,9.526166666666667,0.7426666666666667,75.0,64.33333333333333,2675.8333333333335,14.5,821.5,3.0,18.666666666666668,4.0,14600.892666666667,-27.896,4051681.7083333335,0.25833333333333336,20.354,0.395,1323.5,35.735857,51.267818500000004,12.0,87.915,0.005294165397716113,0.0,1.2777777777777786
2025-01-08 10:48:24,19.9,19.9,14.1,11.0,444890,13.416666666666666,1.0,32.0,14.656,51.333333333333336,26.203666666666663,19.384,73.83333333333333,57.166666666666664,2383.375,14.166666666666666,814.0,3.0,10.666666666666666,4.0,14600.992166666665,29.885166666666667,4055702.75,1.6895,19.166666666666668,0.395,1324.5,35.7357235,51.268905499999995,12.0,104.25999999999999,0.06245369840053033,0.0,1.194444444444444
2025-01-08 10:48:30,18.9,18.9,15.7,11.5,443040,13.466666666666667,1.0,32.0,12.636666666666665,37.5,10.87,8.252333333333333,73.0,63.833333333333336,2658.4583333333335,14.5,817.5,3.0,13.333333333333334,4.0,14601.091833333334,-4.968666666666667,4067062.7916666665,0.5911666666666666,19.906166666666667,0.395,1324.0,35.735269499999994,51.269916499999994,12.0,123.08,0.0511381470834339,1.1111111111111118,0.0
2025-01-08 10:48:36,22.4,22.4,16.1,12.7,486520,13.433333333333332,1.0,32.0,14.004166666666668,30.5,9.043166666666666,4.312166666666667,74.0,60.666666666666664,2529.875,13.816666666666668,812.0,3.0,16.0,4.0,14601.194666666668,-18.1145,4070432.25,0.6318333333333334,20.343833333333333,0.395,1323.5,35.7346285,51.270796,12.0,134.11999999999998,0.025016385945252042,0.0,0.5277777777777786
2025-01-08 10:48:42,24.9,24.9,17.7,11.8,467330,13.466666666666667,1.0,32.0,13.722166666666666,30.666666666666668,9.384166666666667,7.757666666666666,74.5,60.0,2498.375,14.5,806.5,3.0,10.666666666666666,4.0,14601.295,-7.083333333333333,4074638.4583333335,0.6621666666666667,20.24983333333333,0.395,1323.0,35.734028,51.2714025,12.0,142.705,0.021612993903863134,0.0,0.11111111111111072
2025-01-08 10:48:48,73.4,56.7,27.5,14.4,514800,13.416666666666666,1.0,32.0,16.337999999999997,34.833333333333336,10.991833333333332,11.601333333333335,75.0,61.5,2562.7916666666665,14.1,800.5,3.0,10.666666666666666,4.0,14601.395333333334,1.1666666666666672,4079697.4166666665,0.9218333333333333,19.843833333333333,0.395,1323.0,35.7333315,51.272173,12.0,134.82,-0.03833906590214212,0.25,0.0
2025-01-08 10:48:54,23.2,23.2,14.7,10.8,431720,13.4,1.0,32.0,20.308333333333334,28.166666666666668,8.345666666666666,4.9655,73.66666666666667,60.833333333333336,2549.8333333333335,13.966666666666667,794.5,3.0,10.666666666666666,4.0,14601.498,-9.020833333333334,4084450.7083333335,0.7646666666666667,20.604166666666668,0.395,1323.0,35.7327385,51.273096,12.0,127.175,-0.013671745807288882,0.0,0.11111111111111072
2025-01-08 10:49:00,27.8,27.8,19.9,13.0,450250,13.466666666666667,1.0,32.0,21.802833333333336,38.0,11.372,13.138333333333334,73.0,61.0,2553.3333333333335,14.5,789.5,3.0,8.0,4.0,14601.599,10.062333333333333,4089448.1666666665,1.0233333333333334,19.63533333333333,0.395,1323.0,35.732214,51.274052000000005,12.0,122.805,-0.014486232791552906,0.027777777777777384,0.0
2025-01-08 10:49:06,42.2,42.2,24.2,16.4,573940,13.433333333333332,33.0,32.0,22.93466666666667,33.0,10.166166666666667,1.9093333333333335,73.33333333333333,61.5,2557.9166666666665,14.5,784.5,3.0,18.666666666666668,4.0,14601.701166666666,-24.1875,4094520.3333333335,0.30516666666666664,20.0105,0.395,1323.0,35.731790499999995,51.275110000000005,12.0,114.52,-0.020507618710933404,0.08333333333333333,0.0
2025-01-08 10:49:12,29.2,29.2,20.0,11.2,416800,13.466666666666667,1.0,32.0,20.296499999999998,56.666666666666664,19.009,24.709500000000002,74.5,64.83333333333333,2702.5833333333335,14.5,781.5,3.0,8.0,4.0,14601.803333333335,46.2395,4101047.375,1.9816666666666667,17.86466666666667,0.395,1323.0,35.731367,51.276151999999996,12.0,118.12,0.018064157758141335,0.5555555555555548,0.0
2025-01-08 10:49:18,66.0,66.0,43.4,17.2,512890,13.466666666666667,1.0,32.0,16.9925,55.833333333333336,20.0045,24.82916666666667,75.66666666666667,75.0,3129.3333333333335,14.5,787.5,3.0,8.0,4.0,14601.919333333333,42.052,4112660.2916666665,2.1021666666666667,18.4895,0.395,1308.0,35.730667000000004,51.2774445,12.0,125.68999999999998,0.02388192193145568,1.6944444444444453,0.0
2025-01-08 10:49:24,209.1,194.2,62.1,21.5,675180,13.416666666666666,81.0,32.0,18.322166666666664,31.666666666666668,11.210833333333333,0.0,74.5,78.0,3238.0833333333335,14.5,797.5,3.0,24.0,4.0,14602.048833333334,-36.375,4121389.625,0.07866666666666666,20.9585,0.395,1305.0,35.729841,51.278541499999996,12.0,135.365,0.02955424200043739,0.5,0.0
2025-01-08 10:49:30,28.9,28.9,16.7,14.4,543630,13.5,65.0,32.0,24.768333333333334,53.666666666666664,22.209666666666664,13.540166666666666,73.0,53.666666666666664,2223.2916666666665,14.483333333333334,793.5,3.0,18.666666666666668,4.0,14602.160833333333,8.5,4122043.9583333335,0.997,18.104166666666668,0.395,1303.5,35.729067,51.27931,12.0,142.13,0.00980293263203475,0.0,4.055555555555556
2025-01-08 10:49:36,13.8,13.8,11.7,10.1,414640,13.466666666666667,1.0,32.0,19.711666666666666,103.83333333333333,34.95733333333333,35.102333333333334,73.16666666666667,66.66666666666667,2788.1666666666665,13.616666666666667,817.0,3.0,8.0,4.0,14602.254,107.9685,4140693.7916666665,4.035833333333334,19.0625,0.395,1301.5,35.728363,51.2799645,12.0,143.42,0.006574073515845365,2.166666666666668,0.0
2025-01-08 10:49:42,35.7,35.7,22.8,13.3,469190,13.5,1.0,32.0,17.888333333333332,44.666666666666664,16.089166666666667,15.081333333333333,74.83333333333333,79.66666666666667,3349.4166666666665,14.483333333333334,828.0,3.0,10.666666666666666,4.0,14602.377,15.948166666666665,4155817.8333333335,1.5058333333333334,19.854,0.395,1299.0,35.727419000000005,51.280823,12.0,143.545,-0.0003199770295323334,2.1666666666666665,0.0
2025-01-08 10:49:48,97.2,95.2,40.9,19.0,574840,13.5,1.0,32.0,18.417833333333334,71.5,40.61366666666667,31.461833333333335,76.66666666666667,86.66666666666667,3608.4166666666665,14.083333333333334,836.5,3.0,10.666666666666666,4.0,14602.512333333332,73.21883333333334,4167396.1666666665,3.915333333333333,19.958333333333332,0.395,1296.0,35.726380999999996,51.281746,12.0,144.125,-0.0006399540590645833,1.1666666666666667,0.0
2025-01-08 10:49:54,68.8,68.1,33.8,11.4,293430,13.466666666666667,49.0,32.0,19.1605,33.5,12.317333333333332,0.0,75.33333333333333,91.5,3785.0416666666665,14.5,856.5,3.0,24.0,4.0,14602.664166666667,-33.25,4184029.125,0.17883333333333332,21.947999999999997,0.395,1293.0,35.725240500000005,51.282807999999996,12.0,142.645,-0.003257947937056095,0.8055555555555548,0.0
2025-01-08 10:50:00,51.1,51.0,21.2,9.2,296880,13.433333333333332,17.0,32.0,22.4135,119.33333333333333,55.85166666666667,38.75216666666667,74.0,73.83333333333333,3101.5416666666665,12.416666666666666,857.0,3.0,10.666666666666666,4.0,14602.795666666667,121.07283333333334,4196535.375,7.158,22.49983333333333,0.395,1290.0,35.7242945,51.2836915,12.0,143.115,0.003112503832723283,0.0,2.944444444444445
2025-01-08 10:50:06,25.8,24.1,10.8,7.2,252120,13.5,1.0,32.0,17.271333333333335,78.83333333333333,41.20433333333333,29.630499999999998,75.16666666666667,95.66666666666667,3999.9583333333335,13.533333333333333,874.0,3.0,8.0,4.0,14602.936833333333,69.9895,4233798.583333333,5.088666666666667,22.927166666666665,0.395,1288.0,35.7231885,51.2846605,12.0,144.93499999999997,0.00479965544298434,3.6388888888888906,0.0
2025-01-08 10:50:12,21.2,21.2,13.3,7.6,254970,13.466666666666667,22.333333333333332,32.0,13.600666666666667,67.5,24.392666666666667,18.333000000000002,77.33333333333333,112.33333333333333,4672.708333333333,14.066666666666668,892.0,3.0,13.333333333333334,4.0,14603.109333333334,38.03133333333333,4274389.75,3.4431666666666665,24.760499999999997,0.395,1284.0,35.7217675,51.2856655,12.0,152.48,0.029612419642170484,2.7777777777777763,0.0
2025-01-08 10:50:18,26.4,26.4,14.9,8.5,284480,13.416666666666666,97.0,32.0,13.298166666666667,30.666666666666668,12.025833333333333,0.0,75.66666666666667,90.33333333333333,3746.1666666666665,14.5,887.5,3.0,24.0,4.0,14603.285833333333,-39.374833333333335,4282987.5,0.0,21.875,0.395,1280.0,35.720238,51.2862265,12.0,168.32500000000002,0.05041092656176958,0.0,3.6666666666666665
2025-01-08 10:50:24,24.8,24.7,14.8,8.1,261770,13.450000000000001,17.0,32.0,15.958,33.666666666666664,10.583666666666666,10.242833333333333,75.0,64.83333333333333,2705.4583333333335,14.15,879.0,3.0,13.333333333333334,4.0,14603.4095,-3.1771666666666665,4284680.583333333,0.9876666666666667,20.145833333333332,0.395,1277.5,35.7191315,51.286356000000005,12.0,175.54,0.009657488527701938,0.0,4.25
2025-01-08 10:50:30,58.1,57.7,32.7,14.7,392710,13.4,1.0,32.0,14.133166666666668,144.5,75.64233333333333,70.36033333333333,75.66666666666667,74.0,3096.9583333333335,11.883333333333333,875.0,3.0,8.0,4.0,14603.518833333334,149.74983333333333,4304286.916666667,9.606166666666667,24.104166666666668,0.395,1278.0,35.718088,51.286442,12.0,176.235,0.0008144869842640238,1.5277777777777786,0.0
2025-01-08 10:50:36,27.7,25.7,8.8,6.4,244310,13.466666666666667,17.0,32.0,10.098833333333333,123.66666666666667,61.471,48.44466666666667,75.66666666666667,107.33333333333333,4456.458333333333,12.033333333333333,890.0,3.0,13.333333333333334,4.0,14603.67,115.32283333333334,4381323.583333333,9.771666666666667,30.521,0.395,1277.5,35.716637,51.286554499999994,12.0,176.42999999999998,0.0004654211338651446,5.5555555555555545,0.0
2025-01-08 10:50:42,24.1,24.0,10.5,6.5,237860,13.450000000000001,49.0,32.0,15.949166666666665,29.833333333333332,12.850666666666667,0.0,75.0,102.0,4242.625,14.5,889.5,3.0,24.0,4.0,14603.847666666667,-39.895833333333336,4402387.0,0.0,22.906166666666667,0.395,1274.5,35.714983,51.2866875,12.0,176.17,-0.0010471975511966373,0.0,0.8888888888888881
2025-01-08 10:50:48,7.4,7.4,5.6,5.3,210650,13.583333333333334,65.0,32.0,18.764,30.0,12.467999999999998,0.0,75.0,95.83333333333333,3963.9583333333335,14.5,883.5,3.0,24.0,4.0,14604.011666666665,-39.020833333333336,4402714.333333333,0.0,22.520666666666667,0.395,1267.5,35.7134685,51.286678499999994,12.0,183.20000000000002,0.03269583465402714,0.0,1.0277777777777786
2025-01-08 10:50:54,6.3,6.3,4.9,4.4,178050,13.516666666666666,97.0,32.333333333333336,19.272166666666667,29.333333333333332,9.695333333333332,0.0,74.83333333333333,71.83333333333333,2942.5833333333335,14.5,877.5,3.0,24.0,4.0,14604.156333333332,-34.458333333333336,4403161.083333333,0.09583333333333333,20.989333333333335,0.395,1263.5,35.712204,51.286251,12.0,200.57000000000002,0.05270894341022875,0.0,4.0
2025-01-08 10:51:00,5.8,5.8,5.0,4.5,185150,13.466666666666667,17.0,32.5,19.785,70.5,24.733333333333334,22.599333333333334,74.0,36.0,1827.4166666666667,14.5,870.0,3.0,13.333333333333334,3.3333333333333335,14604.239666666666,57.354166666666664,4407386.916666667,2.0436666666666667,16.948,0.395,1262.5,35.71159,51.285836999999994,12.0,210.64499999999998,0.01489347628368496,0.0,5.972222222222221
2025-01-08 10:51:06,6.6,6.6,4.8,4.4,180200,13.450000000000001,1.0,32.5,14.417333333333334,68.16666666666667,30.049000000000003,24.122333333333334,74.0,58.5,3167.25,14.5,873.0,3.0,13.333333333333334,3.1666666666666665,14604.317000000001,59.29183333333333,4424316.833333333,2.7526666666666664,18.323,0.395,1262.0,35.710928,51.285371999999995,12.0,209.43499999999997,-0.004217879025653013,3.75,0.0
2025-01-08 10:51:12,5.4,5.4,4.9,4.2,166650,13.416666666666666,33.0,32.666666666666664,16.832166666666666,52.833333333333336,18.319333333333333,14.004,74.33333333333333,62.166666666666664,2588.875,14.5,874.0,3.0,16.0,4.0,14604.42,25.166833333333333,4435462.416666667,1.4748333333333334,18.718666666666667,0.395,1262.0,35.7100465,51.284879499999995,12.0,202.12,-0.02617993877991494,0.6111111111111107,0.0
2025-01-08 10:51:18,13.6,13.6,9.9,6.0,227960,13.533333333333333,1.0,32.0,16.3835,65.0,24.324333333333332,23.711166666666667,75.0,70.33333333333333,2933.9166666666665,14.466666666666667,868.0,3.0,10.666666666666666,4.0,14604.526,49.5,4449564.916666667,2.0861666666666667,18.12516666666667,0.395,1261.0,35.709074,51.2845385,12.0,194.09,-0.023271056693257727,1.3611111111111107,0.0
2025-01-08 10:51:24,62.8,62.8,38.9,11.1,299590,13.516666666666666,97.0,32.333333333333336,22.62183333333333,30.5,7.7491666666666665,0.0,74.16666666666667,52.666666666666664,2199.1666666666665,14.133333333333333,860.0,3.0,24.0,3.8333333333333335,14604.637999999999,-29.9375,4455124.5,0.19166666666666665,20.208166666666667,0.395,1262.0,35.708073000000006,51.2842695,12.0,192.13,-0.0015126186850616993,0.0,2.944444444444444
2025-01-08 10:51:30,100.7,100.6,49.2,15.8,343460,13.566666666666668,17.0,33.0,24.058166666666665,49.166666666666664,15.1845,16.575666666666667,74.0,32.666666666666664,1856.3333333333333,14.5,851.0,3.0,13.333333333333334,3.0,14604.701333333333,32.437666666666665,4459824.666666667,1.1788333333333332,18.041666666666668,0.395,1261.0,35.7075465,51.284122499999995,12.0,193.955,0.01486438746281833,0.0,3.3333333333333335
2025-01-08 10:51:36,58.1,58.1,34.4,19.4,572080,13.566666666666668,97.0,33.0,26.247,31.166666666666668,3.4293333333333336,0.0,74.0,6.5,990.2083333333334,14.5,846.0,3.0,24.0,7.5,14604.74,-13.719000000000001,4463461.333333333,0.29433333333333334,21.0625,0.395,1260.0,35.707241,51.284004,12.0,199.97,0.015533430342749543,0.0,4.361111111111111
2025-01-08 10:51:42,27.2,26.6,12.7,7.3,256070,13.583333333333334,97.0,33.0,26.73483333333333,33.0,3.626,0.0,74.83333333333333,0.0,947.7916666666666,14.5,843.0,3.0,24.0,13.0,14604.742,-14.9275,4465315.833333333,0.3196666666666667,20.968833333333333,0.395,1261.0,35.707233,51.284,12.0,202.1,0.0,0.0,1.0833333333333333
2025-01-08 10:51:48,13.9,13.9,8.5,6.6,246960,13.533333333333333,97.0,33.0,26.157,33.0,3.656333333333333,0.0,75.0,0.0,952.0,14.5,840.0,3.0,24.0,13.0,14604.742,-14.895833333333334,4467229.0,0.31116666666666665,20.98966666666667,0.395,1260.5,35.707237,51.284,12.0,0.0,0.45931248148317433,0.0,0.0
2025-01-08 10:51:54,8.7,8.7,6.8,5.8,229510,13.566666666666668,97.0,33.0,25.718666666666667,33.166666666666664,3.624,0.0,75.0,0.0,948.75,14.5,837.0,3.0,24.0,13.0,14604.742,-14.791666666666666,4469086.75,0.31116666666666665,20.98966666666667,0.395,1260.5,35.707239,51.284,12.0,0.0,0.0,0.0,0.0
2025-01-08 10:52:00,6.9,6.9,6.3,5.8,227710,13.5,97.0,33.0,25.208333333333332,33.333333333333336,3.6766666666666663,0.0,74.66666666666667,0.0,953.1666666666666,14.5,834.0,3.0,24.0,13.0,14604.742,-14.937666666666667,4470936.583333333,0.308,20.979333333333333,0.395,1261.0,35.707241,51.2839965,12.0,135.0,-0.2617993877991495,0.0,0.0
2025-01-08 10:52:06,10.7,10.7,9.0,6.4,240610,13.583333333333334,17.0,33.0,23.156666666666666,44.666666666666664,8.254166666666666,13.085500000000001,73.83333333333333,4.666666666666667,1263.5,14.5,828.5,3.0,13.333333333333334,7.0,14604.742666666667,17.8855,4473307.5,0.777,18.93766666666667,0.395,1260.5,35.707218000000005,51.283989,12.0,184.85,-0.23358323155857452,0.7777777777777778,0.0
2025-01-08 10:52:12,33.5,32.9,16.1,8.0,238110,13.6,1.0,32.833333333333336,18.05,56.0,27.599166666666665,23.026666666666667,72.5,27.833333333333332,3222.1666666666665,14.5,828.0,3.0,10.666666666666666,1.5,14604.768333333333,49.125,4481091.916666667,2.325833333333333,18.906333333333333,0.395,1260.0,35.7069435,51.283935500000005,12.0,189.04999999999998,8.726646259971972e-05,3.8611111111111107,0.0
2025-01-08 10:52:18,47.5,47.5,30.8,11.1,276320,13.549999999999999,1.0,32.166666666666664,13.286333333333333,86.33333333333333,55.95283333333333,39.97366666666667,72.83333333333333,65.5,5356.916666666667,12.716666666666667,879.0,3.0,10.666666666666666,2.0,14604.843166666666,79.73966666666666,4511127.166666667,6.144833333333334,28.75016666666667,0.395,1257.5,35.706213,51.2837525,12.0,191.80499999999998,0.006166830023713312,6.277777777777779,0.0
2025-01-08 10:52:24,73.1,64.6,25.6,12.7,391060,13.549999999999999,49.0,33.0,16.884,23.166666666666668,11.005333333333333,2.4316666666666666,74.66666666666667,75.66666666666667,4387.041666666667,14.5,889.5,3.0,21.333333333333332,3.0,14604.966999999999,-24.916666666666668,4536503.083333333,0.9916666666666667,24.052000000000003,0.395,1255.5,35.705069,51.283443500000004,12.0,192.43499999999997,0.0009308422677302891,1.6944444444444453,0.0
2025-01-08 10:52:30,16.4,16.2,7.1,5.3,196500,13.566666666666668,81.0,33.0,24.499666666666666,28.666666666666668,9.580333333333334,3.573166666666667,76.83333333333333,54.833333333333336,3115.125,14.5,886.0,3.0,21.333333333333332,3.0,14605.078833333333,-17.3125,4541579.5,0.8946666666666667,21.354166666666668,0.395,1254.0,35.704069499999996,51.2831785,12.0,191.82000000000002,-0.0030834150118565725,0.0,3.4722222222222228
2025-01-08 10:52:36,17.2,17.2,9.7,6.1,217610,13.6,33.0,33.0,24.855999999999998,27.166666666666668,7.154166666666666,0.0285,74.83333333333333,42.5,2378.9166666666665,14.5,880.5,3.0,24.0,3.0,14605.154333333334,-20.88533333333333,4546145.333333333,0.5793333333333334,20.573,0.395,1252.5,35.70339,51.28297799999999,12.0,194.635,0.01201368301789429,0.0,2.055555555555556
2025-01-08 10:52:42,18.3,18.3,11.2,7.1,258970,13.549999999999999,65.0,33.0,25.564666666666668,27.0,4.2665,0.0,74.0,29.5,1591.1666666666667,14.5,874.5,3.0,24.0,3.1666666666666665,14605.2155,-23.385499999999997,4549211.583333333,0.37033333333333335,20.406333333333333,0.395,1251.0,35.7028635,51.282779500000004,12.0,200.55499999999998,0.03287036757922649,0.0,2.1666666666666665
2025-01-08 10:52:48,15.8,15.8,9.1,6.5,242010,13.549999999999999,65.0,33.0,23.8255,31.0,4.599,3.6951666666666667,74.5,14.166666666666666,1193.7083333333333,14.5,870.0,3.0,21.333333333333332,1.8333333333333333,14605.253333333334,-9.041666666666666,4551204.416666667,0.42316666666666664,20.479333333333333,0.395,1249.5,35.702634999999994,51.282523999999995,12.0,233.97,0.09925105679674422,0.0,2.555555555555556
2025-01-08 10:52:54,36.5,36.5,19.7,8.2,254120,13.6,1.0,33.0,18.226333333333333,50.333333333333336,19.9935,23.324166666666667,75.5,24.833333333333332,3741.25,14.5,868.0,3.0,10.666666666666666,1.0,14605.279999999999,32.499833333333335,4558700.5,2.331,20.927,0.395,1249.5,35.702600499999996,51.28223,12.0,266.14,0.10722139371418493,1.7777777777777777,0.0
2025-01-08 10:53:00,18.5,18.5,10.7,8.8,304540,13.533333333333333,1.0,32.166666666666664,12.957166666666666,116.16666666666667,74.059,64.5605,75.33333333333333,53.666666666666664,4680.5,11.433333333333332,887.5,3.0,8.0,2.0,14605.342499999999,123.85433333333333,4590178.5,11.845999999999998,30.208333333333332,0.395,1251.5,35.702720500000005,51.281507500000004,12.0,282.415,0.01480620982108532,4.805555555555555,0.0
2025-01-08 10:53:06,9.6,9.6,7.5,7.0,254720,13.549999999999999,1.0,32.5,11.819833333333333,67.16666666666667,33.71483333333333,38.31133333333333,75.5,80.83333333333333,5224.583333333333,13.783333333333333,908.0,3.0,10.666666666666666,2.6666666666666665,14605.449333333332,54.32266666666666,4642349.083333333,4.812333333333333,25.5625,0.395,1253.0,35.702951000000006,51.280148,12.0,281.65,-0.0022398392067261696,4.527777777777778,0.0
2025-01-08 10:53:12,10.1,10.1,7.0,5.4,203500,13.549999999999999,49.0,32.5,11.911499999999998,54.833333333333336,25.682166666666664,18.221500000000002,76.5,92.5,5211.75,13.799999999999999,924.0,3.0,16.0,3.0,14605.593,29.281166666666667,4674923.416666667,4.159,26.62483333333333,0.395,1254.5,35.703251,51.2784995,12.0,282.81,0.0023852833110590624,1.9444444444444453,0.0
2025-01-08 10:53:18,11.6,11.0,6.5,5.3,206150,13.516666666666666,97.0,33.0,23.292666666666666,24.833333333333332,7.344166666666666,0.0,76.0,50.5,2800.9166666666665,14.5,920.0,3.0,24.0,3.0,14605.722666666667,-25.843666666666667,4685160.666666667,0.631,21.593999999999998,0.395,1257.0,35.703495,51.277151,12.0,282.57,5.817764173309133e-05,0.0,7.0
2025-01-08 10:53:24,14.7,14.7,8.9,5.7,212510,13.5,1.0,32.5,22.018666666666665,78.83333333333333,33.305166666666665,29.718500000000002,76.0,31.166666666666668,2540.125,14.4,913.5,3.0,10.666666666666666,2.0,14605.780666666667,78.0105,4692592.083333333,2.7579999999999996,16.979166666666668,0.395,1258.0,35.703583,51.2766915,12.0,283.73499999999996,0.000989019909463382,0.0,3.222222222222222
2025-01-08 10:53:30,143.2,140.4,62.1,13.0,331110,13.566666666666668,17.0,32.5,16.606666666666666,43.333333333333336,18.612666666666666,9.842833333333333,75.33333333333333,53.833333333333336,4454.5,14.116666666666667,913.5,3.0,13.333333333333334,2.0,14605.852166666666,7.770833333333333,4710439.5,1.8946666666666667,22.406333333333333,0.395,1258.0,35.703731499999996,51.2758905,12.0,282.74,-0.0018907733563271248,3.777777777777778,0.0
2025-01-08 10:53:36,14.4,14.4,4.8,4.4,170500,13.566666666666668,33.0,32.5,20.136666666666667,32.833333333333336,13.075166666666666,6.551666666666667,75.66666666666667,46.0,3784.0416666666665,14.35,908.5,3.0,16.0,2.0,14605.9375,-13.53116666666667,4717969.333333333,1.0546666666666666,22.031499999999998,0.395,1258.0,35.703903000000004,51.2749425,12.0,282.59,0.0003199770295323335,0.0,1.305555555555556
2025-01-08 10:53:42,6.3,6.3,4.4,4.0,151950,13.566666666666668,1.0,32.166666666666664,16.870833333333334,51.0,22.051833333333335,24.12516666666667,76.0,51.333333333333336,4222.75,14.466666666666667,906.5,3.0,10.666666666666666,2.0,14606.016833333333,33.937666666666665,4729306.416666667,2.8501666666666665,21.385166666666667,0.395,1258.0,35.7040595,51.274069,12.0,282.24,-0.0025598162362583366,0.8888888888888893,0.0
2025-01-08 10:53:48,7.4,7.4,6.1,4.9,190400,13.533333333333333,49.0,33.0,15.592500000000001,36.333333333333336,14.054166666666667,11.1825,75.66666666666667,58.666666666666664,3420.0416666666665,14.5,904.0,3.0,18.666666666666668,3.0,14606.109333333334,2.552166666666668,4742010.916666667,1.335,20.854166666666668,0.395,1258.0,35.7042505,51.2730235,12.0,283.085,0.005235987755982857,1.2222222222222214,0.0
2025-01-08 10:53:54,63.1,63.0,29.2,7.1,231110,13.5,97.0,33.0,20.483666666666664,25.0,6.8053333333333335,0.0,76.0,48.333333333333336,2690.3333333333335,14.5,900.0,3.0,24.0,3.0,14606.181000000002,-25.021,4746276.0,0.5806666666666667,21.104,0.395,1258.0,35.704407,51.272232,12.0,283.84,0.0025598162362583366,0.0,1.7222222222222214
