Datetime,TSP [ug/m3],PM10 [ug/m3],PM2.5 [ug/m3],PM1 [ug/m3],TC [1/l],Battery_voltage,Electrical_load,Switch,Fuel_level,Intake_manifold_absolute_pressure,Throttle_position,Accelerator_pedal_position,Coolant_temperature,Vehicle_Speed,Engine_speed,Target_air_fuel_ratio,Estimated_catalyst_temperature,Engine_status,Status_bit,Current_gear_shift_position_(Current_gear),Cumulative_mileage,Clutch_torque,Trip_fuel_consumption,Average_fuel_consumption_rate,Pumping_and_rubbing_friction_torque_at_current_condition,RON_factor,altitude,latitude,longitude,satelites,bearing,angular_speed,Acceleration,Deceleration
12/30/2024 14:37,5.3,5.3,4.9,4.4,170150,13.58333333,1,32,49.019,32.16666667,3.718666667,0,73,0,955.6666667,14.5,672,3,24,13,14414.797,-14.302,752462.0832,0.296166667,20.82266667,0.252,1267,35.705769,51.267025,12,270,0,0,0
12/30/2024 14:37,5.9,5.9,4.8,4.4,176000,13.6,1,32,49.01966667,32.16666667,3.643,0,73.5,0,951.2916667,14.5,672,3,24,13,14414.797,-13.64583333,754254.3645,0.297166667,20.833,0.252,1267,35.705769,51.267033,12,90,-0.523598776,0,0
12/30/2024 14:37,38,12.5,5.5,4.9,192650,13.6,1,32,49.02,32.16666667,3.698333333,0,74,0,947.9166667,14.5,672,3,24,13,14414.797,-14.36466667,756048.8018,0.3,20.833,0.252,1267,35.705767,51.267033,12,135,0.261799388,0,0
12/30/2024 14:37,44.8,17.7,7.5,4.9,190800,13.58333333,1,32,49.02,32.16666667,3.672833333,0,75,0,951.2083333,14.5,672,3,24,13,14414.797,-14.4065,757851.9687,0.2965,20.81216667,0.252,1267,35.705767,51.267033,12,90,-1.047197551,0,0
12/30/2024 14:37,7.6,7.6,5.8,4.6,184550,13.6,1,32,49.02,32,3.6695,0,75.83333333,0,955.7083333,14.5,672,3,24,13,14414.797,-14.50016667,759625.8127,0.297166667,20.8645,0.252,1267,35.705765,51.267033,12,180,0,0,0
12/30/2024 14:37,7.8,7.8,6.3,4.9,191300,13.6,1,32,49.02,32,3.658333333,0,76,0,952.5416667,14.5,672,3,24,13,14414.797,-14.43733333,761413.4897,0.297166667,20.8435,0.252,1267,35.705765,51.267033,12,180,0,0,0
12/30/2024 14:37,7.5,7.5,5.1,4.6,185050,13.6,1,32,49.02,32,3.667666667,0,75.66666667,0,952.4583333,14.5,672,3,24,13,14414.797,-14.45816667,763195.9482,0.2975,20.833,0.252,1267,35.705765,51.267033,12,180,0,0,0
12/30/2024 14:37,9,9,6.6,4.8,189000,13.6,1,32,49.02,31.83333333,3.6435,0,73.83333333,0,954.4583333,14.5,672,3,24,13,14414.797,-14.5835,764984.1773,0.295666667,20.8645,0.252,1267,35.705765,51.267033,12,180,0,0,0
12/30/2024 14:37,7.5,7.5,5.9,4.9,193300,13.58333333,1,32,49.02,32,3.6525,0,72,0,947.75,14.5,673,3,24,13,14414.797,-14.60433333,766772.4375,0.297833333,20.8645,0.252,1267,35.705765,51.267033,12,180,0,0,0
12/30/2024 14:38,6.9,6.9,5.7,5,194350,13.58333333,1,32,49.02,31.83333333,3.673833333,0,71,0,953,14.5,672,3,24,13,14414.797,-15.2605,768556.1667,0.296833333,20.8645,0.252,1267,35.705761,51.267025,12,238.38,0.169820536,0,0
12/30/2024 14:38,6.5,6.5,5.4,4.9,189550,13.6,1,32,49.02,32,3.643333333,0,71.33333333,0,948.7083333,14.5,672,3,24,13,14414.797,-13.16683333,770340.0835,0.295833333,20.875,0.252,1267,35.705759,51.267021,12,238.38,0,0,0
12/30/2024 14:38,7.6,7.6,5.6,4.5,174350,13.61666667,1,32,49.02,32,3.6815,0,72,0,951.9583333,14.5,672,3,24,13,14414.797,-14.32316667,772131.8335,0.3015,20.8645,0.252,1267,35.705755,51.267017,12,209.19,-0.169820536,0,0
12/30/2024 14:38,6.3,6.3,5.6,4.7,183450,13.63333333,1,32,49.02,32,3.665,0,72.66666667,0,953.75,14.5,672,3,24,13,14414.797,-15.0835,773932.6355,0.298666667,20.8435,0.252,1267,35.7057515,51.267017,12,180,0,0,0
12/30/2024 14:38,7.4,7.4,6.2,5.3,201600,13.6,1,32,49.02,32,3.668666667,0,73.16666667,0,956.7083333,14.5,672.5,3,24,13,14414.797,-14.5625,775717.4583,0.299166667,20.854,0.252,1267,35.70575,51.267017,12,180,0,0,0
12/30/2024 14:38,215.1,9.5,5,4.9,191350,13.65,1,32,49.02,31.83333333,3.6615,0,74,0,951.6666667,14.5,672.5,3,24,13,14414.797,-14.59366667,777507.8647,0.297833333,20.854,0.252,1267,35.705746,51.267025,12,121.62,-0.169820536,0,0
12/30/2024 14:38,98.9,15.8,5.5,4.9,188400,13.63333333,1,32,49.02,32,3.619166667,0,74.66666667,0,949.25,14.5,672,3,24,13,14414.797,-14.60433333,779291.0728,0.293,20.8435,0.252,1267,35.705746,51.267025,12,121.62,0,0,0
12/30/2024 14:38,15.6,15.6,11.6,5.2,197600,13.65,1,32,49.02,32.16666667,3.651,0,75.5,0,951.2083333,14.5,672,3,24,13,14414.797,-14.44783333,781067.6353,0.293666667,20.85416667,0.252,1267,35.705746,51.267025,12,121.62,0,0,0
12/30/2024 14:38,5.6,5.6,5.3,4.8,195200,13.66666667,1,32,49.02,32,3.664833333,0,76,0,958.375,14.5,672,3,24,13,14414.797,-14.4895,782849.7188,0.295666667,20.854,0.252,1267,35.705744,51.267017,12,225,0.169820536,0,0
12/30/2024 14:38,6.9,6.9,5.6,5.1,198500,13.63333333,1,32,49.02,32,3.649666667,0,76,0,951.625,14.5,672,3,24,13,14414.797,-14.44783333,784630.7917,0.293166667,20.854,0.252,1267,35.70574,51.2670135,12,207.435,0.15961036,0,0
12/30/2024 14:39,16.4,16.2,6.3,5,186200,13.61666667,1,32,49.02,32,3.651833333,0,74.5,0,954.875,14.5,674.5,3,24,13,14414.797,-15.39583333,786414.2395,0.299,20.854,0.252,1267,35.705738,51.26701,12,234.87,0,0,0
12/30/2024 14:39,779.4,29.5,4.6,4.3,169050,13.65,1,32,49.02,31.83333333,3.646,0,72.33333333,0,951.5833333,14.5,672.5,3,24,13,14414.797,-13.854,788191.5417,0.294,20.8645,0.252,1267,35.705738,51.267002,12,270,0.102189028,0,0
12/30/2024 14:39,13.7,12,5.8,4.6,174450,13.65,1,32,49.02,31.5,3.596333333,0,71.16666667,0,952.9583333,14.5,673.5,3,24,13,14414.797,-14.61466667,789979.6563,0.2935,20.875,0.252,1267,35.705738,51.266991,12,270,0,0,0
12/30/2024 14:39,7.2,7.2,4.8,4.6,180850,13.63333333,1,32,49.02,31.83333333,3.616166667,0,71,0,953.4166667,14.5,675,3,24,13,14414.797,-15.40633333,791757.698,0.297333333,20.854,0.252,1267,35.705742,51.266991,12,0,0.261799388,0,0
12/30/2024 14:39,7.5,7.5,5.1,4.5,173500,13.61666667,1,32,49.02,32,3.633,0,72,0,950.7916667,14.5,674,3,24,13,14414.797,-14.64583333,793535.1877,0.299333333,20.854,0.252,1267,35.705742,51.266983,12,270,-0.261799388,0,0
12/30/2024 14:39,7.6,7.6,5,4.3,163750,13.63333333,1,32,49.02,31.83333333,3.620166667,0,72.33333333,0,952.5,14.5,675,3,24,13,14414.797,-14.63566667,795310.6353,0.298333333,20.854,0.252,1267,35.705742,51.266983,12,270,0,0,0
12/30/2024 14:39,5.6,5.6,5,4.5,169500,13.63333333,1,32,49.02,31.83333333,3.672,0,73,0,956.5416667,14.5,674.5,3,24,13,14414.797,-14.677,797083.4585,0.2925,20.8645,0.252,1267,35.705738,51.266987,12,135,-0.523598776,0,0
12/30/2024 14:39,6.1,6.1,4.9,4.5,172600,13.63333333,1,32,49.02,32,3.634,0,73.66666667,0,954.2916667,14.5,675,3,24,13,14414.797,-14.79183333,798858.698,0.296,20.8435,0.252,1267,35.705738,51.266991,12,90,0,0,0
12/30/2024 14:39,4.5,4.5,4.4,4.2,162550,13.63333333,1,32,49.02,32,3.611333333,0,74.5,0,952.8333333,14.5,674.5,3,24,13,14414.797,-15.4685,800636.6667,0.298,20.854,0.252,1267,35.705734,51.266991,12,180,0.262061449,0,0
12/30/2024 14:39,7.5,7.5,4.7,4.1,158000,13.65,1,32,49.02,32,3.620333333,0,75,0,952.2916667,14.5,673,3,24,13,14414.797,-14.74983333,802413.9582,0.293333333,20.8645,0.252,1267,35.705734,51.266991,12,180,0,0,0
12/30/2024 14:40,5.1,5.1,4.5,4.2,165300,13.63333333,1,32,49.02,32.16666667,3.651,0,75.83333333,0,951.5833333,14.5,672,3,24,13,14414.797,-15.552,804192.7918,0.2995,20.82266667,0.252,1267,35.705734,51.266991,12,180,0,0,0
12/30/2024 14:40,5.3,5.3,4.5,4,155750,13.6,1,32,49.02,32,3.673,0,76,0,956.5416667,14.5,674.5,3,24,13,14414.797,-15.01033333,805994.5103,0.298666667,20.80183333,0.252,1267,35.705734,51.266991,12,180,0,0,0
12/30/2024 14:40,4.2,4.2,4.2,4,157000,13.56666667,1,32,49.02,32,3.680666667,0,75,0,951.625,14.5,672,3,24,13,14414.797,-15,807773.0417,0.298666667,20.82266667,0.252,1267,35.705734,51.266991,12,180,0,0,0
12/30/2024 14:40,4.2,4.2,4.2,3.9,154750,13.58333333,1,32,49.02,31.83333333,3.651333333,0,73.16666667,0,951.25,14.5,672,3,24,13,14414.797,-15.146,809566.4063,0.297166667,20.833,0.252,1267,35.705736,51.266991,12,90,-0.523598776,0,0
12/30/2024 14:40,5.8,5.8,4.6,4.1,161700,13.6,1,32,49.02,31.33333333,3.601833333,0,72,0,947.9583333,14.5,672.5,3,24,13,14414.797,-15.75,811342.552,0.292,20.90633333,0.252,1267,35.705738,51.266991,12,0,0,0,0
12/30/2024 14:40,7.6,7.5,5.1,4.3,166750,13.63333333,1,32.16666667,49.02,32.33333333,3.697333333,0,71.16666667,0,947.3333333,14.5,672,3,24,13,14414.797,-14.95833333,813103.177,0.305,20.84366667,0.252,1267,35.705738,51.267002,12,90,0.261799388,0,0
12/30/2024 14:40,6.6,6.6,4.8,4.4,164450,13.6,17,33,49.35916667,35,4.615,0.7365,71.83333333,0,1051.5,14.5,674.5,3,21.33333333,13,14414.797,-14.5105,815027.0208,0.367166667,20.35416667,0.252,1267,35.70574,51.26701,12,45,-0.261799388,0,0
12/30/2024 14:40,6,6,4.4,3.8,150700,13.58333333,33,33,49.36116667,32.83333333,3.937833333,0,72,3.333333333,1000.875,14.5,675,3,24,1,14414.80033,-13.49966667,817358.3332,0.324666667,20.71866667,0.252,1267,35.705717,51.26701,12,180,-0.523598776,0.555555556,0
12/30/2024 14:40,4.1,4.1,4,3.8,149500,13.56666667,97,33,51.90266667,33.5,4.0795,0,73,0.333333333,973.9583333,14.5,675.5,3,24,11,14414.805,-16.05216667,819336.1768,0.342333333,20.69816667,0.252,1267,35.7056865,51.267017,12,81.67,-0.523598776,0,0.5
12/30/2024 14:40,8.2,7.6,4.4,4,153950,13.55,97,33,51.94583333,34,4.075166667,0,73.5,0,963,14.5,678,3,24,13,14414.805,-16.2395,821386.2083,0.339166667,20.72933333,0.252,1267,35.705688,51.267025,12,90,0.261799388,0,0.055555556
12/30/2024 14:41,5.8,5.8,4.6,4.1,155400,13.55,49,33,50.64783333,44,6.104833333,3.885333333,74.33333333,4.166666667,928.7083333,14.5,677,3,21.33333333,3,14414.8075,6.75,823936.6875,0.522833333,19.77083333,0.252,1267,35.705664,51.267021,12,184.395,0.287368461,0.694444444,0
12/30/2024 14:41,6.1,6.1,4.7,4.1,156300,13.55,97,33,51.199,35.16666667,3.8775,0,75.16666667,5,937.0833333,14.5,677,3,24,1,14414.81667,-7.895833333,825974.0417,0.316166667,20.51033333,0.252,1267,35.70557,51.2669965,12,195.985,0.048549242,0.138888889,0
12/30/2024 14:41,8.5,7.9,5.1,4.1,160100,13.45,33,33,51.4045,45.16666667,5.648833333,2.893166667,76,2,812.4583333,14.5,674,3,18.66666667,5,14414.822,7.9895,828124.1875,0.384333333,19.354,0.252,1267,35.7055225,51.2669755,12,203.96,0.065275314,0,0.5
12/30/2024 14:41,5.8,5.8,4.4,4.1,158250,13.53333333,49,33,47.97533333,34.83333333,4.046666667,0.421166667,76,4.166666667,942.875,14.5,672,3,24,5,14414.83,-10.90616667,830138.9168,0.3185,20.7395,0.252,1267,35.705507,51.2668935,12,264.635,0.139102741,0.361111111,0
12/30/2024 14:41,5.7,5.7,4.6,4,155650,13.53333333,97,33,49.96516667,34.16666667,3.993333333,0,75.33333333,0,977.375,14.5,673.5,3,24,13,14414.832,-17.2395,832123.625,0.3315,20.6145,0.252,1267,35.705509,51.266869,12,275.74,0,0,0.694444444
12/30/2024 14:41,11.1,9.4,5.6,4.4,164800,13.5,17,32.83333333,49.68583333,41,6.773833333,5.458,73,1.666666667,1133.916667,14.5,675,3,18.66666667,7,14414.83267,1.448,834506.0522,0.613333333,19.34366667,0.252,1267,35.705511,51.266861,12,281.425,0.033073989,0.277777778,0
12/30/2024 14:41,8.9,8.9,5.5,4.3,164500,13.58333333,1,33,47.31216667,47.33333333,13.197,15.25366667,71.16666667,13.66666667,2055.25,14.5,678.5,3,13.33333333,1,14414.84333,23.82283333,838686.7917,1.181166667,18.8125,0.252,1267,35.7055285,51.266735,12,279.005,-0.011751884,2,0
12/30/2024 14:41,9.3,9.3,5.4,4.5,170100,13.6,1,32.66666667,43.86033333,49.83333333,19.37916667,19.65416667,71,34,2827.875,14.5,720,3,13.33333333,2.166666667,14414.88217,22.10416667,848919.5208,1.442166667,18.87483333,0.252,1267,35.7056105,51.266268,12,282.015,-0.004072435,3.388888889,0
12/30/2024 14:41,7.6,7.5,4.8,3.9,153150,13.6,1,32.66666667,46.90066667,33.5,8.541333333,7.125333333,71.83333333,35.66666667,2048.583333,14.5,728,3,16,3,14414.94217,-1.281,854706.7188,0.746333333,19.5105,0.252,1267,35.7057345,51.265585,12,282.95,0.004014257,0.277777778,0
12/30/2024 14:41,6.2,6.2,5,4,150750,13.6,1,32.33333333,45.57733333,51,17.222,15.17233333,72.83333333,40.83333333,2162.833333,14.5,736.5,3,16,3.166666667,14415.00267,21.68766667,861890.9375,1.352833333,18.271,0.252,1267,35.7058505,51.2648885,12,280.915,-0.008784824,0.861111111,0
12/30/2024 14:42,6,6,4.7,4,162200,13.53333333,81,33,46.76183333,32.83333333,4.4085,2.956166667,74.16666667,37.16666667,1131.333333,14.5,741.5,3,21.33333333,4.666666667,14415.071,-8.146,866330.625,0.399166667,20.656,0.252,1267,35.7059765,51.2641275,12,282.4,0.009487265,0,0.611111111
12/30/2024 14:42,12.5,11.9,5.5,4.3,166900,13.58333333,1,32,48.755,49.83333333,13.54066667,16.80366667,75.5,37.5,2137.375,14.5,737,3,8,3,14415.13133,30.68783333,871251.3335,1.216,18.31266667,0.252,1267,35.7060965,51.26346,12,282.27,-0.002414372,0.055555556,0
12/30/2024 14:42,11.7,11.7,5.3,4.3,165200,13.55,1,32,47.39433333,46.16666667,13.7005,12.7625,75.33333333,41.16666667,2352.5,14.11666667,735,3,13.33333333,3,14415.19733,9.395833333,877754.1248,1.1995,18.67716667,0.252,1267,35.70623,51.2627145,12,282.425,-0.000174533,0.611111111,0
12/30/2024 14:42,9.7,9.7,6.1,4.5,174100,13.6,1,32,47.21866667,47.66666667,14.97516667,19.05633333,72.66666667,46.83333333,2667.875,14.5,735,3,8,3,14415.27017,23.92733333,885992.4272,1.481666667,18.66666667,0.252,1267,35.7063485,51.261894,12,279.125,-0.012071861,0.944444444,0
12/30/2024 14:42,7.8,7.8,5.6,4.3,167350,13.6,1,32,44.58966667,44.83333333,15.64583333,18.30833333,72,50.66666667,2863.75,14.5,735.5,3,8,3,14415.3515,23.09366667,893738.448,1.626166667,19.00016667,0.252,1267,35.7064595,51.2609715,12,278.615,0.002239839,0.638888889,0
12/30/2024 14:42,10.7,10.7,6.1,4.5,174900,13.58333333,1,32.33333333,43.49583333,54.16666667,18.4675,16.959,73.33333333,60.16666667,3171,14.5,769.5,3,10.66666667,3.166666667,14415.442,23.78133333,906595.7395,1.757833333,19.07316667,0.252,1267,35.706604,51.2599355,12,280.25,0.006515896,1.583333333,0
12/30/2024 14:42,7.1,7.1,5.2,4.5,173750,13.56666667,1,32,46.10616667,47.83333333,15.05983333,19.0955,74.83333333,63.66666667,2661.583333,14.5,777,3,8,4,14415.545,26.38533333,915837.3022,1.4895,18.6665,0.252,1267,35.7068115,51.258774,12,282.625,0.002647083,0.583333333,0
12/30/2024 14:42,15.7,13.3,6.5,4.9,191000,13.58333333,1,32,48.71633333,36.33333333,11.43583333,8.4935,76.33333333,64.5,2698.375,14.5,773.5,3,13.33333333,4,14415.65167,-5.770666667,923352.8853,0.739333333,19.698,0.252,1267,35.707031,51.2575725,12,282.955,0.003228859,0.138888889,0
12/30/2024 14:42,14.1,12.4,6.3,5,197100,13.56666667,1,32,51.52916667,32.5,10.00183333,10.2335,74.16666667,61.16666667,2550.958333,14.5,768.5,3,8,4,14415.7565,1.198,927908.552,0.869,19.97933333,0.252,1267,35.7072545,51.2564185,12,283.52,0.001192642,0,0.555555556
12/30/2024 14:42,12,10.7,5.5,4.7,186050,13.56666667,1,32,51.2165,42,12.8145,15.1735,73,60.5,2527.75,14.5,763,3,8,4,14415.85733,14.615,933842.6355,1.164333333,19.271,0.252,1267,35.7074585,51.255293,12,282.23,-0.004101524,0,0.111111111
12/30/2024 14:43,10.5,10.5,6.5,5.5,206150,13.6,1,32,51.6045,36.5,10.939,4.9525,73.33333333,60.33333333,2515.041667,14.5,759.5,3,16,4,14415.95833,-12.80216667,939797.0312,0.605166667,19.625,0.252,1267,35.7076725,51.2541635,12,283.365,0.002734349,0,0.027777778
12/30/2024 14:43,105.8,101.7,38.7,9,261970,13.55,1,32,53.11533333,40.5,11.98133333,0,74.33333333,58,2420.5,14.5,754.5,3,8,4,14416.05533,14.12483333,944608.6872,1.100166667,19.34383333,0.252,1267,35.7078745,51.2530805,12,282.785,-0.001774418,0,0.388888889
12/30/2024 14:43,86.9,77.9,8.9,6.4,222510,13.56666667,1,32,51.88716667,36.83333333,10.97166667,0,75.5,58,2423.125,14.5,750.5,3,8,4,14416.15233,8.781166667,950611.0625,0.9765,19.59383333,0.252,1267,35.7080765,51.252001,12,283.265,0.003345214,0,0
12/30/2024 14:43,52.1,44.5,12.7,6.7,233910,13.56666667,1,32,51.94366667,38.33333333,11.52666667,0,75.83333333,58,2431.75,14.5,747,3,8,4,14416.24933,11.229,956623.7603,1.029,19.5,0.252,1267,35.7082825,51.250929,12,282.815,-0.005788675,0,0
12/30/2024 14:43,109.5,59.1,9.6,5.6,204950,13.58333333,1,32,51.34233333,35.5,10.70883333,0,73.33333333,58.16666667,2437.125,14.5,744,3,8,4,14416.34567,7.104,962611.2397,0.947333333,19.70833333,0.252,1267,35.7084785,51.2498455,12,282.94,0.004421501,0.027777778,0
12/30/2024 14:43,107.2,24.1,7.7,5.4,201850,13.56666667,1,32,52.3555,34.66666667,10.37733333,0,73,58.5,2443.166667,14.5,741,3,8,4,14416.442,5.635666667,968157.1563,0.920166667,19.78133333,0.252,1267,35.7086795,51.2487585,12,282.66,-0.00197804,0.055555556,0
12/30/2024 14:43,32.3,30.3,13,7.1,256570,13.55,1,32,53.63066667,32.16666667,9.701166667,0,73.5,59,2446.125,14.5,738,3,8,4,14416.53967,2.062666667,973411.75,0.835333333,20,0.252,1267,35.7088795,51.247675,12,282.925,0.001367175,0.083333333,0
12/30/2024 14:43,69.3,61,21.5,7.7,250810,13.56666667,1,32,53.72866667,31,9.327666667,0,74.5,58.33333333,2437.916667,14.5,735,3,8,4,14416.63683,0.333166667,978309.0727,0.804,20.06216667,0.252,1267,35.709074,51.246588,12,282.21,-0.002501639,0,0.111111111
12/30/2024 14:43,152.6,138.4,24.8,8.8,258170,13.56666667,1,32,53.25783333,31.33333333,9.450333333,0,75.83333333,58,2426.041667,14.5,732,3,8,4,14416.73433,1.0625,983109.479,0.796833333,19.96866667,0.252,1267,35.7092685,51.2455045,12,282.445,-0.000290888,0,0.055555556
12/30/2024 14:43,59.3,51.5,18,7.4,241110,13.56666667,1,32,53.494,34.33333333,10.345,0,75.33333333,58,2427.791667,14.5,729,3,8,4,14416.83,5.666666667,988204.4688,0.886166667,19.72933333,0.252,1267,35.7094725,51.2444325,12,283.615,0.004857833,0,0
12/30/2024 14:44,76.4,71.3,12.3,6.7,230410,13.56666667,1,32,53.916,34.5,10.3725,0,72.66666667,58.33333333,2436.125,14.5,726,3,8,4,14416.9265,5.6355,993628.6043,0.908333333,19.781,0.252,1267,35.7096805,51.2433565,12,282.98,-0.004857833,0.055555556,0
12/30/2024 14:44,106,72.1,14.1,6.9,228510,13.53333333,1,32,54.2115,34,10.25733333,0,72.66666667,58.5,2446.333333,14.5,723,3,8,4,14417.02333,4.9375,999088.2708,0.8945,19.81233333,0.252,1267,35.7098695,51.2422655,12,281.92,-0.001454441,0.027777778,0
12/30/2024 14:44,52.4,43.5,11.7,5.9,202550,13.55,1,32,53.71683333,32,9.6595,0,73.33333333,58.33333333,2435.083333,14.5,720,3,8,4,14417.12117,2.291666667,1004264.844,0.843166667,19.9065,0.252,1267,35.7100605,51.2411785,12,282.505,0.003403392,0,0.027777778
12/30/2024 14:44,23.2,23.2,9,5.7,203350,13.58333333,1,32,51.88,40,11.92366667,0,74.66666667,57.66666667,2404.875,14.5,717,3,8,4,14417.21817,14.23916667,1009915.24,1.088833333,19.51016667,0.252,1267,35.7102625,51.240103,12,283.02,-5.68E-05,0,0.111111111
12/30/2024 14:44,25.1,25,9.7,5.6,206050,13.6,1,32,50.81183333,42.16666667,12.4205,0,76.16666667,58,2423.166667,14.5,714,3,8,4,14417.3125,17.03133333,1016749.208,1.132,19.29183333,0.252,1267,35.7104605,51.2390385,12,282.91,5.82E-05,0.055555556,0
12/30/2024 14:44,21.5,20.7,8.4,5.6,209600,13.6,1,32,51.09116667,34.33333333,10.33466667,0,75.16666667,59,2448.958333,14.5,711,3,8,4,14417.41017,5.7395,1022948.511,0.912,19.76033333,0.252,1267,35.7106645,51.2379515,12,283.09,0.000901753,0.166666667,0
12/30/2024 14:44,26.4,26.3,9.2,5.8,209250,13.58333333,1,32,51.2495,31.66666667,9.594833333,0,72.83333333,59,2456.583333,14.5,708,3,8,4,14417.50783,1.499833333,1028200.969,0.825833333,20.02066667,0.252,1267,35.7108705,51.2368605,12,283.09,0,0,0
12/30/2024 14:44,11.5,11.5,8,5.5,200000,13.6,1,32,51.98683333,28.16666667,8.529333333,0,73,58.33333333,2442.458333,14.5,705,3,8,4,14417.6055,-3.791666667,1032856.875,0.744,20.396,0.252,1267,35.7110725,51.2357695,12,282.845,0,0,0.111111111
12/30/2024 14:44,18.7,18.7,8.6,5.4,202700,13.56666667,1,32,52.87733333,31.5,9.557333333,0,73.83333333,58.33333333,2438.666667,14.5,702,3,8,4,14417.70183,1.520833333,1037425.719,0.817166667,20.01066667,0.252,1267,35.7112805,51.2346935,12,283.315,-0.000901753,0,0
12/30/2024 14:44,14.6,14.6,7.9,5.4,195750,13.56666667,1,32,52.45566667,31.83333333,9.4965,7.436666667,75.16666667,59.16666667,2465.208333,14.5,699,3,8,4,14417.7995,2.698,1042158.063,0.928333333,20.09366667,0.252,1267,35.7114815,51.2336065,12,282.905,0.000901753,0.138888889,0
12/30/2024 14:45,17.4,17.4,8.6,5.4,196400,13.6,1,32,52.48783333,38.83333333,12.113,5.738333333,76,61.83333333,2586.833333,14.5,696,3,13.33333333,4,14417.89967,-0.396,1048049.01,0.8575,19.4165,0.252,1267,35.7116945,51.232475,12,282.865,-0.00221075,0.444444444,0
12/30/2024 14:45,29.5,22.6,9.2,5.2,191450,13.6,1,32,53.774,42,13.54333333,0,74.33333333,65.83333333,2738.916667,14.5,704,3,8,4,14418.00533,17.23983333,1055262.396,1.282166667,19.40633333,0.252,1267,35.71191,51.2312965,12,282.84,0.001745329,0.666666667,0
12/30/2024 14:45,20.9,20.3,7.5,5.2,189600,13.6,1,32,54.13766667,25.83333333,8.665,0,73,67,2780.333333,14.5,702.5,3,8,4,14418.11517,-8.145666667,1060646.896,0.759166667,21.104,0.252,1267,35.712139,51.2300645,12,282.895,0,0.194444444,0
12/30/2024 14:45,10.6,10.6,5.9,5,188100,13.6,33,32,54.6825,28.66666667,9.231166667,0,73.33333333,64.16666667,2681.583333,14.5,699.5,3,16,4,14418.22533,-22.698,1064653.938,0.373666667,20.61433333,0.252,1267,35.71237,51.22884,12,283.01,-0.000756309,0,0.472222222
12/30/2024 14:45,15.2,15.2,8.6,5.8,209650,13.58333333,49,32,56.405,32.33333333,9.487333333,0,74.16666667,55.16666667,2295.333333,14.11666667,697,3,24,4,14418.32483,-34.78133333,1066411.313,0.247666667,19.80233333,0.252,1267,35.712572,51.227722,12,282.54,-2.91E-05,0,1.5
12/30/2024 14:45,14.2,14.2,8.7,5.6,207550,13.56666667,97,32.5,62.11133333,32.16666667,5.937166667,0,75,34.16666667,1458.958333,13.9,694.5,3,24,3.833333333,14418.40367,-25.4375,1067296.938,0.209833333,19.83333333,0.252,1267,35.7127305,51.226868,12,282.855,-0.000203622,0,3.5
12/30/2024 14:45,17.2,17.1,7.4,5.8,215760,13.6,17,32.66666667,58.2715,81.5,43.5985,36.593,76,21.33333333,2021.375,13.86666667,716.5,3,10.66666667,1.666666667,14418.44283,80.21883333,1075319.271,3.747333333,17.58333333,0.252,1267,35.712807,51.226454,12,283.36,0.008930268,0,2.138888889
12/30/2024 14:45,16.1,16,8.1,6.7,256270,13.6,1,32.33333333,48.75733333,40.16666667,12.22966667,13.71366667,74.33333333,43.66666667,2623.833333,14.5,752.5,3,10.66666667,2.833333333,14418.49867,12.39583333,1089335.854,1.162833333,19.50016667,0.252,1267,35.7129345,51.225805,12,283.055,-0.009424778,3.722222222,0
12/30/2024 14:45,18.7,18.6,8.9,6.3,239010,13.6,1,32,48.705,39.66666667,13.51833333,16.2735,72.83333333,51.5,2925.916667,14.5,749.5,3,8,3,14418.5775,14.09383333,1097162.813,1.245333333,19.69783333,0.252,1267,35.713106,51.2249145,12,283.405,0.000785398,1.305555556,0
12/30/2024 14:45,15.7,15.7,9.4,7.3,272320,13.58333333,1,32,50.68483333,34.5,13.13483333,14.7505,73.33333333,55.66666667,3154.583333,14.5,746.5,3,8,3,14418.668,6.979166667,1104025.875,1.204,20.40616667,0.252,1267,35.7132835,51.2239135,12,282.22,-0.00122173,0.694444444,0
12/30/2024 14:46,16.6,16.6,9.4,7,264670,13.58333333,1,32,50.038,51.66666667,21.482,19.28266667,74.5,62.66666667,3549.125,14.45,766,3,8,3,14418.76383,38.646,1114411.229,2.554666667,20.15633333,0.252,1267,35.7134835,51.222828,12,282.975,0.002356194,1.166666667,0
12/30/2024 14:46,16.4,16.2,10.1,8.7,319500,13.61666667,1,32,50.82133333,31.66666667,12.28733333,0,76,62.83333333,3546.708333,14.5,780,3,24,3,14418.87033,-38.2395,1121964.042,0,21.4375,0.252,1267,35.7137165,51.221632,12,283.6,0.001279908,0.027777778,0
12/30/2024 14:46,19.2,19.1,10.4,7.3,271870,13.6,1,32,50.7855,45.16666667,17.301,16.3685,75.33333333,59,3352.166667,14.15,788.5,3,10.66666667,3,14418.9695,18.26033333,1127327.958,1.970666667,19.87483333,0.252,1267,35.7139285,51.2205335,12,283.335,-0.000378155,0,0.638888889
12/30/2024 14:46,17.5,17.5,9.6,6.9,256720,13.56666667,1,32,49.6935,37,14.3685,15.66066667,73,59.5,3393.25,14.5,792,3,8,3,14419.06833,10.5205,1136013.792,1.407833333,20.56266667,0.252,1267,35.7141395,51.2194215,12,283.105,-0.000581776,0.083333333,0
12/30/2024 14:46,28.6,21.7,10.3,6.6,245360,13.6,1,32,49.81633333,30.33333333,12.01233333,11.92016667,74.16666667,58.66666667,3334.75,14.5,789.5,3,8,3,14419.16733,0.708166667,1143635.521,1.083333333,21.2085,0.252,1267,35.7143515,51.218319,12,283.495,0.001919862,0,0.138888889
12/30/2024 14:46,18.6,18.4,9.5,6.4,238360,13.55,1,32,50.60616667,31.33333333,12.22316667,13.0485,75.5,57.33333333,3256.083333,14.5,786.5,3,8,3,14419.26433,2.114333333,1150096.875,1.069333333,20.87516667,0.252,1267,35.7145635,51.217245,12,283.515,-0.00171624,0,0.222222222
12/30/2024 14:46,35.9,35.1,11.6,6.1,222660,13.58333333,1,32,50.14216667,33.16666667,12.77116667,14.2105,76.5,57,3231.916667,14.5,783.5,3,8,3,14419.35933,5.166666667,1156806.938,1.153166667,20.57283333,0.252,1267,35.7147615,51.2161825,12,282.74,-0.002181662,0,0.055555556
12/30/2024 14:46,34,32.7,10.6,6.9,236960,13.55,1,32,49.31233333,32.66666667,12.51266667,13.55916667,74.16666667,57.16666667,3252.625,14.5,780.5,3,8,3,14419.45317,3.364666667,1163708.646,1.109333333,20.81233333,0.252,1267,35.7149585,51.21512,12,282.925,0.000727221,0.027777778,0
12/30/2024 14:46,16.9,16.8,7.8,6.1,224910,13.53333333,1,32,50.1765,30.83333333,11.95133333,12.48966667,74,57.66666667,3263.791667,14.5,777.5,3,8,3,14419.5495,0.5,1170156.375,1.050333333,21.05166667,0.252,1267,35.7151625,51.214054,12,283.41,0.00171624,0.083333333,0
12/30/2024 14:46,15.6,14.9,7.5,6.3,226960,13.55,1,32,50.7635,29.66666667,11.68616667,10.0765,74.83333333,58,3270.083333,14.5,774.5,3,10.66666667,3,14419.6445,-6.0625,1176410.688,0.896,21.14583333,0.252,1267,35.7153625,51.212984,12,282.775,-0.002239839,0.055555556,0
12/30/2024 14:47,11.1,11.1,7.7,5.9,221260,13.6,1,32,53.03583333,29.33333333,10.36683333,3.006833333,76.5,54,3065.666667,14.5,772.5,3,18.66666667,3,14419.73817,-27.27083333,1180419.625,0.3055,20.90616667,0.252,1267,35.715555,51.2119355,12,282.565,-0.002065306,0,0.666666667
12/30/2024 14:47,24.7,24.7,20.6,19,711220,13.53333333,81,33,56.80333333,26.5,5.3085,0,74.83333333,42.5,1800.166667,14.5,770,3,24,4.166666667,14419.82167,-21.29183333,1182227.875,0.347166667,20.8645,0.252,1267,35.715723,51.2110195,12,282.96,0.002443461,0,1.916666667
12/30/2024 14:47,24.3,24.1,17.1,14.6,544430,13.56666667,1,32.5,54.87166667,38.83333333,8.000666667,8.681333333,73,35.33333333,1487.291667,14.5,766.5,3,16,3.666666667,14419.884,9.395833333,1184937.854,0.757666667,19.74983333,0.252,1267,35.715847,51.210327,12,282.525,0.001134464,0,1.194444444
12/30/2024 14:47,19.5,17.8,10.2,7.5,284830,13.51666667,1,32,53.12216667,33.66666667,9.592833333,10.90183333,73.33333333,39.5,2268.291667,14.5,760.5,3,8,3,14419.946,5.291666667,1189857.896,0.799333333,19.823,0.252,1267,35.7159765,51.209627,12,282.735,-0.001279908,0.694444444,0
12/30/2024 14:47,20.8,19,9.6,7.2,266320,13.53333333,1,32,52.61633333,28.83333333,8.3385,6.407666667,74.5,41.5,2359.416667,14.5,754.5,3,10.66666667,3,14420.01367,-7.968833333,1194218.375,0.638166667,20.36466667,0.252,1267,35.716122,51.2088625,12,283.405,0.002501639,0.333333333,0
12/30/2024 14:47,38.1,31.2,9.5,6.5,239760,13.51666667,1,32,51.48283333,44.5,14.112,18.7165,75.5,46.33333333,2640.25,14.5,751,3,8,3,14420.08517,23.11466667,1200159.792,1.395166667,19.042,0.252,1267,35.716272,51.2080595,12,282.8,-0.001890773,0.805555556,0
12/30/2024 14:47,16.4,16.4,9.7,7.8,284930,13.55,1,32,50.42,34.66666667,12.666,12.263,75.5,54.83333333,3114.583333,14.5,752.5,3,10.66666667,3,14420.16917,4.510666667,1208500.375,1.136833333,20.47916667,0.252,1267,35.7164515,51.2071075,12,283.08,5.82E-05,1.416666667,0
12/30/2024 14:47,23.2,23.1,10.2,7.3,268120,13.55,1,32,51.30933333,27.83333333,10.71716667,9.254833333,73.33333333,56.16666667,3184.416667,14.5,751.5,3,8,3,14420.26183,-4.374833333,1213752.083,0.9045,21.33333333,0.252,1267,35.7166425,51.2060755,12,282.815,-0.000290888,0.222222222,0
12/30/2024 14:47,19.2,18.6,10.3,7.3,272470,13.56666667,1,32,52.891,37.83333333,14.37333333,11.758,73.5,56.5,3224.791667,14.5,751,3,10.66666667,3,14420.3555,4.8855,1218774.354,1.344166667,20.39583333,0.252,1267,35.716839,51.2050285,12,282.89,-0.001396263,0.055555556,0
12/30/2024 14:47,17.3,17,10.4,8.9,333710,13.58333333,1,32.16666667,50.66033333,30.33333333,11.23366667,3.367,74.5,60.83333333,3399.166667,14.5,762,3,16,3,14420.45367,-19.0105,1226341.167,0.598166667,21.5105,0.252,1267,35.7170355,51.203932,12,282.74,0.003519747,0.722222222,0
12/30/2024 14:48,18.7,18.6,10.5,8.4,325550,13.56666667,1,32.16666667,52.5905,27.83333333,8.013666667,0.7095,76,57.5,2410.541667,14.26666667,760,3,18.66666667,4,14420.55083,-24.08316667,1229185.125,0.391833333,20.40616667,0.252,1267,35.7172505,51.202837,12,283.45,-0.001658063,0,0.555555556
12/30/2024 14:48,12.6,12.5,8.4,7.3,286430,13.58333333,1,32,53.992,29.16666667,8.516333333,4.790333333,76.33333333,55,2300.5,14.5,754.5,3,13.33333333,4,14420.6445,-14.6875,1231761.313,0.486666667,20.1145,0.252,1267,35.7174475,51.2017975,12,283.175,0.000407243,0,0.416666667
12/30/2024 14:48,12.5,12.5,8.9,7.4,285480,13.58333333,33,32,53.95966667,31.33333333,8.859333333,0.041166667,73.5,53.33333333,2215.166667,14.5,748.5,3,24,4,14420.73617,-35.95833333,1234266.604,0.031833333,19.875,0.252,1267,35.7176435,51.2007905,12,283.71,0.002617994,0,0.277777778
12/30/2024 14:48,13.6,13.6,9.9,8.5,317600,13.6,1,32,54.0915,28.5,7.826166667,6.921833333,73,50.16666667,2098.208333,13.91666667,742.5,3,10.66666667,4,14420.82017,-2.833166667,1236152.792,0.715833333,20.1355,0.252,1267,35.717827,51.1998405,12,283.305,-0.000872665,0,0.527777778
12/30/2024 14:48,20,20,13.5,11.6,418450,13.6,1,32,53.12966667,39.83333333,11.56916667,15.99966667,73,53.33333333,2231.416667,14.5,736.5,3,8,4,14420.90617,17.56266667,1241277.542,1.095166667,19.46866667,0.252,1267,35.7180045,51.198881,12,282.705,-0.001541708,0.527777778,0
12/30/2024 14:48,13.6,13.6,11.8,10.2,365380,13.56666667,1,32,52.20566667,40,11.8355,15.18583333,74.16666667,56.83333333,2374.916667,14.5,733.5,3,8,4,14420.99733,15.2185,1248143.854,1.065166667,19.39566667,0.252,1267,35.7182005,51.197855,12,283.43,0.002298017,0.583333333,0
12/30/2024 14:48,2439.8,2387.2,1310,123.9,2129220,13.58333333,1,32,52.29516667,27.83333333,7.658,6.287666667,75.5,55.33333333,2316.125,14.5,730,3,8,4,14421.0925,-5.896,1253038.042,0.645333333,20.43716667,0.252,1267,35.7184045,51.1968055,12,283.17,-0.003374303,0,0.25
12/30/2024 14:48,2579.7,2450.8,298.2,44.7,827210,13.58333333,1,32,52.40666667,28.66666667,8.117166667,7.207833333,76.5,52.33333333,2194.916667,14.5,725.5,3,8,4,14421.18183,-2.552166667,1257081.938,0.6795,20.042,0.252,1267,35.7185975,51.1958085,12,283.44,0.000319977,0,0.5
12/30/2024 14:48,2484.4,2376.5,1040,113.4,1760890,13.6,1,32,51.7595,28.16666667,7.516666667,6.611666667,74.5,49.83333333,2084.625,14.5,720,3,8,4,14421.26617,-3.2395,1260722,0.6165,20.08333333,0.252,1267,35.7187805,51.194864,12,283.67,0.002792527,0,0.416666667
12/30/2024 14:48,396.3,385.8,30.6,12.1,358730,13.58333333,1,32,50.17266667,31.33333333,7.890333333,5.605,73,46.83333333,1956.875,14.25,715.5,3,13.33333333,4,14421.3475,-7.447833333,1264058.75,0.6395,19.677,0.252,1267,35.7189845,51.1939755,12,286.74,0.01085013,0,0.5
12/30/2024 14:49,95.2,93.1,17.7,10.1,330200,13.58333333,1,32,50.17033333,35.5,7.895833333,4.368166667,73,44.33333333,1856,14.5,710.5,3,13.33333333,4,14421.42317,-9.146,1267561.125,0.457666667,19.21883333,0.252,1267,35.7191865,51.193148,12,286.32,-0.004654211,0,0.416666667
12/30/2024 14:49,56.5,55.8,22.9,8.2,271720,13.58333333,1,32,51.86,48.33333333,12.7835,13.86316667,73.66666667,42.33333333,1803.25,14.5,707,3,8,4,14421.49417,27.323,1271308.271,1.164,18.11483333,0.252,1267,35.71937,51.192358,12,285.83,-0.001570796,0,0.333333333
12/30/2024 14:49,29.8,28,11.4,7.9,285780,13.6,17,32,52.74866667,41.33333333,9.307666667,9.3455,74.66666667,42.66666667,1771.625,13.95,703.5,3,13.33333333,4,14421.5645,5.291666667,1275685.833,0.812,18.61466667,0.252,1267,35.7195265,51.1915605,12,282.95,-0.007475827,0.055555556,0
12/30/2024 14:49,25.5,25.5,13.1,7.8,280330,13.58333333,1,32,50.06516667,42.83333333,10.23466667,14.67033333,75.66666667,44,1839.791667,14.46666667,700.5,3,8,4,14421.63733,20.48933333,1281014.563,0.9065,18.85433333,0.252,1267,35.7196655,51.19076,12,281.11,-0.011548262,0.222222222,0
12/30/2024 14:49,36.1,34,10.9,8.2,283830,13.6,1,32,51.00016667,39.66666667,8.865333333,7.791666667,76.33333333,44.16666667,1850.666667,14.38333333,697.5,3,13.33333333,4,14421.71083,3.291666667,1285805.667,0.743833333,18.84366667,0.252,1267,35.7197665,51.1899205,12,278.605,0.00197804,0.027777778,0
12/30/2024 14:49,23.8,23.8,11.9,8.7,326450,13.56666667,81,33,52.61066667,29.5,3.6385,0,74.16666667,34.5,1135.083333,14.5,696,3,24,4.666666667,14421.78067,-15.896,1288264.167,0.334333333,20.77083333,0.252,1267,35.7198945,51.1891555,12,282.465,0.008843002,0,1.611111111
12/30/2024 14:49,18.8,18.2,8.7,7.8,293830,13.55,65,33,62.2645,35.16666667,4.123833333,3.692666667,72.83333333,19.33333333,1006.333333,14.5,692.5,3,18.66666667,3.166666667,14421.8235,-4.583333333,1290059.792,0.384333333,20.56233333,0.252,1267,35.7198505,51.188749,12,230.575,-0.252054633,0,2.527777778
12/30/2024 14:49,11,11,7.9,6.8,259370,13.58333333,1,32,63.35766667,72.33333333,31.36333333,29.30466667,72.66666667,26.83333333,1559.083333,14.45,689.5,3,8,3,14421.86,64.40633333,1294628.167,1.664,16.05216667,0.252,1267,35.7196655,51.1889975,12,117.01,-0.2612467,1.25,0
12/30/2024 14:49,16.7,16.6,10.5,8.5,322650,13.56666667,1,32.33333333,53.4265,67,19.28216667,20.94316667,73.33333333,51.5,2620.666667,14.38333333,746,3,13.33333333,3.333333333,14421.92317,47.375,1310501.688,1.9945,19.05216667,0.252,1267,35.7194955,51.189716,12,105.955,-0.005323254,4.111111111,0
12/30/2024 14:49,14.3,14.3,9.6,7,272570,13.56666667,33,32,54.14983333,38.5,9.749333333,7.675666667,74.83333333,48.83333333,2039.083333,14.03333333,751.5,3,18.66666667,4,14422.00983,-12.96866667,1315106.729,0.598833333,19.2185,0.252,1267,35.719301,51.190687,12,103.685,-0.002007129,0,0.444444444
12/30/2024 14:50,15.5,15.4,10.6,7.8,296180,13.55,1,32,52.34333333,35.5,9.211,11.93683333,76,49.16666667,2050.833333,14.5,745.5,3,8,4,14422.08983,9.072833333,1319952.104,0.801,19.66666667,0.252,1267,35.719135,51.191568,12,102.86,-0.002385283,0.055555556,0
12/30/2024 14:50,22,21.4,9.8,6.9,259020,13.58333333,1,32,52.503,25.83333333,6.719666667,4.7065,75.33333333,49.33333333,2061.375,14.5,739.5,3,8,4,14422.17183,-7.458333333,1324062.208,0.5645,20.27066667,0.252,1267,35.71895,51.19248,12,104.17,0.00171624,0.027777778,0
12/30/2024 14:50,12.4,12.4,8.3,7,265170,13.55,1,32,55.2775,30.16666667,7.252,2.488666667,73,46.66666667,1951,14.5,733.5,3,16,4,14422.25183,-21.23966667,1326976,0.288166667,19.7915,0.252,1267,35.718788,51.1933765,12,101.875,-0.00765036,0,0.444444444
12/30/2024 14:50,14.8,14.2,8.9,7.1,263920,13.58333333,1,32,58.801,38.33333333,8.492833333,0,72,40,1684.208333,14.2,727.5,3,18.66666667,4,14422.325,-16.06233333,1327938.333,0.475166667,18.9165,0.252,1267,35.7186625,51.194191,12,100.5,-0.002618866,0,1.111111111
12/30/2024 14:50,9.1,9.1,7.3,6.5,247210,13.55,1,32,57.4195,36.5,7.821,0,73,40.16666667,1687.75,14.5,721.5,3,8,4,14422.39067,7.291833333,1331706.729,0.729166667,18.979,0.252,1267,35.7185495,51.194931,12,101.19,0.006341363,0.027777778,0
12/30/2024 14:50,11.4,11.4,7.5,6.6,247760,13.58333333,1,32,53.51216667,49.33333333,11.95483333,0,73.5,45.83333333,1930.458333,14.5,717.5,3,8,4,14422.46083,29.16683333,1337636.75,0.972166667,18.21866667,0.252,1267,35.718412,51.1957225,12,102.255,0.002327106,0.944444444,0
12/30/2024 14:50,16.2,14.5,7.8,6.4,245860,13.55,1,32,53.64833333,29.33333333,7.446333333,0,74.66666667,48,2007.958333,14.5,713,3,8,4,14422.5405,-1.916833333,1341974.021,0.6145,19.88566667,0.252,1267,35.718243,51.1966115,12,103.21,0.000436332,0.361111111,0
12/30/2024 14:50,9.8,9.8,8.6,6.2,244460,13.55,1,32,53.73033333,29,7.244666667,0,75.83333333,48,1999.583333,14.5,708.5,3,8,4,14422.61983,-2.822833333,1345549.521,0.593833333,19.8855,0.252,1267,35.718077,51.1975005,12,103.165,0.002447567,0,0
12/30/2024 14:50,10.6,10.6,7,6.1,232860,13.56666667,1,32,54.72416667,34,8.736,0,75.83333333,47,1975,14.5,705,3,8,4,14422.69917,6.458333333,1349285.563,0.709,19.53116667,0.252,1267,35.717911,51.1983815,12,102.605,-0.005323254,0,0.166666667
12/30/2024 14:50,15.2,15.2,8.7,6,229460,13.56666667,1,32,53.90633333,41.16666667,10.4545,0,73.33333333,47,1968.5,14.5,702,3,8,4,14422.7775,19.052,1354165.354,0.927666667,19.32316667,0.252,1267,35.717743,51.1992515,12,103.69,0.003548836,0,0
12/30/2024 14:51,20.8,19,7.3,6.2,236710,13.56666667,1,32,52.67366667,42.33333333,10.74666667,0,72,47,1972.416667,14.5,699,3,8,4,14422.8555,21.42716667,1359733.396,0.937666667,19.15633333,0.252,1267,35.717577,51.200121,12,103.09,-0.001687152,0,0
12/30/2024 14:51,21,20.9,15.2,12.7,469940,13.58333333,1,32,51.94533333,43.16666667,10.94216667,0,73,47.5,1988.416667,14.5,696,3,8,4,14422.93417,22.95833333,1365422.938,0.958166667,19.06233333,0.252,1267,35.717409,51.201002,12,103.525,0.003548836,0.083333333,0
12/30/2024 14:51,29.1,29.1,17.4,7.5,248560,13.56666667,1,32,50.352,42.66666667,10.88516667,0,74,48,2000,14.5,693,3,8,4,14423.01367,22.11483333,1371144.979,0.939,19.19816667,0.252,1267,35.717241,51.201891,12,102.745,-0.00418879,0.083333333,0
12/30/2024 14:51,24,24,13.5,7.7,250060,13.58333333,1,32,49.99233333,42.33333333,10.787,0,75.33333333,48,2000.458333,14.5,690,3,8,4,14423.0925,21.08316667,1376802.979,0.935333333,19.29133333,0.252,1267,35.7170715,51.20278,12,103.33,0.001308997,0,0
12/30/2024 14:51,28.1,28.1,10.1,6.3,225560,13.58333333,1,32,49.86766667,42.33333333,10.792,0,76.5,48,1995.125,14.5,687,3,8,4,14423.1725,21.41683333,1382446.625,0.9375,19.15666667,0.252,1267,35.7169095,51.2036705,12,102.8,0.002007129,0,0
12/30/2024 14:51,27.5,20.2,8.4,6.2,231110,13.56666667,1,32,49.42833333,43,10.97316667,0,75,48,1998.375,14.5,684,3,8,4,14423.25133,23.02066667,1388145.396,0.956,19.08316667,0.252,1267,35.716738,51.204561,12,103.36,0.000174533,0,0
12/30/2024 14:51,22,15.3,7.7,6.3,237460,13.58333333,1,32,49.168,43,11.04933333,0,73,48,2006.541667,14.5,681,3,8,4,14423.33067,22.729,1393930.583,0.958833333,19.1565,0.252,1267,35.716566,51.205448,12,103.11,-0.003810636,0,0
12/30/2024 14:51,14.2,14.2,8.4,6.2,237710,13.56666667,1,32,48.49083333,43,11.1225,0,73,48,2018.666667,14.5,678,3,8,4,14423.4115,22.7605,1399764.479,0.967333333,19.146,0.252,1267,35.716398,51.206343,12,103.345,0.003810636,0,0
12/30/2024 14:51,11.6,11.6,8.5,6.3,242210,13.56666667,1,32,48.752,41.66666667,10.7055,0,74.16666667,48,2020.458333,14.5,675,3,8,4,14423.49083,19.89583333,1405509.917,0.931166667,19.3855,0.252,1267,35.716225,51.207243,12,103.115,-0.002385283,0,0
12/30/2024 14:51,9.8,9.8,7.3,6.2,238260,13.6,1,32,48.81133333,41,10.54933333,0,75.5,48,2010.416667,14.5,672,3,8,4,14423.5715,19.03116667,1411061.188,0.912166667,19.46883333,0.252,1267,35.716061,51.208143,12,102.705,0.000639954,0,0
12/30/2024 14:52,13.2,13.2,9.3,6.5,247460,13.6,1,32,49.33766667,43.66666667,11.0275,0,76.66666667,47.83333333,1998.625,14.5,669,3,8,4,14423.65117,23.39583333,1416657.854,0.9705,19.00016667,0.252,1267,35.715889,51.209028,12,103.755,0.00346157,0,0.027777778
12/30/2024 14:52,13.2,13.2,10.6,6.8,256070,13.58333333,1,32,49.064,43.16666667,11.05283333,0,74.66666667,48.16666667,2020.583333,14.5,666,3,8,4,14423.73117,22.4585,1422507.417,0.9615,19.15616667,0.252,1267,35.715717,51.209925,12,102.99,-0.00346157,0.055555556,0
12/30/2024 14:52,17.9,16.2,9.2,6.7,262220,13.56666667,1,32,49.425,38.5,10.026,0,73,48.33333333,2024.5,14.5,663,3,8,4,14423.81117,14.47916667,1427922.646,0.845,19.72933333,0.252,1267,35.7155475,51.210823,12,103.115,0.000319977,0.027777778,0
12/30/2024 14:52,14.2,14.2,9.8,7,266220,13.56666667,17,32,52.13933333,40.66666667,10.05966667,6.805333333,73.16666667,44.33333333,1853.25,14.5,660,3,10.66666667,4,14423.88867,9.947833333,1432393.396,0.7845,18.82283333,0.252,1267,35.7153835,51.211702,12,102.745,-0.002152573,0,0.666666667
12/30/2024 14:52,12.8,12.8,8.9,6.2,235260,13.58333333,1,32,49.0985,71,21.20583333,4.1545,74.16666667,47.83333333,2012.125,14.5,667.5,3,8,4,14423.9635,68.1145,1439542.896,1.855,16.396,0.252,1267,35.715229,51.2125245,12,103.21,0.002094395,0.583333333,0
12/30/2024 14:52,23.6,16.9,8.3,6.4,246060,13.6,1,32,47.09616667,45.16666667,13.213,0,75.66666667,56.66666667,2374.625,14.5,684,3,8,4,14424.05083,22.53116667,1449288.667,1.161666667,18.896,0.252,1267,35.7150445,51.213514,12,103.01,0.000901753,1.472222222,0
12/30/2024 14:52,14,13.8,7.5,5.9,225660,13.56666667,1,32,47.53883333,34.66666667,10.22516667,0,76.33333333,57.5,2401.208333,14.5,681.5,3,8,4,14424.1465,5.958333333,1455022.396,0.906166667,19.69833333,0.252,1267,35.7148455,51.214579,12,102.96,0,0.138888889,0
12/30/2024 14:52,12.2,12.2,7.9,5.9,223810,13.56666667,1,32,48.21616667,32.5,9.555666667,0,73.83333333,57.83333333,2404.916667,14.5,678.5,3,8,4,14424.24217,2.145666667,1460292.125,0.829833333,19.88516667,0.252,1267,35.7146475,51.215645,12,102.655,-0.002676172,0.055555556,0
12/30/2024 14:52,10,10,7,5.7,215460,13.53333333,1,32,50.34183333,29.5,8.584666667,0,73,58,2410.958333,14.5,675.5,3,8,4,14424.33783,-2.614666667,1465098.979,0.740166667,20.26,0.252,1267,35.714449,51.216715,12,102.83,-0.000436332,0.027777778,0
12/30/2024 14:52,10.4,10.4,8.3,7.7,275770,13.56666667,1,32,51.45616667,29.16666667,8.5615,0,74,57.16666667,2395.833333,14.5,672.5,3,8,4,14424.43367,-2.843666667,1469544.25,0.734833333,20.30183333,0.252,1267,35.7142465,51.217787,12,103.365,0.003112504,0,0.138888889
12/30/2024 14:53,10.4,10.4,7,5.5,214410,13.53333333,1,32,53.11683333,29.83333333,8.755666667,0,75.33333333,57.83333333,2409.666667,14.5,669.5,3,8,4,14424.528,-2.406166667,1474042.417,0.738166667,20.219,0.252,1267,35.7140465,51.218847,12,102.91,-0.002007129,0.111111111,0
12/30/2024 14:53,9.4,9.4,6,5.5,217810,13.51666667,1,32,51.9605,27,8.096,0,76.16666667,58,2413.791667,14.5,666.5,3,8,4,14424.625,-5.093666667,1478408.771,0.711,20.45816667,0.252,1267,35.7138485,51.219923,12,103.015,0.002879793,0.027777778,0
12/30/2024 14:53,9.4,9.2,7,5.6,212360,13.5,1,32,52.49966667,29.66666667,8.639,0,74.5,57.16666667,2393.541667,14.5,663.5,3,8,4,14424.71883,-2.249833333,1482680.125,0.75,20.229,0.252,1267,35.7136385,51.220991,12,103.41,-0.002327106,0,0.138888889
12/30/2024 14:53,9.4,9.4,6.7,5.6,215710,13.53333333,1,32,51.88666667,34.66666667,10.253,0,73,57,2385.666667,14.5,660.5,3,8,4,14424.81633,5.958166667,1487656.396,0.898166667,19.75,0.252,1267,35.7134345,51.2220385,12,103.68,0.002239839,0,0.027777778
12/30/2024 14:53,10.1,10.1,7.2,6.1,232760,13.53333333,1,32,51.55733333,37.5,11.045,0,73.33333333,57,2387.708333,14.5,657.5,3,8,4,14424.91017,10.26033333,1493406.313,0.993666667,19.6775,0.252,1267,35.713236,51.223097,12,102.675,-0.003897902,0,0
12/30/2024 14:53,9.6,9.6,7,5.9,226260,13.5,1,32,51.2415,38.33333333,11.34916667,0,74.5,57,2379.416667,14.5,654.5,3,8,4,14425.00383,12.13516667,1499397.625,1.019666667,19.646,0.252,1267,35.713045,51.224157,12,102.56,0.000552688,0,0
12/30/2024 14:53,8.8,8.8,7.5,6.3,242860,13.51666667,1,32,50.65033333,42.83333333,12.54166667,0,75.83333333,57,2379,14.5,651.5,3,8,4,14425.09767,19.64583333,1506000.896,1.1785,19.20866667,0.252,1267,35.7128465,51.225212,12,103.345,0.003432481,0,0
12/30/2024 14:53,11.1,11.1,8.2,7,259970,13.5,1,32,50.03966667,43.16666667,12.652,0,76.16666667,57,2392.25,14.5,651,3,8,4,14425.194,20.0835,1513118.75,1.191833333,19.1355,0.252,1267,35.7126465,51.2262745,12,102.85,-0.002414372,0,0
12/30/2024 14:53,9.2,9.2,6.2,5.3,210000,13.51666667,1,32,49.7205,43.5,12.68366667,0,73.33333333,57,2393.166667,14.5,651,3,8,4,14425.289,20.052,1520246.063,1.1875,19.167,0.252,1267,35.7124505,51.227335,12,102.905,0.00098902,0,0
12/30/2024 14:53,11.5,11.5,8.2,6.1,237010,13.5,1,32,49.318,43.5,12.69083333,0,73,57.33333333,2403.083333,14.5,651,3,8,4,14425.38283,19.8335,1527368.75,1.182666667,19.188,0.252,1267,35.7122515,51.228403,12,102.675,-0.002908882,0.055555556,0
12/30/2024 14:54,11,11,8,6.1,229860,13.5,1,32,49.78733333,42.66666667,12.53383333,0,74.5,58,2408.5,14.5,652,3,8,4,14425.4805,18.96883333,1534480.167,1.166,19.271,0.252,1267,35.7120475,51.229467,12,103.415,0.001454441,0.111111111,0
12/30/2024 14:54,13.5,13.5,8.7,5.7,219010,13.55,1,32,49.875,42.83333333,12.47466667,0,75.83333333,57,2389.75,14.5,650,3,8,4,14425.57417,19.24983333,1541402.375,1.1705,19.22916667,0.252,1267,35.711853,51.230534,12,102.71,0.000639954,0,0.166666667
12/30/2024 14:54,10.3,10.3,7.1,5.8,225360,13.53333333,1,32,50.08716667,45,13.06483333,0,76.33333333,57.5,2399.625,14.5,651.5,3,8,4,14425.66933,22.75,1548664.25,1.235166667,18.896,0.252,1267,35.7116545,51.231596,12,103.205,0.002821616,0.083333333,0
12/30/2024 14:54,10.9,10.9,6.9,5.9,223460,13.56666667,1,32,50.24433333,42.16666667,12.35916667,0,73.5,58,2412.916667,14.5,652,3,8,4,14425.76567,17.83333333,1555883.854,1.1475,19.3855,0.252,1267,35.7114485,51.232666,12,103.065,-0.00319977,0.083333333,0
12/30/2024 14:54,11,10.8,6.9,5.7,224810,13.58333333,1,32,50.6995,42,12.326,0,73.5,57.83333333,2403.5,14.5,649,3,8,4,14425.86067,17.89583333,1562781.438,1.155,19.375,0.252,1267,35.7112465,51.233732,12,103.115,-0.000261799,0,0.027777778
12/30/2024 14:54,13.4,13.2,8,6,218910,13.56666667,1,32,50.34333333,40,11.77183333,0,74.66666667,58,2423.291667,14.5,648,3,8,4,14425.957,14.031,1569546.354,1.058666667,19.49983333,0.252,1267,35.711052,51.234806,12,102.63,0.000639954,0.027777778,0
12/30/2024 14:54,17.9,17.9,8.6,6,218510,13.53333333,1,32,50.95483333,36.66666667,10.82733333,0,76,58,2416.5,14.5,645,3,8,4,14426.05333,8.833333333,1575533.021,0.969,19.6355,0.252,1267,35.7108575,51.23588,12,102.765,0.002239839,0,0
12/30/2024 14:54,18.5,18.3,8.6,6.4,232060,13.55,1,32,52.96933333,36.33333333,10.72866667,0,75.83333333,58,2405.541667,14.5,642,3,8,4,14426.1485,8.635333333,1581321.292,0.968166667,19.625,0.252,1267,35.7106495,51.236952,12,103.365,-0.000872665,0,0
12/30/2024 14:54,12.7,12.7,7.6,5.5,209250,13.58333333,1,32,52.35316667,35.66666667,10.713,0,73.33333333,58,2417.958333,14.5,639,3,8,4,14426.2455,8.020833333,1587099.25,0.946,19.69816667,0.252,1267,35.710453,51.23802,12,102.625,-0.001658063,0,0
12/30/2024 14:54,13.3,12.7,7.7,6,235660,13.6,1,32,52.89916667,29,8.5485,0,73.5,58,2433.875,14.5,638.5,3,8,4,14426.34117,-3.156166667,1592230.854,0.759666667,20.3125,0.252,1267,35.7102505,51.2390995,12,102.94,-0.000814487,0,0
12/30/2024 14:55,18.3,18.3,8.6,5.9,222710,13.56666667,1,32,52.98666667,27.5,8.060166667,0,74.66666667,58,2431,14.5,635.5,3,8,4,14426.4375,-5.968833333,1596553.625,0.679833333,20.5105,0.252,1267,35.7100545,51.240183,12,102.43,-0.001512619,0,0
12/30/2024 14:55,16.1,16.1,8.9,6.5,243060,13.58333333,97,32.83333333,53.11766667,28,6.071333333,0,75.83333333,55.5,1870.041667,13.96666667,635.5,3,24,7.166666667,14426.53317,-19.9585,1600151.375,0.51,20.37483333,0.252,1267,35.7098485,51.2412395,12,103.95,0.005090544,0,0.416666667
12/30/2024 14:55,24.6,24.6,12.6,9.4,353270,13.56666667,49,32.66666667,54.72683333,34.33333333,6.712166667,4.333,76.83333333,49.5,1482.875,14.46666667,638.5,3,21.33333333,7.166666667,14426.62117,-6.437166667,1602374.417,0.55,19.92683333,0.252,1267,35.70966,51.242212,12,103.16,-0.00290993,0,1
12/30/2024 14:55,18.5,18.5,12.1,9.4,351020,13.58333333,1,32,52.6985,54.83333333,16.73683333,21.21683333,74.66666667,52.66666667,2200.916667,14.5,652.5,3,8,4,14426.7045,41.52066667,1609316.729,1.4665,17.9585,0.252,1267,35.709492,51.243145,12,102.505,8.73E-05,0.527777778,0
12/30/2024 14:55,16,16,11.4,8.3,298330,13.56666667,1,32,53.55116667,32.83333333,9.230833333,4.264333333,73,53.66666667,2245.875,14.5,651,3,16,4,14426.793,-16.9375,1615024.479,0.387,19.86433333,0.252,1267,35.7093045,51.244148,12,103.145,0.002123484,0.166666667,0
12/30/2024 14:55,19.1,19.1,9.4,6,219460,13.58333333,1,32,54.2285,28.83333333,7.0835,3.59,73,47,1983.708333,13.85,648,3,13.33333333,4,14426.8775,-15.5105,1616729.479,0.616,19.92733333,0.252,1267,35.709135,51.2450845,12,102.305,-0.002763438,0,1.111111111
12/30/2024 14:55,20.9,20.5,7.8,5.6,211400,13.56666667,1,32,53.75283333,31.5,7.067833333,3.434333333,74,42.83333333,1806.375,13.93333333,645.5,3,16,4,14426.95117,-12.07283333,1619731.75,0.529,19.46866667,0.252,1267,35.7089805,51.2459185,12,103.055,0.002268928,0,0.694444444
12/30/2024 14:55,26.3,23.9,8.6,5.7,213360,13.58333333,1,32,52.5785,31.33333333,6.8265,6.276,75,39.66666667,1664.458333,14.5,642.5,3,8,4,14427.02017,0.447833333,1622686.354,0.599333333,19.3125,0.252,1267,35.7088375,51.2466775,12,103.51,0.00517781,0,0.527777778
12/30/2024 14:55,10.7,10.7,7.6,6.9,256120,13.53333333,1,32,50.40633333,38.16666667,8.638,8.777666667,76,39.33333333,1655.25,14.5,639.5,3,13.33333333,4,14427.086,5.041833333,1626617.5,0.659833333,18.69783333,0.252,1267,35.7086505,51.247387,12,108.73,0.008406669,0,0.055555556
12/30/2024 14:55,17.6,17.6,9.2,5.9,219310,13.55,1,32,52.12016667,41.66666667,8.679833333,7.513333333,76.83333333,37.5,1587.083333,14.11666667,637,3,13.33333333,4,14427.14983,5.718833333,1629903.188,0.674333333,18.302,0.252,1267,35.708471,51.2480965,12,106.775,-0.006021386,0,0.305555556
12/30/2024 14:56,13.3,13.3,7.3,6,225510,13.55,1,32,51.4685,49.5,11.40983333,16.19166667,74.5,40.66666667,1703.041667,14.5,635,3,8,4,14427.21417,30.375,1635109.729,1.029833333,17.71883333,0.252,1267,35.7083265,51.248812,12,102.99,-0.01183915,0.527777778,0
12/30/2024 14:56,12.2,12.2,8.5,6.6,242860,13.55,1,32,48.97833333,43.16666667,10.586,15.15916667,72.5,45.5,1912.833333,14.5,637.5,3,8,4,14427.28717,22.24983333,1641241.125,0.920333333,18.77066667,0.252,1267,35.7081815,51.2496165,12,102.52,0.000116355,0.805555556,0
12/30/2024 14:56,20.7,20.1,10.4,8.1,281330,13.53333333,1,32,49.38316667,31.66666667,7.435,4.636166667,72.83333333,47.33333333,1983.583333,14.5,634.5,3,10.66666667,4,14427.3645,-7.687666667,1645891.813,0.464,19.77083333,0.252,1267,35.708017,51.2504785,12,103.685,0.00543961,0.305555556,0
12/30/2024 14:56,8.1,8.1,8,7.7,278480,13.51666667,81,32.83333333,54.831,27.83333333,4.915833333,0,73.33333333,38,1599.708333,13.9,634.5,3,24,4,14427.43817,-25.30216667,1648129.583,0.399166667,20.0105,0.252,1267,35.707857,51.2513065,12,103.545,0.001338086,0,1.555555556
12/30/2024 14:56,13,12.8,8.4,7.7,279280,13.5,97,33,60.44233333,29,2.906666667,0,74.5,19.66666667,925.5,14.5,642,3,24,3.5,14427.4875,-15.0835,1650096.917,0.276166667,21.26033333,0.252,1267,35.707754,51.2518405,12,102.985,-0.003374303,0,3.055555556
12/30/2024 14:56,15.4,15.4,9.3,7.4,268020,13.56666667,1,32.83333333,59.548,43.33333333,6.567166667,10.24933333,75.5,13.66666667,1158.708333,14.5,643.5,3,10.66666667,2,14427.51067,14.77083333,1652283.896,0.632,19.11466667,0.252,1267,35.7076985,51.2521075,12,104.35,-0.003345214,0,1
12/30/2024 14:56,12.5,12.5,8.8,7.1,254420,13.53333333,65,32.83333333,54.54533333,33.66666667,5.733666667,2.9475,76.33333333,20.5,1399.291667,14.5,643,3,21.33333333,2.5,14427.541,-9.0415,1656163.271,0.475666667,19.63533333,0.252,1267,35.707626,51.252451,12,105.425,0.012391838,1.138888889,0
12/30/2024 14:56,11.5,11.5,7.7,6.5,241260,13.55,1,32.5,49.9675,65,16.15366667,18.40283333,76.83333333,24.16666667,1432.75,14.5,647,3,10.66666667,3,14427.576,46.06233333,1660435.188,1.136333333,16.17716667,0.252,1267,35.7075215,51.2528225,12,110.265,0.014980743,0.611111111,0
12/30/2024 14:56,12.3,12.3,9.3,7.5,274170,13.6,1,32.33333333,49.67366667,29.33333333,5.083333333,1.274166667,74.16666667,31,1318.166667,14.5,649,3,18.66666667,3.833333333,14427.6245,-10.22933333,1664552.146,0.425333333,19.96866667,0.252,1267,35.707344,51.253338,12,115.905,0.034441164,1.138888889,0
12/30/2024 14:56,8.3,8.3,7,6.4,240360,13.6,1,32.16666667,41.01916667,28.16666667,5.100833333,0,72.16666667,35.16666667,1453.666667,14.5,652,3,24,4,14427.67967,-21.81233333,1667099.792,0.346166667,19.86466667,0.252,1267,35.7069205,51.2535725,12,171.41,0.190415421,0.694444444,0
12/30/2024 14:57,11,11,7,6,220510,13.51666667,97,32.5,33.56866667,30.33333333,5.763833333,0,72.33333333,36.33333333,1493.333333,14.5,651,3,24,4,14427.741,-27.76066667,1668366.667,0.213166667,19.521,0.252,1267,35.70657,51.2531415,12,242.35,0.208799556,0.194444444,0
12/30/2024 14:57,9.6,9.6,7.1,5.9,224060,13.56666667,1,32.33333333,27.45716667,41.66666667,10.47066667,10.14966667,73,34.5,1419.166667,14.5,654,3,18.66666667,4,14427.79867,13.40633333,1670945.479,0.87,18.46883333,0.252,1267,35.706827,51.252699,12,327.72,0.251996455,0,0.305555556
12/30/2024 14:57,15.7,15.7,12.2,10.4,360230,13.55,1,32,31.22583333,74,19.77133333,24.67833333,73.83333333,41.16666667,1721.458333,14.5,659.5,3,8,4,14427.86133,66.76033333,1678859.896,1.511833333,15.854,0.252,1267,35.7073845,51.252768,12,11.365,0.071936654,1.111111111,0
12/30/2024 14:57,12.1,12.1,9.6,7.7,273770,13.61666667,1,32,37.40733333,44.83333333,11.28966667,13.27683333,74.83333333,46.66666667,1952.333333,13.96666667,662.5,3,13.33333333,4,14427.93483,13.98966667,1686291.354,0.946166667,18.573,0.252,1267,35.7079925,51.252943,12,13.06,-0.000581776,0.916666667,0
12/30/2024 14:57,17.9,17.9,15.8,14.7,554970,13.58333333,33,32.33333333,38.0125,31.66666667,6.431833333,1.374333333,76.16666667,38.5,1588.083333,14.21666667,660,3,21.33333333,4,14428.009,-21.448,1689574.646,0.306166667,19.5105,0.252,1267,35.708612,51.253235,12,27.625,0.075689112,0,1.361111111
12/30/2024 14:57,15.2,15.2,11.6,9.4,322900,13.6,1,32.66666667,35.027,58.5,13.90583333,18.93766667,77,26.16666667,1399.708333,14.5,660,3,10.66666667,3.166666667,14428.05917,41.89583333,1693405.021,1.1005,16.86466667,0.252,1267,35.708742,51.2537195,12,94.785,0.213744656,0,2.055555556
12/30/2024 14:57,12.1,12.1,8.6,5.6,207000,13.58333333,1,32.16666667,33.143,41.66666667,8.3955,11.195,74.33333333,27.33333333,1539.541667,14.5,657,3,8,3,14428.1055,16.78133333,1698759.271,0.73,18.39583333,0.252,1267,35.7084465,51.2539995,12,158.03,0.181921486,0.194444444,0
12/30/2024 14:57,13,12.9,7.2,5.5,206050,13.6,1,32,34.5405,38.16666667,6.771666667,6.6835,72,24,1365.291667,13.9,653.5,3,10.66666667,3,14428.14717,5.427166667,1702568.271,0.5395,19.271,0.252,1267,35.708109,51.253828,12,217.745,0.168918783,0,0.555555556
12/30/2024 14:57,8.5,8.5,6.8,5,195600,13.6,1,32,36.90083333,38.66666667,6.9035,9.574833333,72.16666667,22.5,1274.583333,14.5,652,3,8,3,14428.18633,14.0625,1705606.917,0.590833333,19.25,0.252,1267,35.708006,51.2534255,12,261.79,0.107337749,0,0.25
12/30/2024 14:57,7.9,7.9,5.5,4.9,186300,13.6,1,32,38.10066667,51.83333333,10.65383333,15.5915,73,26.5,1521.75,14.5,649,3,8,3,14428.2265,33.21883333,1710335.938,0.903,17.24983333,0.252,1267,35.708046,51.252968,12,278.85,0.034450889,0.666666667,0
12/30/2024 14:58,7.7,7.7,6,5.2,198550,13.58333333,1,32,40.48066667,42.33333333,9.249166667,9.998333333,73.66666667,31.83333333,1820.833333,13.93333333,646.5,3,8,3,14428.2755,7.875166667,1715158.604,0.819,18.7395,0.252,1267,35.708134,51.252409,12,281.055,0.001134464,0.888888889,0
12/30/2024 14:58,8.7,8.7,6.7,5.8,213610,13.58333333,1,32.33333333,42.985,41,9.1225,12.58666667,75,37.66666667,1643.916667,14.5,644,3,13.33333333,3.833333333,14428.33333,12.74983333,1720036.792,0.729666667,18.54133333,0.252,1267,35.708252,51.2517625,12,283.235,0.007301294,0.972222222,0
12/30/2024 14:58,9.9,9.9,6.1,5.2,201700,13.55,1,32,44.309,44.66666667,9.743666667,12.9085,76,42.16666667,1759.833333,14.5,641,3,8,4,14428.4005,18.90633333,1725260.688,0.781166667,18.23966667,0.252,1267,35.708391,51.2510165,12,282.755,-0.002065306,0.75,0
12/30/2024 14:58,9.9,9.9,6.4,5.3,201500,13.6,1,32,45.3025,50.83333333,13.7295,10.46866667,76.66666667,43.66666667,1833.5,14.5,642.5,3,13.33333333,4,14428.47133,18.5,1730390.75,0.893666667,17.93783333,0.252,1267,35.7085305,51.2502155,12,281.825,-0.003316126,0.25,0
12/30/2024 14:58,13.8,13.7,9.1,5.8,218610,13.6,1,32,46.55116667,34.83333333,7.366666667,4.8415,73.33333333,39.83333333,1673.25,13.9,642,3,13.33333333,4,14428.54233,-9.926833333,1733239.167,0.523166667,19.05233333,0.252,1267,35.7086715,51.2494355,12,282.94,0.004276057,0,0.638888889
12/30/2024 14:58,20.8,20.8,12.7,10.3,366390,13.58333333,1,32,46.83383333,38.16666667,8.194333333,9.217833333,72,40.83333333,1709.791667,14.5,639,3,10.66666667,4,14428.60817,4.6875,1737214.792,0.651333333,19.0315,0.252,1267,35.7088185,51.2486935,12,283.74,0.000290888,0.166666667,0
12/30/2024 14:58,17.8,17.8,11.3,9.5,336710,13.55,49,32.83333333,50.17816667,31.33333333,6.368833333,5.078666667,72.33333333,37.66666667,1583.583333,13.9,636,3,18.66666667,4,14428.67433,-8.2395,1740367.708,0.526833333,19.14566667,0.252,1267,35.70895,51.2479535,12,281.735,-0.00666134,0,0.527777778
12/30/2024 14:58,22.5,21.7,11,7.8,283380,13.56666667,1,32,48.233,49.33333333,10.86916667,16.131,73.33333333,40.33333333,1699.333333,14.5,634,3,8,4,14428.73767,27.90616667,1745001.771,0.948666667,17.58333333,0.252,1267,35.709074,51.247242,12,283.035,0.011373729,0.444444444,0
12/30/2024 14:58,12.5,12.5,7.4,6,227910,13.56666667,1,32.33333333,47.17,44.66666667,10.78116667,13.78633333,74.33333333,47.5,1925.291667,14.5,634.5,3,13.33333333,4.166666667,14428.81117,16.60416667,1751241.688,0.845,18.427,0.252,1267,35.709248,51.246424,12,284.29,-0.0049451,1.194444444,0
12/30/2024 14:58,11.4,11.4,7.3,5.5,214410,13.6,1,32.16666667,48.25966667,38.83333333,8.288833333,8.619166667,75.66666667,49.83333333,1640.291667,14.33333333,632.5,3,13.33333333,5,14428.8925,4.3125,1755823.292,0.6765,18.53133333,0.252,1267,35.709419,51.245512,12,282.895,-0.001279908,0.388888889,0
12/30/2024 14:59,11.2,11.2,7.1,6.1,228560,13.53333333,81,32.66666667,53.27516667,28.16666667,5.456166667,1.603166667,76.83333333,42.83333333,1400.083333,14.06666667,633,3,24,5,14428.97117,-20.81233333,1758191.5,0.415,19.948,0.252,1267,35.7095835,51.2446325,12,282.81,-0.001570796,0,1.166666667
12/30/2024 14:59,11.9,11.9,8.6,6.9,248960,13.53333333,1,32,54.352,44.33333333,8.5925,7.823666667,76.16666667,38.16666667,1261.041667,14.5,636,3,13.33333333,5,14429.03717,16.40616667,1761918.583,0.651,18.76033333,0.252,1267,35.709711,51.243904,12,282.25,0.00098902,0,0.777777778
12/30/2024 14:59,12.7,12.7,8.6,7.3,265870,13.53333333,1,32,52.59983333,44,7.2265,5.4855,73.16666667,39.16666667,1293.458333,14.5,637,3,13.33333333,5,14429.1015,15.03133333,1765051.917,0.634666667,18.65616667,0.252,1267,35.709841,51.2431755,12,282.68,0.003374303,0.166666667,0
12/30/2024 14:59,14.9,14.9,11.1,6.5,233310,13.53333333,17,32,50.53983333,44.16666667,9.39,9.7045,72,41.83333333,1378.625,14.5,635.5,3,16,5,14429.17,19.8335,1769307.917,0.769,18.26033333,0.252,1267,35.709982,51.242424,12,282.82,-0.002239839,0.444444444,0
12/30/2024 14:59,20.4,20.4,7.8,6.1,227060,13.53333333,33,32,50.08383333,27.16666667,4.582333333,0.123,72.16666667,42.16666667,1380.708333,14.5,637.5,3,24,5,14429.24033,-18.64566667,1772634.021,0.371833333,20.19783333,0.252,1267,35.7101305,51.2416345,12,283.09,0.000581776,0.055555556,0
12/30/2024 14:59,22.9,21,8.4,6.2,230410,13.53333333,17,32.16666667,52.36166667,35,5.585333333,3.700166667,73.16666667,38.16666667,1250.625,14.5,645.5,3,18.66666667,5,14429.3065,-3.156333333,1775354.104,0.5215,19.72916667,0.252,1267,35.7102585,51.2408865,12,281.59,-0.00346157,0,0.666666667
12/30/2024 14:59,13.5,13.3,7.1,5.8,221360,13.53333333,33,32,52.66933333,46.16666667,8.370166667,8.026,74,34.16666667,1120.166667,14.5,654.5,3,18.66666667,5,14429.36667,11.78133333,1778127.167,0.6425,18.60433333,0.252,1267,35.7103745,51.2402095,12,282.185,0.002850704,0,0.666666667
12/30/2024 14:59,11.7,11.7,7.6,5.7,215460,13.5,17,32,50.77366667,71,35.7395,24.50516667,75.16666667,34.33333333,1143.875,14.5,652.5,3,10.66666667,5,14429.42317,47.5625,1782619.25,1.098,16.12516667,0.252,1267,35.7104895,51.23958,12,282.61,-0.000814487,0.027777778,0
12/30/2024 14:59,14.1,14,8.1,5.8,220910,13.53333333,1,32,48.82333333,55.83333333,10.96983333,17.7505,76.16666667,39.33333333,1284,14.5,647.5,3,10.66666667,5,14429.48433,43.70816667,1788593.75,0.9005,16.89583333,0.252,1267,35.7106115,51.238888,12,282.555,0.003723369,0.833333333,0
12/30/2024 14:59,10.7,10.7,7.3,5.8,222460,13.53333333,1,32,48.9105,33.33333333,5.144833333,4.163666667,76.83333333,41.16666667,1354.041667,14.5,643.5,3,10.66666667,5,14429.55267,0.573,1792853.479,0.383333333,19.56233333,0.252,1267,35.71077,51.23814,12,284.955,0.003926991,0.305555556,0
12/30/2024 15:00,10.1,10.1,7.3,5.9,223210,13.56666667,33,32,49.94533333,38.83333333,7.115166667,6.2545,75,40.33333333,1321.666667,14.5,644.5,3,16,5,14429.62033,8.729,1795732.042,0.612166667,18.76033333,0.252,1267,35.7109225,51.237389,12,283.505,-0.006050475,0,0.138888889
12/30/2024 15:00,8.7,8.7,6.5,5.8,226310,13.6,1,32,49.61916667,47.66666667,9.016833333,13.74083333,72.33333333,42.66666667,1404.083333,14.5,641,3,8,5,14429.6895,26.47916667,1799905.667,0.761833333,17.948,0.252,1267,35.711069,51.23662,12,283.015,-0.002356194,0.388888889,0
12/30/2024 15:00,12.5,12.5,8.6,6.2,234260,13.58333333,1,32,49.758,32.33333333,6.125666667,6.192,72,44.5,1463.083333,14.5,638,3,8,5,14429.76233,1.979333333,1803532.667,0.510666667,19.56283333,0.252,1267,35.7112235,51.235796,12,283.145,0.001687152,0.305555556,0
12/30/2024 15:00,15.1,15.1,10.4,6.6,244260,13.58333333,1,32,50.96166667,31.16666667,5.292833333,1.936833333,72.5,44.16666667,1442.458333,14.5,636.5,3,16,5,14429.8365,-7.645666667,1806492.354,0.440833333,19.57283333,0.252,1267,35.71138,51.234972,12,283.13,-0.000465421,0,0.055555556
12/30/2024 15:00,11.4,11.4,8,6.2,233760,13.58333333,1,32,51.15733333,26.5,4.448333333,0,73.33333333,42.5,1397.875,14.5,639,3,21.33333333,5,14429.90833,-18.58333333,1809063.583,0.3885,20.2395,0.252,1267,35.711529,51.234167,12,282.965,0.001425352,0,0.277777778
12/30/2024 15:00,17.9,16,7.9,6.3,232010,13.58333333,17,32,51.88116667,50,11.19416667,0,74.5,42,1383.291667,14.5,646,3,16,5,14429.9785,23.02083333,1812298.167,0.896333333,17.80216667,0.252,1267,35.7116775,51.2333905,12,283.045,-0.00247255,0,0.083333333
12/30/2024 15:00,10.9,10.9,8,6,232610,13.6,97,32.83333333,54.47416667,27.5,3.778,0,75.33333333,36.66666667,1204.666667,14.5,649.5,3,24,5,14430.04683,-18.625,1816269.333,0.292333333,20.54166667,0.252,1267,35.7118055,51.2326085,12,281.23,-0.002181662,0,0.888888889
12/30/2024 15:00,14.3,14.3,10.3,6.9,250260,13.61666667,1,32,53.32616667,88.83333333,62.971,46.556,76.5,32.66666667,1071.5,14.5,649,3,8,5,14430.09967,70.67716667,1820384.438,1.412666667,14.4895,0.252,1267,35.7119105,51.2320195,12,282.995,0.007097672,0,0.666666667
12/30/2024 15:00,12.7,12.6,7.4,6.3,236510,13.56666667,33,32,50.73466667,42,9.443166667,6.906166667,77,38.16666667,1256.791667,14.5,649,3,18.66666667,5,14430.161,6.5835,1826249.292,0.505333333,18.9895,0.252,1267,35.7120455,51.2313195,12,283.095,-0.003374303,0.916666667,0
12/30/2024 15:00,8.2,8.2,6.5,6,232010,13.6,1,32,49.37066667,59.33333333,13.78966667,11.1135,74.83333333,41.33333333,1360.958333,14.5,646.5,3,8,5,14430.22517,40.51033333,1831395.646,0.902166667,16.823,0.252,1267,35.712183,51.2306025,12,283.355,0.000727221,0.527777778,0
12/30/2024 15:01,14.8,14.7,10.1,6.9,255020,13.58333333,1,32,50.83933333,27.83333333,4.734,0,72.33333333,45,1481.958333,14.5,643,3,8,5,14430.29817,-5.3645,1835118.083,0.367666667,19.8435,0.252,1267,35.71233,51.229784,12,282.325,-0.001890773,0.611111111,0
12/30/2024 15:01,20.3,20.1,10.6,6.4,237060,13.58333333,91.66666667,32.83333333,53.12016667,28.33333333,3.941,0,71.5,39,1182.958333,14.5,643.5,3,24,5,14430.368,-15.896,1837423.083,0.345333333,20.55216667,0.252,1267,35.7124805,51.2289755,12,283.05,0.001570796,0,1
12/30/2024 15:01,14.8,14.8,9.8,7.5,285180,13.55,75.66666667,33,55.71016667,30.5,3.670833333,1.0005,72,27.83333333,947.5833333,14.5,645.5,3,24,4.5,14430.42317,-12.99983333,1839166.188,0.306666667,20.97883333,0.252,1267,35.7126005,51.2283745,12,284.275,0.004625123,0,1.861111111
12/30/2024 15:01,11.8,11.8,7.5,6.4,240710,13.6,1,32.16666667,53.56316667,85.83333333,40.675,32.85716667,73,33.33333333,1404.75,14.46666667,646.5,3,8,4,14430.46933,76.9375,1844576.125,1.6895,14.60416667,0.252,1267,35.712698,51.2278345,12,281.735,-0.010442887,0.916666667,0
12/30/2024 15:01,13.8,13.7,8.3,6.3,239360,13.58333333,1,32,50.35916667,55.83333333,13.47033333,12.99333333,74,49.33333333,2065.416667,14.5,674,3,10.66666667,4,14430.53917,27.65666667,1854805.5,0.997666667,18.39583333,0.252,1267,35.712841,51.227047,12,283.145,0.007795804,2.666666667,0
12/30/2024 15:01,14.4,14.3,8.8,6.7,250110,13.56666667,1,32,51.59,32.83333333,9.457833333,7.6455,75.16666667,52,2176.458333,14.5,672,3,10.66666667,4,14430.6245,2.291666667,1859556.083,0.716166667,19.82283333,0.252,1267,35.7130185,51.2261025,12,283.06,0.000319977,0.444444444,0
12/30/2024 15:01,10,10,7.1,6.1,225560,13.58333333,1,32,51.86833333,33.5,9.547666667,8.8535,76.16666667,52.83333333,2210.916667,14.45,670,3,10.66666667,4,14430.711,1.1045,1863775,0.832666667,19.7395,0.252,1267,35.7131995,51.225132,12,282.725,-0.00247255,0.138888889,0
12/30/2024 15:01,14,14,8.9,6.2,231560,13.56666667,1,32,50.80216667,34.33333333,9.282833333,6.0435,74.66666667,54.33333333,2273.5,14.01666667,668,3,10.66666667,4,14430.79933,-6.604,1868619.583,0.706166667,19.70833333,0.252,1267,35.7133925,51.2241325,12,283.62,0.002937971,0.25,0
12/30/2024 15:01,15.7,15.7,9.5,6.2,222110,13.6,1,32,52.603,30.5,8.535833333,1.446166667,72.33333333,50.5,2120.083333,14.5,665.5,3,21.33333333,4,14430.88717,-31.70833333,1870758.771,0.106166667,19.78133333,0.252,1267,35.713587,51.2231525,12,283.47,-0.002996149,0,0.638888889
12/30/2024 15:01,12.3,12.3,8.6,5.9,225660,13.55,97,33,55.568,25.66666667,4.771166667,0,72,40.16666667,1672.083333,14.21666667,663,3,24,4,14430.966,-23.15633333,1872518.667,0.494,20.20833333,0.252,1267,35.7137565,51.222294,12,284.125,0.004712389,0,1.722222222
12/30/2024 15:02,53,52.8,29.2,8.4,265970,13.36666667,65,33,59.48766667,35,3.192833333,0.604166667,72.16666667,19.83333333,825.375,14.5,666,3,21.33333333,4,14431.01683,-4.697833333,1874689.417,0.297833333,20.56233333,0.252,1267,35.713867,51.2217445,12,283.36,-0.004654211,0,3.388888889
12/30/2024 15:02,30.7,28.2,7.9,5.7,210850,13.31666667,97,33,57.29816667,39.83333333,4.054166667,0,73,10.33333333,848.5,14.5,664,3,24,2.333333333,14431.04167,-1.281166667,1876557.083,0.366333333,20.12483333,0.252,1267,35.7139225,51.2214855,12,286.515,0.016406095,0,1.583333333
12/30/2024 15:02,13.7,13.7,8.7,6.4,226560,13.53333333,81,32.33333333,53.87366667,32.5,3.634666667,0,74,0.166666667,988.1666667,14.5,666.5,3,24,13,14431.051,-15.198,1878735.688,0.33,20.79166667,0.252,1267,35.7139415,51.221413,12,141.045,0.207781447,0,1.694444444
12/30/2024 15:02,36.9,34.5,10.7,5.9,212710,13.56666667,1,32,51.93033333,31.16666667,3.367833333,0,74.83333333,0,952.75,14.5,668.5,3,24,13,14431.051,-14.11483333,1880625.563,0.311833333,20.93766667,0.252,1267,35.713947,51.221413,12,0,0,0,0.027777778
12/30/2024 15:02,12.5,12.5,7.2,5.5,209750,13.53333333,1,32,50.25666667,31.33333333,3.4315,0,75.83333333,0,943.2916667,14.5,668,3,24,13,14431.051,-13.80216667,1882480.625,0.307333333,20.969,0.252,1267,35.713953,51.221413,12,0,0,0,0
12/30/2024 15:02,29.7,22.9,12.6,7.4,251770,13.55,1,32,49.4065,31.5,3.4595,0,76.5,0,953.7916667,14.5,669,3,24,13,14431.051,-13.6875,1884338.354,0.3095,20.92733333,0.252,1267,35.7139645,51.221413,12,0,0,0,0
12/30/2024 15:02,72.1,62.5,9.6,7.1,266120,13.55,1,32,49.03183333,31.33333333,3.474666667,0,77,0,958.125,14.5,669,3,24,13,14431.051,-14.58333333,1886218.875,0.312833333,20.917,0.252,1267,35.713972,51.221407,12,146.16,-0.19687314,0,0
12/30/2024 15:02,16.7,16.1,8.7,7.7,286080,13.56666667,1,32,48.852,31.5,3.501333333,0,76.5,0,954.2083333,14.5,669,3,24,13,14431.051,-14.61466667,1888090.417,0.312,20.9375,0.252,1267,35.713974,51.221401,12,292.32,0,0,0
12/30/2024 15:02,23.8,23.8,13.6,9.2,337060,13.58333333,1,32,48.889,31.33333333,3.538833333,0,73.83333333,0,955.25,14.5,669,3,24,13,14431.051,-13.14583333,1889967.042,0.310333333,20.94816667,0.252,1267,35.713974,51.221401,12,292.32,0,0,0
12/30/2024 15:02,20.5,20.5,12.6,8,284830,13.56666667,1,32,48.57083333,31.66666667,3.532833333,0,71.66666667,0,952.2083333,14.5,669,3,24,13,14431.051,-13.71866667,1891845.542,0.314833333,20.9275,0.252,1267,35.713976,51.221401,12,146.16,0.19687314,0,0
12/30/2024 15:03,18.1,18.1,10.4,6.2,231960,13.56666667,1,32.83333333,48.727,33,3.921,0,71,0,972.375,14.5,670.5,3,24,13,14431.051,-15.24983333,1893797.167,0.334,20.84366667,0.252,1267,35.713978,51.221401,12,0,0,0,0
12/30/2024 15:03,25.9,25.9,14.2,6.6,224760,13.58333333,1,33,48.68816667,35.83333333,4.4505,1.5325,72,0.5,1030.541667,14.5,672,3,16,9,14431.051,-9.666666667,1895978,0.389666667,20.42716667,0.252,1267,35.713978,51.2213975,12,135,-0.261799388,0.083333333,0
12/30/2024 15:03,29.9,28.9,9.3,6.2,224710,13.38333333,1,32.66666667,47.43433333,41.16666667,5.837,7.765,72.33333333,5.5,1107.75,14.5,671,3,16,1,14431.05433,5.156333333,1898354.646,0.5245,19.552,0.252,1267,35.7139835,51.221338,12,276.63,0.012304571,0.833333333,0
12/30/2024 15:03,14.8,14.8,9.7,6.5,234660,13.58333333,1,32.33333333,44.8105,44.33333333,10.59566667,11.6195,73.16666667,18.66666667,1919.875,14.5,668.5,3,10.66666667,1.666666667,14431.074,12.89583333,1903029.396,0.821,18.5625,0.252,1267,35.714012,51.2211015,12,279.635,0.030310551,2.194444444,0
12/30/2024 15:03,13,12.4,7.4,5.8,220860,13.6,1,32.5,43.46,45.66666667,14.58633333,14.4365,73.83333333,28,2061.75,14.45,675.5,3,16,2.333333333,14431.11333,10.87516667,1909302.354,1.243166667,18.47916667,0.252,1267,35.714094,51.220663,12,282.19,-0.011955505,1.555555556,0
12/30/2024 15:03,9,9,6.4,5.5,215410,13.58333333,33,32,45.91333333,40.16666667,8.571333333,6.222666667,75,30.33333333,1721.791667,14.5,676.5,3,13.33333333,3,14431.1635,-5.1875,1914106.083,0.523333333,18.67716667,0.252,1267,35.714184,51.220093,12,281.125,0.00148353,0.388888889,0
12/30/2024 15:03,8.4,8.4,6.7,5.7,215410,13.6,33,32,48.50483333,35.16666667,6.267666667,4.158,76,24,1364.125,14.23333333,673.5,3,21.33333333,3,14431.209,-5.593833333,1916881.583,0.631166667,19.26,0.252,1267,35.714266,51.2195895,12,281.795,0.004886922,0,1.055555556
12/30/2024 15:03,9.4,9.4,6.6,5.8,219160,13.6,1,32,47.06433333,54.5,11.51,15.40166667,76,25.5,1457.958333,14.5,673.5,3,10.66666667,3,14431.248,32.0935,1921597.021,0.882,17.08333333,0.252,1267,35.714346,51.2191505,12,282.91,0.004014257,0.25,0
12/30/2024 15:03,10,10,7.1,5.5,208800,13.6,49,32.16666667,49.30683333,33.66666667,5.613833333,0,73.66666667,23.33333333,1345.625,14.06666667,670.5,3,24,3,14431.29233,-30.17716667,1924269.542,0.1215,19.65633333,0.252,1267,35.714441,51.218649,12,282.975,-0.00221075,0,0.361111111
12/30/2024 15:03,9.1,9.1,6.3,5.2,193550,13.61666667,1,32.33333333,51.776,42,7.4095,6.812,71.5,16,1315.875,13.96666667,667.5,3,13.33333333,2.166666667,14431.32333,10.5105,1926568.958,0.676333333,18.948,0.252,1267,35.7145045,51.2183115,12,283.39,0.004072435,0,1.222222222
12/30/2024 15:04,8.5,8.5,6.8,5.2,194600,13.6,1,32,47.717,50.5,13.06633333,18.54166667,71.16666667,23.5,1960.041667,14.5,667,3,8,2,14431.3555,32.34383333,1931524.271,1.218333333,18.18733333,0.252,1267,35.714569,51.217949,12,281.78,-0.008290314,1.25,0
12/30/2024 15:04,10.4,10.4,7.4,5.7,211910,13.6,1,32.33333333,46.45483333,35,9.048,8.4315,72,32.5,2014.125,13.96666667,672,3,16,2.833333333,14431.403,2.000166667,1937872.396,0.665,19.46883333,0.252,1267,35.714674,51.2174015,12,283.57,0.004217879,1.5,0
12/30/2024 15:04,10.4,10.4,7.2,6,220010,13.56666667,1,32,45.6955,45.5,12.29583333,17.85766667,72.66666667,36.5,2064.166667,14.5,669.5,3,8,3,14431.45967,25.96883333,1943293.854,1.172833333,18.66683333,0.252,1267,35.714796,51.2167645,12,283.21,-0.000756309,0.666666667,0
12/30/2024 15:04,10.7,10.7,7.8,6.3,240110,13.58333333,1,32.33333333,45.88383333,44.83333333,11.31766667,15.14066667,73.83333333,41.33333333,2032.25,14.5,666.5,3,10.66666667,3.666666667,14431.52417,16.97916667,1949539.25,0.981,18.48966667,0.252,1267,35.7149315,51.2160355,12,282.745,-0.001861685,0.805555556,0
12/30/2024 15:04,6.5,6.5,6.5,6,220460,13.58333333,1,32,45.62683333,46.66666667,11.11883333,12.60966667,75.33333333,45.33333333,1907.916667,14.5,663.5,3,10.66666667,4,14431.59367,18.406,1955605.417,0.848166667,18.37483333,0.252,1267,35.715086,51.2152345,12,283.525,0.001919862,0.666666667,0
12/30/2024 15:04,9.2,9.2,6.6,5.6,211610,13.56666667,1,32,47.40833333,39,10.14666667,0,76.33333333,47.16666667,1972.833333,14.5,661.5,3,8,4,14431.67117,16.57283333,1960686.542,0.898833333,19.05183333,0.252,1267,35.715242,51.2143725,12,282.45,-0.001338086,0.305555556,0
12/30/2024 15:04,8.1,8.1,7.1,6.3,245210,13.6,1,32,48.46283333,31.16666667,8.011666667,0,74.33333333,48,2008.291667,14.5,658.5,3,8,4,14431.75133,1.604,1964948.583,0.655833333,19.64583333,0.252,1267,35.715406,51.2134835,12,282.8,0,0.138888889,0
12/30/2024 15:04,13.8,13.5,7.1,6.1,229760,13.58333333,1,32,49.01116667,30.33333333,7.924666667,0,72.16666667,48,2006.875,14.5,655.5,3,8,4,14431.83333,1.6355,1968818.625,0.634166667,19.7395,0.252,1267,35.715572,51.212593,12,283.005,0.000872665,0,0
12/30/2024 15:04,9.6,9.6,7,5.9,219760,13.55,1,32,49.91816667,29.83333333,7.941833333,0,72,48,2010.916667,14.5,652.5,3,8,4,14431.9115,0.468833333,1972599.042,0.626833333,19.75033333,0.252,1267,35.7157495,51.211706,12,284.285,0.005090544,0,0
12/30/2024 15:04,14.9,14.3,8,6,212960,13.58333333,1,32,50.693,27,6.865166667,0,73,48,2007.625,14.5,649.5,3,8,4,14431.99283,-5.562333333,1976112.104,0.568666667,20.125,0.252,1267,35.715923,51.210812,12,283.005,-0.005090544,0,0
12/30/2024 15:05,12.4,12.4,8.5,6.6,247060,13.56666667,1,32,51.11433333,26.16666667,6.675833333,0,73.83333333,48.33333333,2027,14.5,646.5,3,8,4,14432.0715,-6.8855,1979447.729,0.5365,20.20816667,0.252,1267,35.716097,51.209921,12,283.65,0.001396263,0.055555556,0
12/30/2024 15:05,17,16.8,9.4,6,222410,13.6,1,32,51.52333333,24.16666667,6.119,0,75,49,2035.125,14.5,643.5,3,8,4,14432.1505,-11.07283333,1982565.854,0.498666667,20.45866667,0.252,1267,35.7162685,51.209017,12,283.115,-0.000436332,0.111111111,0
12/30/2024 15:05,11.5,11.5,7.5,5.9,222760,13.6,1,32,51.67233333,31.83333333,8.312333333,0,76,47.83333333,2005.958333,14.5,640.5,3,13.33333333,4,14432.23183,-10.73983333,1985294.104,0.466166667,19.75,0.252,1267,35.716438,51.2081165,12,282.99,-0.000727221,0,0.194444444
12/30/2024 15:05,9,9,6.5,5.5,208750,13.55,1,32,51.42983333,24.33333333,6.061666667,0,75.33333333,49,2038.25,14.5,637.5,3,8,4,14432.31117,-11.72933333,1988719.104,0.5,20.46866667,0.252,1267,35.716604,51.207222,12,283,0.00148353,0.194444444,0
12/30/2024 15:05,10.5,10.3,7.2,6.6,241910,13.6,1,32,52.18933333,32.5,8.366,0,72.33333333,47.83333333,2003.75,14.23333333,635,3,13.33333333,4,14432.39183,-5.687333333,1991483.229,0.673166667,19.76033333,0.252,1267,35.716774,51.2063275,12,283.045,-0.00148353,0,0.194444444
12/30/2024 15:05,11.1,11.1,7.3,5.7,218960,13.53333333,1,32,51.69783333,24,6.0795,0,72,49,2039.25,14.5,632,3,8,4,14432.47267,-12.16683333,1994927.667,0.5095,20.55166667,0.252,1267,35.7169495,51.205431,12,283.52,-0.000349066,0.194444444,0
12/30/2024 15:05,14.9,14.8,8.1,5.8,224360,13.56666667,1,32,51.73183333,24,6.124,0,72,49,2038.666667,14.5,629,3,8,4,14432.5535,-11.91666667,1997930.188,0.499166667,20.531,0.252,1267,35.717117,51.204525,12,282.785,-0.000523599,0,0
12/30/2024 15:05,25.2,25.1,12.4,6.5,224060,13.6,1,32,51.53366667,24,6.138166667,0,72.66666667,49,2035.958333,14.5,626,3,8,4,14432.63483,-11.78133333,2000920.042,0.5065,20.531,0.252,1267,35.717289,51.203621,12,283.195,0,0,0
12/30/2024 15:05,26.3,24.5,10.8,6.5,217110,13.55,1,32,51.68316667,24,6.100666667,0,73.5,49,2042.583333,14.5,623,3,8,4,14432.7155,-12.13516667,2003916.875,0.497833333,20.52066667,0.252,1267,35.717453,51.202715,12,282.345,-0.002559816,0,0
12/30/2024 15:05,22.9,22.8,12,6.6,228760,13.55,1,32,51.03266667,24,5.9465,0,74.66666667,48.5,2026,14.5,620,3,8,4,14432.79617,-12.7185,2006853.292,0.482833333,20.5725,0.252,1267,35.717623,51.201811,12,283.485,0.005265077,0,0.083333333
12/30/2024 15:06,27.4,27.4,15.4,7.4,224910,13.55,1,32,51.0955,24.16666667,5.9325,0,75.83333333,47.83333333,1993.041667,14.5,617,3,8,4,14432.87633,-12.33316667,2009732.938,0.488166667,20.49966667,0.252,1267,35.7177925,51.2009185,12,283.03,-0.001599885,0,0.111111111
12/30/2024 15:06,18.7,18.7,9.6,6.1,207400,13.58333333,1,32,50.64116667,28.66666667,7.443333333,0,75.83333333,47.16666667,1984.708333,14.5,614,3,8,4,14432.95583,-2.739666667,2012782.333,0.611333333,19.9375,0.252,1267,35.7179585,51.2000405,12,283.26,0.001774418,0,0.111111111
12/30/2024 15:06,21.3,21.3,11.5,7,235060,13.6,1,32,49.564,26,6.494666667,0,73,48.66666667,2030.208333,14.5,611,3,8,4,14433.03517,-9.0625,2016405.542,0.522166667,20.29166667,0.252,1267,35.71813,51.19915,12,283.3,-0.000523599,0.25,0
12/30/2024 15:06,65.5,65.5,41.9,11.6,283930,13.58333333,49,32.16666667,51.41066667,30,6.893,0,71.66666667,43.5,1821.625,14.06666667,608,3,16,4,14433.114,-17.76033333,2019344.896,0.417666667,19.75,0.252,1267,35.718294,51.198271,12,282.545,-0.004392412,0,0.861111111
12/30/2024 15:06,180.9,179.7,56.3,12.1,296280,13.58333333,33,32.83333333,55.69016667,38.33333333,7.035,5.904,72,22.33333333,1299.083333,14.5,611.5,3,18.66666667,2.833333333,14433.16933,3.843833333,2021718.854,0.6495,19.5725,0.252,1267,35.718397,51.1976795,12,281.21,-0.007853982,0,3.527777778
12/30/2024 15:06,183.9,176.8,51.6,12.8,296480,13.6,1,32.33333333,49.4375,47.16666667,13.46,12.34733333,72.16666667,29.66666667,2174.791667,14.5,628.5,3,16,2.5,14433.2095,12.53133333,2028114.167,1.069166667,18.396,0.252,1267,35.7184845,51.1972255,12,284.285,0.012038026,1.222222222,0
12/30/2024 15:06,128.5,127.1,40.8,12,305140,13.6,33,32,47.361,48.16666667,11.79916667,10.4435,73.33333333,30.66666667,1745,14.13333333,637.5,3,18.66666667,3,14433.26167,7.458,2032722.229,0.905833333,18.052,0.252,1267,35.7185955,51.1966345,12,282.79,-0.002647083,0.166666667,0
12/30/2024 15:06,60,52.7,18.3,8.8,261220,13.6,1,32.33333333,45.50516667,62.33333333,21.809,20.9285,74.16666667,43,2328.166667,14.5,669.5,3,13.33333333,3.166666667,14433.31967,45.80183333,2042274.063,1.733,17.41633333,0.252,1267,35.718712,51.1959705,12,282.245,0.000959931,2.055555556,0
12/30/2024 15:06,17.8,17.7,8.9,6.2,210550,13.63333333,1,32,45.70933333,44.5,11.19716667,0,75.66666667,46.16666667,1934,13.96666667,682,3,13.33333333,4,14433.39517,12.34366667,2048595.167,1.036833333,18.625,0.252,1267,35.718876,51.1951195,12,283.5,0.001774418,0.527777778,0
12/30/2024 15:06,16.4,16.4,10.3,6.1,205650,13.61666667,1,32,45.93383333,36,9.3635,0,76.33333333,48,2003.541667,14.5,680,3,8,4,14433.47383,9.906166667,2054122.375,0.768666667,19.6145,0.252,1267,35.7190495,51.1942425,12,283.98,0.003403392,0.305555556,0
12/30/2024 15:07,15.3,15.3,9.8,5.9,202000,13.6,1,32,46.8885,35.33333333,9.195,0,73.33333333,48,2008.833333,14.5,677,3,8,4,14433.5535,8.645833333,2058734,0.7565,19.6565,0.252,1267,35.7192325,51.1933555,12,283.94,-0.003781547,0,0
12/30/2024 15:07,13.4,13.4,10,6.8,230710,13.6,1,32,47.71616667,37,9.590666667,0,72,47.83333333,1990,14.5,674,3,8,4,14433.63283,11.22933333,2063329.833,0.8085,19.68766667,0.252,1267,35.719397,51.1924725,12,282.74,-0.002094395,0,0.027777778
12/30/2024 15:07,11.4,11.4,8.2,6.2,223760,13.58333333,1,32,48.12833333,37.5,9.79,0,72,48,2012.375,14.5,671,3,8,4,14433.71217,12.33333333,2068261.104,0.8115,19.70866667,0.252,1267,35.719559,51.191582,12,282.405,-0.002617994,0.027777778,0
12/30/2024 15:07,17.4,17.4,10.9,6.7,229160,13.55,65,32,50.8985,35.16666667,8.3825,0,73.16666667,43.83333333,1827.708333,14.5,668,3,18.66666667,4,14433.79167,-20.6145,2072256.667,0.256166667,19.34366667,0.252,1267,35.719681,51.190691,12,278.505,-0.012042772,0,0.694444444
12/30/2024 15:07,12.5,12.5,8.7,6,218260,13.6,59.66666667,32.5,55.86616667,34.83333333,5.480666667,2.923666667,74,27.33333333,1193,13.9,666,3,21.33333333,4,14433.8515,-17.979,2073178.729,0.386666667,19.85416667,0.252,1267,35.719761,51.190025,12,279.32,0.008464847,0,2.75
12/30/2024 15:07,16.1,16.1,10,6.1,218560,13.6,17,32,52.8615,50.33333333,10.81316667,12.69983333,75,29.33333333,1684.083333,14.5,663,3,13.33333333,3,14433.8965,15.89583333,2077946.979,0.775166667,17.54166667,0.252,1267,35.719839,51.189522,12,281.19,0.005235988,0.333333333,0
12/30/2024 15:07,19.5,19.5,11,6.3,205400,13.51666667,59.66666667,32,53.78516667,34.83333333,6.257666667,1.152,75.83333333,23.16666667,1358.25,14.2,660,3,24,3,14433.94267,-29.833,2079968.75,0.2175,19.46883333,0.252,1267,35.7199265,51.189001,12,279.835,-0.01800598,0,1.027777778
12/30/2024 15:07,89.5,82.8,54.7,12.9,311840,13.6,1,32,60.3265,31.5,4.93,3.3335,76,19.83333333,1192.625,14.5,664,3,18.66666667,3,14433.9785,-9.114666667,2082063.375,0.437166667,20.18733333,0.252,1267,35.7197895,51.1887535,12,202.475,-0.302640092,0,0.555555556
12/30/2024 15:07,43,41.2,8.2,5.7,211810,13.6,1,32,59.82733333,61.83333333,14.2215,22.26666667,75,29,1656,14.5,666,3,8,3,14434.01567,52.23933333,2087196.75,1.3085,16.5835,0.252,1267,35.7196695,51.189091,12,103.77,-0.19538961,1.527777778,0
12/30/2024 15:07,25.1,24.7,8.4,5.9,218360,13.58333333,1,32.33333333,53.35916667,58.66666667,20.54816667,19.45733333,72,44,2213.458333,14.43333333,689.5,3,16,3.5,14434.07683,28.65633333,2096530.021,1.481833333,18.59383333,0.252,1267,35.719513,51.1897985,12,105.205,-0.000552688,2.5,0
12/30/2024 15:08,22.3,21.6,10,5.6,208850,13.56666667,49,32,55.99916667,44.66666667,14.89416667,9.3805,72,38,1601.916667,14.21666667,692,3,21.33333333,4,14434.14917,-11.76016667,2099666.208,0.687166667,17.9065,0.252,1267,35.719328,51.1905995,12,106.475,0.006225008,0,1
12/30/2024 15:08,26.6,26.4,13.8,6.9,223110,13.6,1,32,51.86383333,70.66666667,21.06083333,16.28216667,72,45.5,1905.916667,14.46666667,708.5,3,13.33333333,4,14434.21417,47.17716667,2108404.792,1.351666667,17.08333333,0.252,1267,35.7191675,51.191332,12,104.665,-0.005555965,1.25,0
12/30/2024 15:08,30.5,30.5,9.9,6.1,209200,13.56666667,1,32,52.388,35.5,8.773333333,0,73,47.66666667,1999.333333,14.5,710.5,3,10.66666667,4,14434.29283,0.635666667,2112973,0.7075,19.625,0.252,1267,35.7189765,51.1922095,12,105.375,0.00418879,0.361111111,0
12/30/2024 15:08,20.5,20.5,12.1,6.2,206500,13.58333333,1,32,51.61883333,28.66666667,7.306833333,0,74,48,2017.875,14.5,707,3,8,4,14434.3725,-3.031166667,2117145.417,0.603333333,19.9585,0.252,1267,35.718769,51.1930825,12,105.83,-0.005614142,0.055555556,0
12/30/2024 15:08,37.4,37.4,19.6,7.7,231160,13.56666667,17,32,51.47033333,29.83333333,7.482333333,0,75.16666667,47.83333333,1996.083333,14.5,703.5,3,8,4,14434.45183,-2.3335,2120732.458,0.608166667,19.82266667,0.252,1267,35.71859,51.193966,12,103.635,-0.004421501,0,0.027777778
12/30/2024 15:08,44.1,43.9,19.5,8.1,226660,13.56666667,17,32,53.55283333,70.16666667,23.83983333,22.668,76,42.33333333,1756.583333,14.46666667,704.5,3,13.33333333,4,14434.52683,45.7085,2124855.75,1.588166667,16.35416667,0.252,1267,35.7184315,51.194792,12,103.03,-0.002879793,0,0.916666667
12/30/2024 15:08,43.9,43.3,24.8,9,246110,13.58333333,1,32,49.08833333,35,8.857333333,0,75,48.16666667,2016.666667,14.25,716,3,16,4,14434.6035,-15.177,2132303.583,0.365,19.59366667,0.252,1267,35.7182635,51.19565,12,103.885,0.004508767,0.972222222,0
12/30/2024 15:08,14.4,14.4,8.3,6.6,230910,13.55,1,32,48.3255,32.16666667,8.123,0,72.16666667,48,2012.583333,14.5,712.5,3,8,4,14434.68283,2.583166667,2136316.875,0.668,19.73966667,0.252,1267,35.718094,51.196537,12,103.105,-0.001628974,0,0.027777778
12/30/2024 15:08,7.9,7.9,6.2,5.8,217710,13.55,1,32,48.84083333,30.16666667,7.739666667,0,72,48,2009.791667,14.5,709.5,3,8,4,14434.763,0.2605,2140183.458,0.632166667,19.79133333,0.252,1267,35.717922,51.1974275,12,103.46,0.000901753,0,0
12/30/2024 15:08,11.6,11.6,7.9,5.9,217010,13.56666667,1,32,48.34633333,30.83333333,7.902166667,0,72.33333333,47.66666667,1991.75,14.5,706.5,3,8,4,14434.8425,1.541833333,2143953.667,0.645833333,19.70816667,0.252,1267,35.7177545,51.1983165,12,102.79,-0.003112504,0,0.055555556
12/30/2024 15:09,10.5,10.5,7.9,7.3,274120,13.58333333,1,32,48.06416667,36.5,9.287833333,0,73.33333333,47,1974.958333,14.5,703.5,3,8,4,14434.9205,10.7605,2148214.458,0.778833333,19.625,0.252,1267,35.717602,51.199194,12,102.05,-0.000378155,0,0.111111111
12/30/2024 15:09,10.1,10.1,6.7,5,187900,13.58333333,1,32,46.6755,80.16666667,30.78466667,25.82583333,74.5,49.33333333,2069.5,13.96666667,709,3,8,4,14435.00067,80.198,2154476.917,3.074833333,17.89583333,0.252,1267,35.7174435,51.2000865,12,102.465,0.001512619,0.388888889,0
12/30/2024 15:09,16.8,16.8,11.6,5.7,198200,13.58333333,1,32,43.735,38.16666667,10.2705,8.145666667,75.5,57,2374.708333,14.5,737.5,3,13.33333333,4,14435.08983,1.291666667,2167954.042,0.6975,19.54166667,0.252,1267,35.7172585,51.2010995,12,102.575,-0.001134464,1.277777778,0
12/30/2024 15:09,13.9,13.9,8.4,5.4,190850,13.6,1,32,46.06183333,32.5,8.905166667,2.1255,76.5,51.83333333,2168.166667,14.5,734,3,21.33333333,4,14435.18117,-27.14566667,2172150.75,0.199833333,19.67716667,0.252,1267,35.7170545,51.2021065,12,105.03,0.011431907,0,0.861111111
12/30/2024 15:09,17.2,17.2,7.4,5.7,198250,13.6,1,32.33333333,49.78983333,31.16666667,7.560166667,0,73.33333333,42.16666667,1905.416667,14.5,729,3,24,3.833333333,14435.25967,-30.16666667,2172775.25,0.198666667,19.6145,0.252,1267,35.716875,51.2029705,12,103.42,-0.009890199,0,1.611111111
12/30/2024 15:09,37.3,35.4,9.2,5.7,202800,13.6,1,32,50.45633333,38.5,8.714666667,3.9205,72,32.83333333,1866.541667,14.35,725,3,21.33333333,3,14435.32167,-15.34366667,2174767.625,0.485166667,19.0625,0.252,1267,35.7167455,51.203657,12,103.19,0.001076286,0,1.555555556
12/30/2024 15:09,18.2,18.2,9.4,6,211250,13.6,1,32,48.53283333,47.5,11.76766667,15.63166667,72,34.5,1962,14.5,722,3,8,3,14435.377,27.17716667,2180498.375,1.019,18.677,0.252,1267,35.7166295,51.204264,12,103.245,-8.73E-05,0.277777778,0
12/30/2024 15:09,12.6,12.6,9.1,6.3,222410,13.6,1,32,47.63566667,36,9.8235,12.34666667,72.66666667,36.83333333,2083.708333,14.5,719,3,8,3,14435.43617,10.73933333,2185996.167,0.824,19.70866667,0.252,1267,35.7165015,51.2049405,12,103.14,0.000232711,0.388888889,0
12/30/2024 15:09,14.8,14.8,9,5.8,206200,13.6,1,32,46.99783333,36.33333333,9.990833333,12.375,73.66666667,37,2122.625,14.5,716,3,8,3,14435.49733,10.58333333,2191106.583,0.836166667,19.6775,0.252,1267,35.7163695,51.2056275,12,103.43,0.001367175,0.027777778,0
12/30/2024 15:09,33.3,33.3,22.7,8.9,272320,13.6,1,32,47.67366667,31,8.268166667,8.500166667,75.16666667,36.33333333,2074.833333,14.5,713,3,8,3,14435.55983,1.854,2195695.583,0.677833333,19.89583333,0.252,1267,35.716236,51.20632,12,103.505,0.001599885,0,0.111111111
12/30/2024 15:10,18.5,18.4,8.5,6.2,214560,13.6,1,32,47.13566667,40.33333333,10.74133333,13.99933333,76.33333333,35.83333333,2057.25,14.5,710,3,8,3,14435.61917,17.88533333,2200439.542,0.926666667,19.4165,0.252,1267,35.7161085,51.206987,12,103.1,-0.001745329,0,0.083333333
12/30/2024 15:10,12.1,12.1,8.3,5.5,205150,13.6,1,32,45.934,37.66666667,10.45966667,13.1145,75.33333333,38,2164.708333,14.5,707,3,8,3,14435.681,12.625,2206111.292,0.892666667,19.60433333,0.252,1267,35.7159785,51.2076775,12,102.92,-0.001658063,0.361111111,0
12/30/2024 15:10,13.4,13.3,7.3,5.9,207300,13.6,1,32,44.27,68.5,27.29016667,19.69966667,72.33333333,45.33333333,2566.958333,14.15,728,3,13.33333333,3,14435.748,38.7085,2216478.542,1.673333333,19.38533333,0.252,1267,35.715841,51.208435,12,102.55,-0.000581776,1.222222222,0
12/30/2024 15:10,12.6,12.6,9.1,6.4,225810,13.63333333,1,32,46.925,29.83333333,8.503666667,2.997166667,73,43.83333333,2477.875,13.76666667,741.5,3,16,3,14435.8255,-22.42716667,2224105.125,0.501333333,20.38533333,0.252,1267,35.71566,51.2092895,12,105.065,0.005294165,0,0.25
12/30/2024 15:10,15,15,10.6,6.3,227310,13.6,1,32,48.11516667,34.16666667,9.458666667,9.160833333,73.5,38,2169.125,14.5,739.5,3,10.66666667,3,14435.89317,0.364666667,2227863.042,0.765,19.77116667,0.252,1267,35.7155055,51.2100335,12,104.37,0.000232711,0,0.972222222
12/30/2024 15:10,13.5,13.5,7.8,5.8,215510,13.6,1,32,47.85183333,34.66666667,9.593666667,11.0075,74.5,37.83333333,2139.75,14.5,735,3,8,3,14435.95567,7.541666667,2232800.625,0.793166667,19.67733333,0.252,1267,35.7153685,51.2107295,12,103.205,-0.0049451,0,0.027777778
12/30/2024 15:10,16.6,16.6,12.6,7.6,243360,13.58333333,1,32,47.9075,35,9.935166667,10.35516667,75.83333333,38.33333333,2171.291667,14.5,732,3,8,3,14436.01883,7.229,2237802.375,0.808333333,19.71883333,0.252,1267,35.7152385,51.2114335,12,102.71,-0.00122173,0.083333333,0
12/30/2024 15:10,12.2,12.2,7.5,5.3,195250,13.56666667,1,32,48.01966667,31,8.585333333,8.796333333,75.83333333,38,2172.708333,14.5,729,3,8,3,14436.082,1.125,2242350.125,0.709333333,19.81266667,0.252,1267,35.7151125,51.2121505,12,102.21,0,0,0.055555556
12/30/2024 15:10,8.2,8.2,6.1,5.1,189300,13.56666667,1,32,47.9145,31.33333333,8.751,9.154833333,73.33333333,38.16666667,2173.291667,14.5,726,3,8,3,14436.14583,1.906166667,2246541.583,0.722833333,19.80216667,0.252,1267,35.714983,51.212862,12,102.685,0.000552688,0.027777778,0
12/30/2024 15:10,12.3,11.7,6.4,5.2,195850,13.56666667,1,32,48.24716667,29.83333333,8.4685,4.250666667,72.5,38,2151.166667,14.5,723,3,16,3,14436.20967,-14.948,2250707.958,0.457,19.90616667,0.252,1267,35.7148555,51.2135735,12,102.215,-0.002734349,0,0.027777778
12/30/2024 15:11,10.1,10.1,7.3,5.1,192200,13.6,1,32,49.6195,39.16666667,9.756666667,10.03516667,73.16666667,34.33333333,1962.666667,14.25,720,3,13.33333333,3,14436.2695,0.8435,2253561.5,0.655666667,19.354,0.252,1267,35.714735,51.214237,12,102.815,0.00221075,0,0.611111111
12/30/2024 15:11,8.5,8.5,6.4,5.3,200900,13.56666667,1,32,47.994,33.83333333,9.4265,9.379333333,73.83333333,37.83333333,2153.041667,14.5,717,3,8,3,14436.32933,5.249833333,2258579.375,0.7815,19.7295,0.252,1267,35.7146075,51.2149125,12,103.33,0.002997779,0.583333333,0
12/30/2024 15:11,9.7,9.7,7.4,5.4,199150,13.58333333,1,32.16666667,49.0205,28.66666667,6.0855,3.3715,75,38.16666667,1769,14.5,713,3,10.66666667,3.666666667,14436.39317,-5.9585,2262542.583,0.549666667,19.81216667,0.252,1267,35.7144715,51.2156295,12,102.96,-0.00221075,0.055555556,0
12/30/2024 15:11,10.7,10.7,7.2,5.2,198400,13.56666667,1,32,48.68383333,29.5,5.849333333,4.4675,76.16666667,37.83333333,1579.333333,14.5,710,3,8,4,14436.45567,-2.437833333,2265607.5,0.511333333,19.42716667,0.252,1267,35.7143425,51.2163275,12,102.825,0,0,0.055555556
12/30/2024 15:11,14.4,13.8,6.3,5.4,204300,13.56666667,1,32,48.88816667,32,6.161833333,3.853666667,76.16666667,37.33333333,1578.375,13.73333333,706,3,10.66666667,4,14436.51817,-6.270833333,2268450.917,0.524333333,19.20833333,0.252,1267,35.7142105,51.2170255,12,102.98,-0.001454441,0,0.083333333
12/30/2024 15:11,12.5,12.5,7,5.3,194000,13.56666667,1,32,48.2515,34,7.049833333,7.553666667,73,38.33333333,1609.708333,14.5,701.5,3,8,4,14436.58133,4.177166667,2271845.417,0.603833333,19.10433333,0.252,1267,35.7140805,51.217724,12,103.155,0.002908882,0.166666667,0
12/30/2024 15:11,12.3,12.3,6.9,4.9,182250,13.51666667,1,32,48.10766667,30.16666667,6.218666667,4.294833333,72,39,1649.25,13.95,697,3,10.66666667,4,14436.64517,-8.145666667,2275080.792,0.467333333,19.50033333,0.252,1267,35.7139395,51.2184525,12,103.33,-0.000901753,0.111111111,0
12/30/2024 15:11,13.7,13.1,7.4,5.4,191400,13.53333333,1,32,47.73116667,29.33333333,6.177166667,3.083833333,72,39.83333333,1643.083333,13.93333333,694,3,13.33333333,4,14436.71167,-8.302166667,2278106.833,0.563166667,19.60416667,0.252,1267,35.713804,51.219185,12,102.98,0.001687152,0.138888889,0
12/30/2024 15:11,9.8,9.8,5.5,5,188700,13.56666667,1,32,48.30866667,30.5,6.36,4.131,73,39.16666667,1650.083333,14.23333333,690.5,3,10.66666667,4,14436.77733,-8.426833333,2280933,0.552833333,19.46866667,0.252,1267,35.7136575,51.219917,12,103.71,-0.001599885,0,0.111111111
12/30/2024 15:11,11.5,11.5,8.3,5.6,206850,13.55,1,32,48.48316667,31.33333333,6.444666667,3.794333333,73.66666667,39.5,1649.666667,14.5,687.5,3,10.66666667,4,14436.843,-7.875,2284126.875,0.439166667,19.3435,0.252,1267,35.71352,51.22065,12,102.965,-0.000523599,0.055555556,0
12/30/2024 15:12,19.8,13,7.2,5.4,198550,13.56666667,1,32,50.1055,35.33333333,7.127,7.076666667,74.66666667,37,1558.458333,14.5,684.5,3,10.66666667,4,14436.907,-0.208333333,2286652.792,0.5475,18.9585,0.252,1267,35.7133845,51.221363,12,103.225,0.000610865,0,0.416666667
12/30/2024 15:12,10.2,10.2,7.2,5.3,201350,13.6,1,32,49.0495,35.66666667,7.151333333,8.633666667,75.5,37,1562.333333,14.5,681.5,3,8,4,14436.96867,6.656166667,2290417.458,0.621333333,18.92733333,0.252,1267,35.7132515,51.2220535,12,103.355,0.000116355,0,0
12/30/2024 15:12,10.3,10.3,7.3,5.3,193900,13.6,1,32,48.4925,36.66666667,7.386333333,9.293333333,76,37,1568.416667,14.5,678.5,3,8,4,14437.03133,8.1665,2294161.833,0.635666667,18.875,0.252,1267,35.7131215,51.2227495,12,102.92,-0.000436332,0,0
12/30/2024 15:12,11.5,11.5,7.9,5.2,191200,13.6,1,32,48.026,37.16666667,7.541833333,9.597,74.5,37,1567.75,14.5,675.5,3,8,4,14437.09233,9.000166667,2297981.958,0.6345,18.917,0.252,1267,35.7129875,51.2234425,12,103.365,-0.000407243,0,0
12/30/2024 15:12,12.1,12.1,7.1,4.9,182650,13.58333333,1,32,47.85716667,38.5,7.767333333,10.277,72.16666667,37,1557.541667,14.5,672.5,3,8,4,14437.155,10.91666667,2301915.75,0.652333333,18.875,0.252,1267,35.712862,51.2241325,12,102.58,-0.000552688,0,0
12/30/2024 15:12,14.1,14.1,8.3,5.7,208150,13.6,1,32,47.75716667,38.83333333,7.761666667,10.31383333,72,37,1547.125,14.5,669.5,3,8,4,14437.21667,11.0105,2305901.083,0.666166667,18.9065,0.252,1267,35.7127325,51.224821,12,103.195,0.00171624,0,0
12/30/2024 15:12,22.2,22.2,12.8,5.3,184600,13.58333333,1,32,47.6745,38.66666667,7.669,10.16216667,72.16666667,36.5,1527.791667,14.5,666.5,3,8,4,14437.278,11.18733333,2309824.75,0.6385,18.8645,0.252,1267,35.7126065,51.225508,12,102.82,0.000901753,0,0.083333333
12/30/2024 15:12,19.1,19.1,8.5,5,183000,13.6,1,32,47.71766667,40.83333333,8.068666667,11.25333333,73.16666667,35.83333333,1500.625,14.5,663.5,3,8,4,14437.33783,15,2313794.833,0.709666667,18.78116667,0.252,1267,35.7124845,51.226185,12,102.485,-0.000465421,0,0.111111111
12/30/2024 15:12,14.7,14.7,8,5.1,182000,13.6,1,32,47.44333333,45.66666667,8.944166667,13.67983333,74.16666667,36,1504.041667,14.5,660.5,3,8,4,14437.39717,22.06266667,2318210.708,0.759333333,18.18733333,0.252,1267,35.7123565,51.226843,12,103.315,-0.001890773,0.027777778,0
12/30/2024 15:12,11.8,11.8,7.1,5,178850,13.6,1,32,46.72366667,45.16666667,9.13,13.898,75.5,36.83333333,1552.833333,14.5,657.5,3,8,4,14437.45833,21.48966667,2322809.708,0.766833333,18.281,0.252,1267,35.7122305,51.2275235,12,103.13,0.003374303,0.138888889,0
12/30/2024 15:13,14.1,14.1,9.7,5,181900,13.58333333,1,32,46.8515,45,9.204166667,13.95966667,76.33333333,38,1595.916667,14.5,654.5,3,8,4,14437.52083,20.52066667,2327505.5,0.785666667,18.38516667,0.252,1267,35.7120955,51.2282185,12,103.565,0.001338086,0.194444444,0
12/30/2024 15:13,15.7,15.1,7.7,5,182550,13.6,1,32,46.6555,37.5,7.4815,8.345,75.5,37.5,1581.375,14.5,651.5,3,8,4,14437.58333,8.135166667,2331695.875,0.623666667,18.875,0.252,1267,35.711958,51.2289275,12,103.005,-0.004974188,0,0.083333333
12/30/2024 15:13,27.3,27,11.1,5.8,192100,13.55,1,32,46.87983333,44.16666667,9.042,13.492,72.5,36.5,1545,14.5,648.5,3,8,4,14437.64517,20.91666667,2335755.792,0.8085,18.1355,0.252,1267,35.711832,51.2296145,12,102.505,-0.002617994,0,0.166666667
12/30/2024 15:13,13.5,13.3,6.8,5.3,177750,13.58333333,1,32,46.41133333,46.83333333,9.688666667,14.43833333,72,38.16666667,1597.75,14.5,645.5,3,8,4,14437.707,23.91666667,2340700.333,0.848833333,18.03133333,0.252,1267,35.7117005,51.2303105,12,103.59,0.005817764,0.277777778,0
12/30/2024 15:13,12.7,12.7,8.3,5.5,183500,13.6,1,32,46.44616667,40.83333333,8.523166667,11.98583333,72.5,38.83333333,1623.666667,14.5,642.5,3,8,4,14437.7715,14.18766667,2345345.083,0.693333333,18.90633333,0.252,1267,35.711563,51.231022,12,103.245,-0.00171624,0.111111111,0
12/30/2024 15:13,9.4,9.4,6.7,5.2,182550,13.6,1,32,46.806,43,8.9685,13.0865,73.33333333,39,1634.125,14.5,639.5,3,8,4,14437.836,17.2295,2349755.833,0.779833333,18.85433333,0.252,1267,35.7114255,51.2317465,12,103.195,0.000436332,0.027777778,0
12/30/2024 15:13,14.2,13.5,7.8,5.4,179800,13.58333333,1,32,46.76316667,44,9.269,13.46933333,74.5,39.5,1660.5,14.5,636.5,3,8,4,14437.90183,18.44783333,2354412.292,0.773833333,18.719,0.252,1267,35.7112885,51.232475,12,102.98,-0.000727221,0.083333333,0
12/30/2024 15:13,13.2,13.2,7.7,5.1,176700,13.56666667,1,32,46.6815,43.66666667,9.225333333,12.9275,75.66666667,40.5,1700.458333,14.5,633.5,3,8,4,14437.96733,17.5415,2359101.083,0.774,18.7915,0.252,1267,35.7111475,51.233219,12,103.07,-0.000785398,0.166666667,0
12/30/2024 15:13,22.2,22.2,15.5,7.3,213660,13.56666667,1,32,48.017,34.5,7.695333333,5.505833333,76.33333333,39.33333333,1636.208333,13.31666667,630.5,3,16,4,14438.03517,-11.78116667,2362921.792,0.4885,18.98966667,0.252,1267,35.71101,51.233967,12,102.855,0.001076286,0,0.194444444
12/30/2024 15:13,12.1,12.1,7.8,5.9,213210,13.53333333,1,32,48.7885,38.66666667,7.869166667,10.8985,74.33333333,37,1567.916667,14.5,627.5,3,8,4,14438.09833,11.55216667,2366601.75,0.680833333,18.8645,0.252,1267,35.7108805,51.2346725,12,102.465,-0.003170681,0,0.388888889
12/30/2024 15:14,15,15,13.1,11.7,413440,13.56666667,1,32,49.31733333,38.33333333,7.622333333,9.596833333,72.16666667,36.83333333,1547.416667,14.5,624.5,3,8,4,14438.15967,10.75016667,2370466.958,0.654833333,18.9375,0.252,1267,35.7107605,51.2353665,12,101.895,-0.00148353,0,0.027777778
12/30/2024 15:14,11,11,8.1,6.2,235510,13.51666667,1,32,47.919,41,8.643666667,12.33166667,72.16666667,37.5,1570.458333,14.5,621.5,3,8,4,14438.22133,15.62516667,2374625.625,0.7385,18.88533333,0.252,1267,35.7106415,51.2360555,12,102.36,0.004130613,0.111111111,0
12/30/2024 15:14,31.6,24.8,16.1,10.9,420300,13.55,1,32,47.38133333,38.66666667,7.859333333,6.378,73,37.83333333,1587.791667,14.5,618.5,3,16,4,14438.2845,-7.791666667,2378702.542,0.406166667,18.9165,0.252,1267,35.710495,51.236763,12,104.79,0.005759587,0.055555556,0
12/30/2024 15:14,24.7,23.9,14.3,11.8,456960,13.51666667,65,32.33333333,51.77316667,30.5,4.508333333,1.0605,73.83333333,29.5,1232.875,14.5,619.5,3,21.33333333,3.833333333,14438.343,-10.65616667,2380957.958,0.397,20.14583333,0.252,1267,35.710371,51.237413,12,102.45,-0.008203047,0,1.388888889
12/30/2024 15:14,18.9,18.8,13,10.5,398370,13.56666667,49,32.5,55.93066667,31.16666667,3.22,0,74.5,9.833333333,936.875,14.5,624,3,24,1.666666667,14438.375,-14.67716667,2382863.042,0.288833333,21,0.252,1267,35.710312,51.237749,12,102.375,0.001367175,0,3.277777778
12/30/2024 15:14,19.3,19.3,12.7,9,333860,13.56666667,22.33333333,33,53.45333333,31,3.1665,0.733,75.5,6,969.6666667,14.5,627.5,3,18.66666667,3,14438.389,-12.66683333,2384615.167,0.291166667,20.90633333,0.252,1267,35.7102795,51.2379015,12,104.255,-0.006137741,0,0.638888889
12/30/2024 15:14,17.6,16.8,8.9,6.5,235760,13.55,17,32.83333333,52.217,37.5,5.430333333,5.975333333,76.5,2.5,1109.666667,14.5,630,3,13.33333333,7,14438.3955,0.666833333,2386945.083,0.467333333,19.94783333,0.252,1267,35.710268,51.2379685,12,103.315,0.004596034,0,0.583333333
12/30/2024 15:14,14,14,8.9,5.9,215710,13.53333333,33,32.16666667,50.70766667,30.5,5.729333333,2.260833333,76.66666667,9.166666667,1483.916667,13.9,630,3,16,1,14438.406,-9.6145,2389778.042,0.404833333,19.45816667,0.252,1267,35.7102415,51.238102,12,103.78,0.003141593,1.111111111,0
12/30/2024 15:14,37.2,37.2,24.9,8.2,222110,13.56666667,49,33,50.4905,31.5,3.943333333,1.255333333,73.5,3.5,1104.333333,14.5,633.5,3,18.66666667,1,14438.416,-7.677,2392158.667,0.330333333,20.53116667,0.252,1267,35.7102205,51.23822,12,102.075,-0.001134464,0,0.944444444
12/30/2024 15:14,31.3,31.3,18.4,7.3,218160,13.51666667,1,32.33333333,48.26883333,34.83333333,4.497166667,5.2225,72,5.5,1047.25,14.5,636,3,8,1,14438.42467,3.812666667,2394278.25,0.383333333,20.2605,0.252,1267,35.710203,51.238306,12,104.36,0.000639954,0.333333333,0
12/30/2024 15:15,22.8,22.8,13,6.1,203650,13.56666667,1,32,48.11783333,31.33333333,6.177,3.902333333,72,9.5,1513.125,14.36666667,636,3,13.33333333,1,14438.43767,-8.249833333,2396707.208,0.453833333,19.41666667,0.252,1267,35.7101745,51.2384685,12,102.73,0.00863938,0.666666667,0
12/30/2024 15:15,14.5,14.5,9,5.7,190600,13.6,81,32.66666667,52.04516667,31,5.049666667,0,72,4.833333333,1328.791667,13.9,635,3,24,7,14438.45167,-18.78133333,2399330.417,0.330833333,19.98966667,0.252,1267,35.710144,51.238626,12,102.595,-0.008057603,0,0.777777778
12/30/2024 15:15,27.7,27.7,18.8,7.2,206550,13.6,1,33,52.16383333,32.33333333,3.529333333,0,72.83333333,0,941.125,14.5,639.5,3,24,13,14438.453,-14.97916667,2401386.583,0.322,20.917,0.252,1267,35.71014,51.2386435,12,186.6,0.485201532,0,0.805555556
12/30/2024 15:15,44.3,44.3,28.3,8.3,216210,13.63333333,1,33,51.76333333,32.66666667,3.637833333,0,73.66666667,0,944.0833333,14.5,643,3,24,13,14438.453,-15.65633333,2403334.625,0.326666667,20.875,0.252,1267,35.71014,51.23864,12,270,0,0,0
12/30/2024 15:15,803.8,36.9,6.3,4.7,167000,13.58333333,1,32.66666667,50.02716667,36,6.491333333,7.314,74.83333333,4.666666667,1353.666667,14.5,644.5,3,10.66666667,5,14438.45567,1.854166667,2405992.542,0.536,19.66683333,0.252,1267,35.7101385,51.2386645,12,52.725,0.568541004,0.777777778,0
12/30/2024 15:15,20.7,18.9,10.7,5.7,186100,13.6,1,32,48.36433333,31.33333333,6.437833333,5.187,75.66666667,10,1594.958333,14.41666667,645,3,16,1,14438.471,-6.593833333,2408932.292,0.58,19.48966667,0.252,1267,35.7101055,51.2388265,12,104.295,0.001512619,0.888888889,0
12/30/2024 15:15,24.8,24.8,14.7,5.8,190500,13.56666667,49,32.83333333,49.438,30.16666667,4.285333333,0,76,11.16666667,1219.583333,14.5,646.5,3,24,1.5,14438.48933,-18.052,2411663,0.268833333,20.48966667,0.252,1267,35.7100655,51.239046,12,101.755,-0.011519173,0.194444444,0
12/30/2024 15:15,24.8,24.8,9.2,5.8,200550,13.53333333,33,33,54.1495,34.66666667,4.351833333,2.216,76.33333333,1.666666667,973.6666667,14.5,648,3,18.66666667,5,14438.5,-9.1875,2413613.958,0.3825,20.4895,0.252,1267,35.710041,51.2391645,12,98.835,-0.034935674,0,1.583333333
12/30/2024 15:15,11.5,11.5,7.7,6.2,234160,13.56666667,33,33,53.6005,32.83333333,5.027,1.09,75,0.333333333,1168.041667,14.5,649.5,3,18.66666667,11,14438.504,-12.80216667,2415773.583,0.427333333,20.29166667,0.252,1267,35.710037,51.239193,12,102.09,0.035168384,0,0.222222222
12/30/2024 15:15,9.5,9.5,6.5,5.5,204100,13.56666667,1,33,52.6745,31.83333333,6.250666667,1.780166667,72.5,0.333333333,1443.333333,14.5,652.5,3,18.66666667,11,14438.504,-11.62516667,2418552.625,0.512333333,19.81233333,0.252,1267,35.710037,51.239193,12,102.09,0,0,0
12/30/2024 15:16,11.9,11.9,8.5,6.9,246710,13.51666667,1,32.16666667,51.50566667,34.83333333,4.528666667,4.610333333,71.66666667,6.5,1037.833333,14.5,652.5,3,10.66666667,1,14438.50933,3.666666667,2420957.125,0.393,20.27083333,0.252,1267,35.7100295,51.2392675,12,97.12,-0.013206325,1.027777778,0
12/30/2024 15:16,12.7,12.6,7.9,6.3,240110,13.56666667,1,32.16666667,48.46066667,31.5,7.331833333,4.807166667,72,12.66666667,1848.625,14.11666667,651,3,13.33333333,1,14438.52533,-4.8435,2423742.375,0.638166667,19.57316667,0.252,1267,35.7100045,51.239441,12,100.665,0.0096284,1.027777778,0
12/30/2024 15:16,10,10,8.2,6.9,265770,13.56666667,81,32.33333333,49.90433333,31.33333333,4.778166667,0,72.16666667,11.33333333,1231.625,14.5,648,3,24,1.333333333,14438.54767,-15.2815,2426510.667,0.323,20.125,0.252,1267,35.709959,51.2396925,12,103.06,0.006108652,0,0.222222222
12/30/2024 15:16,13.3,13.2,7.7,5.5,203700,13.48333333,49,33,52.23933333,33.33333333,5.1555,2.011166667,73.33333333,1.833333333,1169.375,14.5,650.5,3,21.33333333,9,14438.559,-12.29166667,2428617.25,0.467833333,20.13533333,0.252,1267,35.709938,51.2398225,12,95.255,-0.037699112,0,1.583333333
12/30/2024 15:16,15.8,15.7,7.7,6.3,232960,13.46666667,17,33,52.60383333,33.33333333,6.256,3.042666667,74.16666667,0.166666667,1357.291667,14.5,653.5,3,18.66666667,13,14438.559,-11.19783333,2431534.875,0.4995,19.6875,0.252,1267,35.709938,51.2398395,12,90,0,0,0.277777778
12/30/2024 15:16,10.1,10.1,8.1,6.6,227060,13.55,1,32.66666667,48.65283333,54.16666667,14.83266667,18.23483333,74.83333333,11.16666667,1943.5,14.4,662.5,3,10.66666667,3,14438.56483,32.57266667,2435967.708,1.264833333,18.1145,0.252,1267,35.70994,51.2399045,12,75.56,0.007970337,1.833333333,0
12/30/2024 15:16,10.5,10.5,6.7,5.7,206650,13.53333333,1,32.5,38.63833333,67.5,28.38416667,21.1685,75.83333333,42.16666667,3083.375,14.05,731,3,16,2.333333333,14438.6095,46.29183333,2450761.208,2.762166667,20.3855,0.252,1267,35.709843,51.240423,12,104.035,0.031910436,5.166666667,0
12/30/2024 15:16,10.5,10.5,6.5,4.9,187200,13.55,33,32,42.49016667,50.33333333,14.32133333,9.635333333,75.5,43,1814.041667,14.5,748.5,3,18.66666667,4,14438.6855,3.7605,2457173.667,0.7045,17.854,0.252,1267,35.7096865,51.2412755,12,102.39,-0.004043346,0.138888889,0
12/30/2024 15:16,9.1,9.1,6.5,5.6,215210,13.55,1,32,44.20583333,73.5,26.64683333,23.9995,73.33333333,49.5,2067.125,14.5,750.5,3,10.66666667,4,14438.75983,66.39583333,2465542.208,1.8995,16.583,0.252,1267,35.7095355,51.242115,12,102.68,0.00247255,1.083333333,0
12/30/2024 15:16,12.2,12.2,7.5,6.4,250110,13.56666667,1,32,46.64233333,36.66666667,10.41216667,7.773833333,73,56.33333333,2350.208333,14.08333333,762.5,3,16,4,14438.849,-6.354,2475091.042,0.776166667,19.65616667,0.252,1267,35.7093485,51.2431185,12,103.125,0.002239839,1.138888889,0
12/30/2024 15:17,623.7,23.3,7.5,5.9,212710,13.55,1,32,47.8725,35.5,10.42533333,12.63016667,74,55.16666667,2314.333333,14.5,756.5,3,8,4,14438.94133,8.437333333,2480250.958,0.912666667,19.69816667,0.252,1267,35.7091525,51.2441485,12,103.01,-0.002094395,0,0.194444444
12/30/2024 15:17,12.1,12.1,7.9,5.6,204800,13.53333333,1,32,49.09116667,36.16666667,10.51133333,12.857,75,55,2293.916667,14.5,750.5,3,8,4,14439.03317,9.645666667,2485737.125,0.910166667,19.667,0.252,1267,35.7089595,51.2451745,12,103.01,-0.000378155,0,0.027777778
12/30/2024 15:17,10.1,10.1,6.6,5.1,189350,13.53333333,1,32,49.0385,37.66666667,10.73866667,13.558,75.83333333,54,2262,14.5,744.5,3,8,4,14439.12383,11.79166667,2491159.042,0.935833333,19.55233333,0.252,1267,35.7087535,51.246178,12,104.5,0.003665191,0,0.166666667
12/30/2024 15:17,7.9,7.9,5.4,4.5,169700,13.53333333,17,32,48.02916667,36,9.950833333,9.139666667,73.66666667,54.33333333,2270.791667,14.5,739.5,3,10.66666667,4,14439.21417,0.489666667,2496995.25,0.7335,19.76033333,0.252,1267,35.708561,51.247185,12,103.095,-0.001803507,0.055555556,0
12/30/2024 15:17,11.5,11.5,6.3,5.1,189500,13.53333333,97,32.16666667,53.33683333,32.66666667,6.625666667,0,72.66666667,39.5,1634.416667,13.81666667,734.5,3,24,4,14439.29483,-32.90616667,2498854,0.091833333,19.47933333,0.252,1267,35.7083965,51.248089,12,102.095,-0.005468698,0,2.472222222
12/30/2024 15:17,12.8,12.8,8.4,6.2,224660,13.55,1,32.33333333,53.24933333,56,14.32483333,19.20316667,73,32,1614.208333,14.5,732,3,10.66666667,3.333333333,14439.349,42.021,2502210.083,1.375666667,17.6565,0.252,1267,35.70829,51.248697,12,102.415,0.002617994,0,1.25
12/30/2024 15:17,12.5,12.4,7.3,5.9,217060,13.58333333,1,32.5,49.53,40.16666667,10.04216667,8.879,73.5,42.16666667,1978.625,13.9,731,3,16,3.5,14439.41217,6.4375,2510459.292,0.911333333,18.9895,0.252,1267,35.7081565,51.2494105,12,103.095,0.001599885,1.694444444,0
12/30/2024 15:17,12,12,10,7.5,258420,13.53333333,1,32,50.5645,38.83333333,8.354,5.991666667,74.66666667,41.33333333,1722.625,14.5,726.5,3,16,4,14439.4825,-6.9585,2514178.458,0.501666667,18.77083333,0.252,1267,35.708008,51.2501905,12,103.32,0.001454441,0,0.138888889
12/30/2024 15:17,11.5,11.5,7.7,5.8,213910,13.53333333,1,32,50.05633333,38.5,8.6765,10.93066667,75.66666667,41.5,1733.166667,14.5,720.5,3,8,4,14439.54933,10.677,2517747.625,0.7545,19.02066667,0.252,1267,35.7078665,51.2509515,12,102.5,-0.004654211,0.027777778,0
12/30/2024 15:17,14.1,12.4,6.7,5.8,223110,13.51666667,1,32,49.18933333,37,8.36,4.050166667,75.83333333,42.83333333,1785.416667,14.25,715.5,3,16,4,14439.62183,-10.6355,2522001.042,0.412166667,18.854,0.252,1267,35.707708,51.251745,12,104.55,0.008610291,0.222222222,0
12/30/2024 15:18,21.2,21,12.8,7.9,256420,13.56666667,33,32.16666667,49.25233333,31.83333333,6.665166667,1.694666667,73.33333333,39.66666667,1660.333333,14.15,709.5,3,18.66666667,4,14439.69083,-21.5205,2524490.667,0.279,19.30216667,0.252,1267,35.707544,51.252514,12,104.61,-0.001163553,0,0.527777778
12/30/2024 15:18,16,16,7.8,5.6,193350,13.55,49,32.83333333,51.87416667,27.66666667,4.231166667,0.566166667,72,24.83333333,1281.625,14.5,708,3,21.33333333,3.333333333,14439.74483,-16.45816667,2526302.417,0.376166667,20.52083333,0.252,1267,35.7074105,51.2531125,12,106.255,0.008319403,0,2.472222222
12/30/2024 15:18,16.2,16.2,10.8,6.8,228210,13.55,1,32,48.1445,28.66666667,6.978333333,3.731333333,72,24.33333333,1981.5,14.5,705.5,3,10.66666667,2,14439.78383,-10.19783333,2529120.458,0.483333333,19.969,0.252,1267,35.7072235,51.2534755,12,130.595,0.094596845,0,0.083333333
12/30/2024 15:18,25.9,25.6,11.5,6.5,209050,13.53333333,1,32.16666667,42.63333333,26,7.623,3.043666667,72.66666667,30.5,2382.541667,14.5,702.5,3,13.33333333,2.166666667,14439.8295,-15.021,2532652.958,0.5425,20.58333333,0.252,1267,35.7068405,51.2535685,12,180.675,0.158155919,1.027777778,0
12/30/2024 15:18,20.5,19.7,8,5.4,185350,13.53333333,33,32.33333333,35.625,29.83333333,7.4275,1.156666667,73.5,36,1908.916667,14.5,700,3,21.33333333,3,14439.88467,-26.46883333,2535532.542,0.231833333,19.70816667,0.252,1267,35.706522,51.253145,12,242.28,0.189019158,0.916666667,0
12/30/2024 15:18,18,17.8,10,5.6,193500,13.58333333,1,32,26.26516667,32.33333333,8.610833333,5.092833333,74.5,37.16666667,2071.541667,13.9,697,3,16,3,14439.94667,-15.23966667,2536977.208,0.553,19.7605,0.252,1267,35.706812,51.2526915,12,330.235,0.264882803,0.194444444,0
12/30/2024 15:18,22.4,22.3,9.5,6.1,201900,13.56666667,1,32,26.3025,39.5,10.397,13.5945,75.16666667,36.33333333,2077.083333,14.5,694,3,8,3,14440.00633,15.39583333,2541969.417,0.917333333,19.396,0.252,1267,35.7073575,51.252764,12,11.51,0.0619301,0,0.138888889
12/30/2024 15:18,32.1,31.5,12.5,6.1,208350,13.56666667,1,32,35.1085,29.33333333,7.674,7.021,75.83333333,36,2043.958333,14.5,691,3,8,3,14440.06833,-1.718666667,2546460.917,0.6225,19.79166667,0.252,1267,35.7078285,51.252922,12,19.595,0.040986149,0,0.055555556
12/30/2024 15:18,19,18.4,9.9,5.9,206250,13.58333333,1,32,39.56933333,33.83333333,8.019166667,7.920333333,73.66666667,33.33333333,1892.416667,14.5,688,3,8,3,14440.12567,3.2605,2550412.208,0.650166667,19.448,0.252,1267,35.708368,51.2531055,12,14.31,-0.026267205,0,0.444444444
12/30/2024 15:18,7.6,7.6,5.4,4.6,175650,13.6,1,32,33.3535,40.33333333,9.246333333,12.1505,72,30.66666667,1715.291667,14.5,685,3,8,3,14440.179,15.59383333,2554303.625,0.8375,18.62483333,0.252,1267,35.708765,51.2534545,12,51.335,0.159930337,0,0.444444444
12/30/2024 15:19,11.1,11.1,6.7,5.1,184850,13.6,1,32,27.15866667,52.83333333,11.86683333,16.13216667,72.16666667,31.66666667,1773.291667,14.5,682,3,8,3,14440.2305,31.45833333,2560227.75,1.014166667,17.65633333,0.252,1267,35.7086315,51.253931,12,127.205,0.211359372,0.166666667,0
12/30/2024 15:19,20.9,14.1,6.7,4.7,172650,13.6,1,32,25.268,43.5,10.23016667,12.383,73.16666667,31,1730.458333,14.5,679.5,3,10.66666667,3,14440.28333,15.04166667,2565482.958,0.814333333,18.34366667,0.252,1267,35.7082065,51.253935,12,196.775,0.200741953,0,0.111111111
12/30/2024 15:19,8.9,8.9,6.6,5.2,189950,13.6,1,32,28.03583333,38,7.728666667,3.137833333,74.16666667,28.66666667,1615.833333,14.46666667,676.5,3,16,3,14440.33333,-15.61483333,2569654.5,0.401,18.83366667,0.252,1267,35.708006,51.253458,12,256.485,0.161239334,0,0.388888889
12/30/2024 15:19,12.7,12.7,6.2,4.4,169100,13.51666667,81,32.83333333,35.96483333,30.5,4.052666667,0,75.33333333,20,1123.708333,13.81666667,675,3,24,3,14440.37433,-17.11466667,2572072.458,0.294666667,20.58316667,0.252,1267,35.7080405,51.2529815,12,278.35,0.032288591,0,1.444444444
12/30/2024 15:19,14.3,14.3,9.2,5.2,177450,13.6,17,32.5,41.1355,38.5,6.094166667,8.224333333,76.16666667,14.66666667,1134.166667,14.5,672,3,13.33333333,2.333333333,14440.4035,1,2574071.208,0.5715,19.51033333,0.252,1267,35.7080805,51.252674,12,278.395,-0.00715585,0,0.888888889
12/30/2024 15:19,9,9,5.4,4.9,182950,13.6,1,32,41.16583333,38.83333333,8.588166667,8.322666667,76.33333333,20.83333333,1753.458333,14.5,669,3,8,2,14440.43233,6.3855,2578086.625,0.704,18.927,0.252,1267,35.7081395,51.25234,12,283.185,0.012886348,1.027777778,0
12/30/2024 15:19,11.2,11.2,6,4.7,177450,13.58333333,1,32.33333333,43.1415,37.33333333,9.978333333,10.18716667,72.5,28.66666667,2098.375,14.25,666,3,13.33333333,2.333333333,14440.47333,3.468666667,2582804.333,0.805166667,19.4685,0.252,1267,35.708218,51.251871,12,281.535,-0.001541708,1.305555556,0
12/30/2024 15:19,8.5,8.5,5.6,4.5,173550,13.56666667,1,32,43.80766667,37.33333333,9.154833333,6.542333333,72,32.66666667,1847.666667,14.5,663,3,16,3,14440.5255,-10.44783333,2587137.625,0.422166667,19.302,0.252,1267,35.7083245,51.251282,12,282.945,0.004916011,0.666666667,0
12/30/2024 15:19,12.2,12.2,9.2,6.7,238710,13.55,17,32.16666667,48.4885,33.66666667,6.227166667,0,72,25.33333333,1423.791667,14.5,660,3,21.33333333,3,14440.57617,-27.41683333,2588158.125,0.148166667,19.43783333,0.252,1267,35.70842,51.2507285,12,281.405,-0.005935488,0,1.222222222
12/30/2024 15:19,16.6,16.6,9.6,6.4,229910,13.51666667,33,32.66666667,52.7205,35.66666667,6.0525,5.762833333,72.5,11.16666667,1358.458333,13.95,660.5,3,16,1.166666667,14440.60483,-0.645833333,2590554.292,0.598833333,19.8645,0.252,1267,35.7084735,51.2504025,12,283.915,0.019954931,0,2.361111111
12/30/2024 15:20,15.5,15.5,8.3,6.8,245460,13.5,17,32.5,48.07083333,40.33333333,9.808,11.79016667,73.33333333,10.83333333,1528.958333,13.96666667,662.5,3,18.66666667,1,14440.62233,2.593666667,2593991.833,0.892166667,19.05233333,0.252,1267,35.7085135,51.2502,12,283.195,-0.00913389,0,0.055555556
12/30/2024 15:20,12.9,12.9,10.6,8.1,287330,13.6,1,32.33333333,42.196,60.5,24.975,18.0075,74.5,27.33333333,2604.083333,14.1,690,3,16,1.833333333,14440.65183,25.96883333,2602869.25,1.8445,19.375,0.252,1267,35.70858,51.2498705,12,283.86,-0.001425352,2.75,0
12/30/2024 15:20,10.4,10.4,8.4,7.7,271570,13.55,1,32.5,43.00183333,28.66666667,7.2175,2.7715,76,34,1973.166667,13.85,706.5,3,18.66666667,3,14440.70633,-13.271,2610165.208,0.656333333,19.84366667,0.252,1267,35.7086945,51.2492545,12,282.265,-0.008057603,1.111111111,0
12/30/2024 15:20,8.9,8.9,6.9,6.1,220410,13.51666667,1,32,45.15483333,31.5,6.715666667,1.693833333,77,30.33333333,1735.125,13.63333333,703,3,13.33333333,3,14440.76033,-17.65616667,2612978.875,0.325666667,19.448,0.252,1267,35.708803,51.2486535,12,282.705,0.001890773,0,0.611111111
12/30/2024 15:20,9.4,9.4,7.5,6.3,225560,13.55,1,32,48.18016667,33.16666667,6.611333333,0.895166667,74.66666667,26.66666667,1534.125,13.3,699,3,21.33333333,3,14440.80783,-28.47933333,2615043.25,0.316666667,19.17716667,0.252,1267,35.7089025,51.2481155,12,283.16,0.003607014,0,0.611111111
12/30/2024 15:20,11.7,11.7,7.1,5.4,197950,13.56666667,1,32,48.185,39.16666667,8.164833333,8.977666667,72.16666667,26.33333333,1518.916667,14.46666667,694.5,3,8,3,14440.8515,12.26033333,2617786.167,0.782,18.89583333,0.252,1267,35.70899,51.247635,12,282.165,-0.005585054,0,0.055555556
12/30/2024 15:20,12.5,12.4,6.6,5.1,190350,13.53333333,1,32,45.24183333,48.66666667,13.969,17.7185,72,32.16666667,1828.375,14.08333333,692,3,10.66666667,3,14440.89983,23.85416667,2622409.125,1.217333333,18.27083333,0.252,1267,35.7090895,51.2470915,12,283.06,0.00445059,0.972222222,0
12/30/2024 15:20,16.2,16.1,8.6,5.7,205050,13.55,1,32,44.634,64.5,23.84833333,24.191,72.33333333,46.33333333,2649.25,14.43333333,718.5,3,10.66666667,3,14440.96417,54.14583333,2632386.25,2.318333333,18.15616667,0.252,1267,35.709217,51.2463585,12,281.91,-0.002559816,2.361111111,0
12/30/2024 15:20,9.8,9.8,7.1,5.2,198150,13.53333333,17,32.16666667,44.01416667,40,13.92783333,10.65366667,73.5,57.66666667,2981.791667,14.43333333,740,3,16,3.333333333,14441.05217,0.771,2643339.917,1.083833333,19.83333333,0.252,1267,35.709404,51.2453785,12,283.535,0.004101524,1.888888889,0
12/30/2024 15:20,11.8,11.8,7.6,4.9,182100,13.55,33,32,50.10733333,42.5,12.3475,10.938,75.33333333,51,2140.916667,14.5,739,3,16,4,14441.1445,2.666666667,2646729.167,0.798833333,18.83333333,0.252,1267,35.7096005,51.244356,12,283.155,-0.001745329,0,1.111111111
12/30/2024 15:21,17.1,16.4,7,5.5,205750,13.53333333,1,32,49.136,48.83333333,14.09633333,13.10333333,76.16666667,57.16666667,2395.708333,14.1,742,3,13.33333333,4,14441.23233,14.96866667,2655291.417,1.223666667,18.542,0.252,1267,35.7097815,51.2433645,12,282.565,-0.001308997,1.027777778,0
12/30/2024 15:21,12.2,12.2,8.6,7.4,271370,13.58333333,1,32,48.91766667,30.33333333,9.159666667,8.315,74.33333333,56.5,2361.666667,14.11666667,740,3,10.66666667,4,14441.32817,-6.020666667,2659789.875,0.918333333,20.14583333,0.252,1267,35.7099835,51.242302,12,283.345,0.001861685,0,0.111111111
12/30/2024 15:21,8.9,8.9,6.8,5.7,217910,13.58333333,49,32,51.94483333,30.16666667,8.271833333,1.8885,72.66666667,51.5,2148.083333,14.5,735.5,3,18.66666667,4,14441.41983,-26.6875,2663362.792,0.232666667,19.88533333,0.252,1267,35.7101785,51.241272,12,282.99,-0.001512619,0,0.833333333
12/30/2024 15:21,8.5,8.5,6.4,5.8,218610,13.6,17,32,53.936,37.66666667,7.0895,4.681333333,72.83333333,33.83333333,1415.5,14.5,730.5,3,18.66666667,4,14441.489,-10.45833333,2664306.667,0.376833333,18.94783333,0.252,1267,35.710312,51.2405035,12,281.365,-0.006806784,0,2.944444444
12/30/2024 15:21,39.2,39.2,36.4,35.8,1341030,13.6,17,32,42.73383333,45.66666667,8.687333333,12.26383333,73.16666667,33.16666667,1401.583333,14.5,724.5,3,18.66666667,4,14441.54367,21.16666667,2668691.125,0.816833333,18.11433333,0.252,1267,35.710415,51.2398855,12,282.04,0.005119632,0,0.111111111
12/30/2024 15:21,14.6,14.6,13,11.9,443590,13.56666667,1,32,42.80083333,58,13.01516667,18.3715,74.16666667,39.5,1660,14.5,719.5,3,10.66666667,4,14441.60417,37.62516667,2675022.917,1.041,16.70833333,0.252,1267,35.7105275,51.239216,12,281.355,-0.004421501,1.055555556,0
12/30/2024 15:21,11.6,11.6,7.7,6.2,227660,13.56666667,17,32,43.07466667,68,30.4235,25.77933333,75.33333333,46.33333333,1931.791667,14.43333333,726,3,13.33333333,4,14441.6745,43.78133333,2683004.833,1.446666667,18.02066667,0.252,1267,35.710667,51.2384205,12,282.91,0.009046623,1.138888889,0
12/30/2024 15:21,9.3,9.3,7.4,6,221010,13.61666667,17,32,46.94666667,39.33333333,9.143666667,4.282166667,76.5,45.83333333,1920.083333,14.5,733.5,3,16,4,14441.75317,-9.010666667,2690060.958,0.468833333,18.91683333,0.252,1267,35.710848,51.237545,12,284.535,0.002908882,0,0.083333333
12/30/2024 15:21,9.3,9.3,6.7,5.6,208600,13.58333333,1,32,48.07683333,46.83333333,13.77916667,15.20183333,75.33333333,48.16666667,2020.791667,14.5,729,3,10.66666667,4,14441.83017,25.8645,2695298.75,1.055166667,18.60416667,0.252,1267,35.711021,51.2366845,12,283.55,-0.004305145,0.388888889,0
12/30/2024 15:21,9.9,9.9,7.4,5.3,198200,13.53333333,1,32,44.5885,104.5,47.98183333,34.04633333,72.5,63.16666667,2619.125,13.31666667,760.5,3,13.33333333,4,14441.92,82.9375,2711221.167,3.671,19.44766667,0.252,1267,35.711218,51.235682,12,283.985,0.005294165,2.5,0
12/30/2024 15:22,11.8,11.8,6.9,4.9,185550,13.58333333,17,32,46.267,30.33333333,10.07566667,4.526833333,73.16666667,68.16666667,2836.958333,14.5,780,3,13.33333333,4,14442.03233,-21.177,2725314.208,0.518,20.60416667,0.252,1267,35.7114585,51.234421,12,282.575,-0.008028515,0.833333333,0
12/30/2024 15:22,15.4,15.4,10.7,6.1,217310,13.6,33,32,49.77416667,29.16666667,8.906,2.269,74.16666667,58.83333333,2448.208333,14.5,776.5,3,18.66666667,4,14442.14067,-26.34366667,2728667,0.309666667,20.30216667,0.252,1267,35.7116735,51.233221,12,282.465,0.000261799,0,1.555555556
12/30/2024 15:22,24.7,22.3,10.7,6.8,232360,13.58333333,65,32.5,57.637,35.5,6.467333333,3.292333333,75.16666667,29.5,1398.333333,14.08333333,771,3,21.33333333,3.333333333,14442.21417,-16.68716667,2729591.5,0.385833333,19.56266667,0.252,1267,35.711819,51.232393,12,282.24,0.000203622,0,4.888888889
12/30/2024 15:22,25.2,21.8,9.6,7.2,237260,13.58333333,1,32.5,55.74166667,32.33333333,7.1195,4.3285,76,25.33333333,1755.666667,13.51666667,766,3,21.33333333,2.5,14442.25517,-10.39616667,2733628.5,0.602666667,19.61466667,0.252,1267,35.711903,51.2319375,12,283.03,0.002792527,0,0.694444444
12/30/2024 15:22,16.1,16.1,11.1,5.8,200050,13.51666667,49,32.66666667,56.288,28,3.277,0,75.83333333,20.66666667,1066.291667,14.5,764.5,3,24,3.333333333,14442.29567,-16.48933333,2736010.542,0.3125,21.03116667,0.252,1267,35.7119825,51.231493,12,282.03,-0.004246968,0,0.777777778
12/30/2024 15:22,18.9,18.9,8.7,6,206850,13.6,1,32.16666667,51.58233333,43.5,10.8045,15.305,74.33333333,21.33333333,1798.333333,14.5,760.5,3,8,2,14442.32733,21.1145,2739041.667,0.994666667,18.43733333,0.252,1267,35.712053,51.2311365,12,284.325,0.007534005,0.111111111,0
12/30/2024 15:22,19.5,19.5,10.4,6.3,214510,13.58333333,1,32.16666667,45.05583333,63.5,28.00066667,22.72466667,72.16666667,46,3748.541667,14.46666667,796.5,3,10.66666667,2,14442.38283,47.43716667,2752083.25,2.605833333,19.48966667,0.252,1267,35.712166,51.230522,12,282.47,-0.004712389,4.111111111,0
12/30/2024 15:22,11.5,11.5,6.2,5,187100,13.6,49,32.33333333,47.38833333,38.66666667,14.16316667,3.786166667,72.5,54.5,3188.333333,14.5,819.5,3,18.66666667,2.833333333,14442.47067,-9.541333333,2763197.417,0.890166667,20.1665,0.252,1267,35.7123585,51.2295325,12,283.63,0.00197804,1.416666667,0
12/30/2024 15:22,8.7,8.7,7.3,6.2,221910,13.6,1,32,53.4605,43.33333333,15.4405,13.1205,73.5,41.83333333,2389.083333,14.18333333,817.5,3,10.66666667,3,14442.54883,10.0835,2768308.417,1.4,18.77066667,0.252,1267,35.7125245,51.2286705,12,283.305,-0.000174533,0,2.111111111
12/30/2024 15:22,10.3,10.3,8,6.3,232710,13.56666667,1,32.33333333,47.47016667,89.33333333,39.2485,38.81233333,75,60.83333333,3102.666667,13.43333333,832.5,3,13.33333333,3.333333333,14442.6315,69.146,2789093.417,3.7055,20.4375,0.252,1267,35.7126995,51.2277375,12,282.8,-0.003141593,3.166666667,0
12/30/2024 15:23,19,19,12.9,6,200400,13.6,1,32,48.372,28.16666667,9.097,6.070166667,76.66666667,66,2757.25,14.4,833.5,3,10.66666667,4,14442.74083,-14.448,2800602.25,0.761,20.7605,0.252,1267,35.712929,51.226509,12,283.07,0.001367175,0.861111111,0
12/30/2024 15:23,13.7,13.7,7.3,5.6,198350,13.61666667,1,32,48.42033333,30.66666667,10.4235,10.38566667,74.16666667,65.66666667,2756.291667,14.46666667,827.5,3,8,4,14442.85033,1.791666667,2805850.208,0.9935,20.41666667,0.252,1267,35.71315,51.225296,12,282.645,0,0,0.055555556
12/30/2024 15:23,15.7,15.1,7.7,4.8,171050,13.6,1,32,49.021,28.5,9.569333333,9.145333333,73,66,2738.375,14.5,821.5,3,8,4,14442.95833,-2.937333333,2811042,0.831,20.6875,0.252,1267,35.713377,51.224075,12,282.785,-0.001279908,0.055555556,0
12/30/2024 15:23,10.4,10.4,7,5.3,184050,13.6,1,32,47.9355,33.83333333,11.1015,12.25883333,73.5,66,2752.291667,14.5,815.5,3,8,4,14443.06767,4.156166667,2816521.542,0.986333333,20.1355,0.252,1267,35.713604,51.2228545,12,283.005,0.00122173,0,0
12/30/2024 15:23,58.7,58.1,28,10.9,274620,13.6,17,32,48.50766667,30.83333333,10.10066667,6.758166667,74.66666667,65.16666667,2712.083333,14.5,809.5,3,13.33333333,4,14443.17317,-9.979166667,2822251.042,0.6335,20.3645,0.252,1267,35.7138365,51.2216375,12,283.31,0.000814487,0,0.138888889
12/30/2024 15:23,27.4,27.2,12.7,7.3,238160,13.58333333,97,32.5,55.9145,30.66666667,6.337,0,76.16666667,39,1629.125,13.9,803,3,24,4,14443.2635,-26.30183333,2824145.875,0.236666667,19.77083333,0.252,1267,35.7140255,51.2206425,12,283.05,-0.001076286,0,4.361111111
12/30/2024 15:23,26.8,25.1,12.1,7.2,249410,13.6,33,32.16666667,57.42866667,38.16666667,7.663166667,1.975,77,19.83333333,1557.333333,14.5,797,3,18.66666667,2,14443.3085,-13.03116667,2826763.625,0.446,18.78133333,0.252,1267,35.714113,51.2201535,12,282.245,-0.001396263,0,3.194444444
12/30/2024 15:23,10.9,10.9,7.7,6.3,219010,13.56666667,49,32.33333333,55.2285,31.16666667,3.961,0,74.33333333,12.16666667,1091.541667,14.08333333,791,3,21.33333333,1.833333333,14443.338,-17.156,2828824.333,0.274666667,20.6145,0.252,1267,35.7141705,51.219845,12,282.48,-0.004392412,0,1.277777778
12/30/2024 15:23,47.4,47.4,41.6,40.3,1630710,13.58333333,65,33,53.64216667,34.16666667,5.346833333,3.5315,72.33333333,0.666666667,1180.375,14.5,788,3,21.33333333,11,14443.348,-10.60416667,2830900.083,0.439666667,20.64566667,0.252,1267,35.714188,51.219734,12,281.15,0.000843576,0,1.916666667
12/30/2024 15:23,22,22,18,14.8,538970,13.53333333,1,32.66666667,51.03266667,32,4.585833333,4.443833333,72,5,1257.958333,14.5,784,3,10.66666667,1,14443.35167,-2.979166667,2834180.667,0.372833333,20.42683333,0.252,1267,35.714195,51.2196865,12,280.25,0.000639954,0.722222222,0
12/30/2024 15:24,27,27,20.6,16.4,626510,13.45,17,33,50.09466667,33.66666667,3.759666667,1.053333333,73,3.166666667,936.6666667,14.5,780.5,3,16,1,14443.35967,-5.468833333,2836169.917,0.346666667,20.58333333,0.252,1267,35.7142145,51.219593,12,287.85,0.029176087,0,0.305555556
12/30/2024 15:24,21,21,12.1,7.6,262370,13.6,49,33,49.31533333,35.16666667,4.997,2.930166667,73.5,1.166666667,1160.416667,14.5,777,3,18.66666667,9,14443.363,-7.864666667,2838350.75,0.434166667,20.323,0.252,1267,35.714222,51.219547,12,278.01,-0.038949931,0,0.333333333
12/30/2024 15:24,70.3,45.4,24,7.9,256970,13.53333333,1,32.33333333,48.43883333,39,5.243833333,6.336,74.5,6.333333333,1037.583333,14.5,773,3,10.66666667,1,14443.36967,9.4165,2840800.292,0.462333333,19.9585,0.252,1267,35.7142355,51.2194825,12,284.645,0.009017534,0.861111111,0
12/30/2024 15:24,31.5,31.4,19.4,9.7,308490,13.56666667,17,32.5,45.0855,35.66666667,8.8895,7.459666667,75.33333333,14,1979.5,14.46666667,768,3,16,1,14443.38633,-10.3125,2844492.292,0.705833333,19.427,0.252,1267,35.7142755,51.2192875,12,284.82,0.010588331,1.277777778,0
12/30/2024 15:24,78.1,68.7,32.6,12.2,350720,13.6,33,32.66666667,48.63666667,32.5,4.022666667,3.184666667,76.33333333,6.333333333,1047.5,14.5,765,3,16,1,14443.40533,-5.281166667,2847377.25,0.363,20.656,0.252,1267,35.7143155,51.21908,12,282.8,-0.004654211,0,1.277777778
12/30/2024 15:24,40.8,40.8,20,8.5,256370,13.6,1,32,48.14083333,31.66666667,4.7845,5.538,77,7,1146.458333,14.5,762,3,13.33333333,1,14443.41667,-4.75,2849657.708,0.402333333,20.33316667,0.252,1267,35.714342,51.2189545,12,284.455,-0.00098902,0.111111111,0
12/30/2024 15:24,25.5,25.5,16,7.6,240060,13.6,33,32.33333333,48.43016667,27.66666667,4.8015,0.964333333,75.66666667,8.5,1411.583333,14.5,759,3,21.33333333,1,14443.43133,-14.33333333,2852319,0.4045,20.01033333,0.252,1267,35.7143725,51.218786,12,283.12,0.006050475,0.25,0
12/30/2024 15:24,55.5,53.2,19.6,7.6,212610,13.58333333,33,33,47.50816667,31.66666667,4.274166667,2.901166667,72.5,2,1085.666667,14.5,756.5,3,18.66666667,5,14443.4395,-6.604166667,2854613.458,0.361333333,20.46866667,0.252,1267,35.7143935,51.2187005,12,288.145,0.001875603,0,1.083333333
12/30/2024 15:24,42.9,42.7,16,7.6,224810,13.61666667,1,33,47.37283333,35.83333333,6.315,3.9295,72,1.333333333,1367.125,14.5,752.5,3,13.33333333,5,14443.44233,-4.708333333,2857219.333,0.530166667,19.854,0.252,1267,35.714399,51.2186645,12,275.17,-0.015126187,0,0.111111111
12/30/2024 15:24,29.2,28.5,9.3,5.4,184100,13.63333333,1,32.16666667,47.31966667,34,4.709333333,2.936833333,72,6.666666667,1097.875,14.5,748,3,18.66666667,1,14443.44967,-2.343666667,2860018.958,0.399333333,20.28133333,0.252,1267,35.7144185,51.2185765,12,285.88,0.00049451,0.888888889,0
12/30/2024 15:25,9.5,9.5,6.1,4.9,181950,13.63333333,59.66666667,32.83333333,49.248,32,4.926,0.278666667,73,1.833333333,1224.458333,14.5,746,3,18.66666667,9,14443.45967,-13.281,2862114.375,0.416333333,20.32283333,0.252,1267,35.714436,51.2184815,12,278.39,-0.030572351,0,0.805555556
12/30/2024 15:25,8.2,8.2,5.1,4.6,177000,13.56666667,1,32.83333333,48.301,36.33333333,4.679333333,3.962666667,73.66666667,2.5,1039.625,14.5,743,3,13.33333333,5,14443.46167,-1.739666667,2864790.208,0.389,20.15616667,0.252,1267,35.7144375,51.2184565,12,273.4,0.019780398,0.111111111,0
12/30/2024 15:25,7.4,7.4,5.7,4.6,167900,13.6,1,32,46.533,34.16666667,5.5175,6.401666667,74.66666667,7.5,1203.791667,14.5,740,3,10.66666667,1,14443.47033,-0.375166667,2866929.75,0.454166667,19.96883333,0.252,1267,35.7144545,51.2183515,12,281.05,0.00221075,0.833333333,0
12/30/2024 15:25,5.2,5.2,4.7,4.3,164550,13.6,1,32,45.689,34.16666667,7.667166667,1.346833333,76,11.66666667,1789.625,13.96666667,735.5,3,16,1,14443.48667,-12.1145,2870092.583,0.4035,19.11466667,0.252,1267,35.7144875,51.218155,12,282.28,0.011751884,0.694444444,0
12/30/2024 15:25,8.2,8.2,5.6,4.3,169650,13.6,33,33,49.93566667,30.83333333,4.6875,4.471166667,76.66666667,5.666666667,1195.583333,13.9,731,3,18.66666667,1,14443.502,-6.4375,2872387.833,0.425166667,20.42716667,0.252,1267,35.7145235,51.217993,12,284.64,-0.005294165,0,1
12/30/2024 15:25,9.7,9.6,6,4.6,174000,13.6,33,32.66666667,46.23466667,40.66666667,9.312166667,7.549,76.33333333,13.66666667,1713.291667,14.5,728.5,3,18.66666667,1.166666667,14443.51767,0.343666667,2876641,0.726833333,19.0105,0.252,1267,35.7145615,51.2178095,12,284.985,0.011315551,1.333333333,0
12/30/2024 15:25,6.4,6.4,5.4,4.6,172200,13.51666667,33,33,51.15333333,34.5,5.280666667,3.832166667,73.33333333,1.666666667,1152.458333,14.5,725.5,3,18.66666667,7,14443.531,-6.572833333,2879457.458,0.454833333,20.375,0.252,1267,35.714586,51.2176765,12,282.695,0.002530727,0,2
12/30/2024 15:25,18.7,18.7,11.4,5.3,183250,13.6,1,32.33333333,46.7805,36.83333333,6.861333333,6.942833333,72,8.666666667,1394.666667,14.5,721.5,3,16,1,14443.53967,-3.104333333,2882416.875,0.506666667,19.7085,0.252,1267,35.7146035,51.217569,12,281.32,-0.004479678,1.166666667,0
12/30/2024 15:25,17.5,17.5,11,9.1,297280,13.61666667,1,32.16666667,44.77766667,48.16666667,10.52966667,16.26583333,72.5,18.83333333,1658.958333,14.5,716.5,3,8,2,14443.56117,27.88533333,2886717.292,0.918,17.96883333,0.252,1267,35.714649,51.21731,12,281.995,-0.004072435,1.694444444,0
12/30/2024 15:25,24.4,24.4,19.4,14.9,433070,13.61666667,1,32,42.89766667,65.83333333,26.3205,23.209,73.16666667,34.83333333,2881.833333,14.21666667,735.5,3,10.66666667,2,14443.60417,49.83316667,2895776.667,2.402333333,19.3125,0.252,1267,35.7147405,51.216822,12,283.53,0.009017534,2.666666667,0
12/30/2024 15:26,8.1,8.1,6.3,5.4,192050,13.61666667,1,32.33333333,43.185,35.66666667,10.11316667,5.002666667,74.5,43,2553.375,14.3,764,3,16,3,14443.67133,-6.833333333,2905188.292,0.585,20.02066667,0.252,1267,35.7148895,51.2160435,12,282.995,-0.004041512,1.361111111,0
12/30/2024 15:26,12.3,12.3,8.6,6.4,218760,13.6,1,32,44.19783333,67.83333333,20.76083333,21.22966667,75.83333333,45.5,1906.958333,14.5,761.5,3,10.66666667,4,14443.74283,51.2915,2910975.667,1.5765,16.71883333,0.252,1267,35.715052,51.21525,12,284.135,-0.000669043,0.416666667,0
12/30/2024 15:26,29.3,29.3,26.4,21,549950,13.6,1,32,45.3485,33,9.002166667,2.044166667,76.33333333,50.16666667,2095.625,14.5,766.5,3,21.33333333,4,14443.8235,-28,2918067.5,0.2455,19.5935,0.252,1267,35.715227,51.214331,12,283.285,0.001018109,0.777777778,0
12/30/2024 15:26,29.6,29.6,26.1,19.8,548300,13.56666667,49,32.33333333,48.13916667,33.5,7.2765,1.136833333,73.16666667,43.66666667,1773.875,14.5,760.5,3,21.33333333,4,14443.9025,-26.646,2919469.958,0.210666667,19.3335,0.252,1267,35.7153815,51.213461,12,281.905,-0.004828744,0,1.083333333
12/30/2024 15:26,26.3,26.3,23.3,18.4,505320,13.61666667,1,32.33333333,47.6215,55.83333333,17.48616667,18.93666667,72,42.83333333,2271.625,14.5,762.5,3,10.66666667,3.333333333,14443.97133,34.875,2924347.708,1.479166667,18.31266667,0.252,1267,35.715519,51.2126965,12,282.935,0.005119632,0,0.138888889
12/30/2024 15:26,19.1,19.1,18,15.4,461470,13.6,1,32,45.13016667,57.33333333,23.083,24.73766667,72.83333333,57.83333333,3290.625,14.45,786,3,8,3,14444.05267,43.62483333,2937424.167,2.326,18.98966667,0.252,1267,35.7156965,51.21176,12,283.09,-0.000756309,2.5,0
12/30/2024 15:26,12.7,12.7,10,7.4,256670,13.6,1,32.33333333,45.33983333,29.16666667,9.7175,7.6385,74.16666667,65.16666667,2802.666667,14.5,798.5,3,13.33333333,4,14444.157,-8.6145,2947361.583,0.723166667,20.69783333,0.252,1267,35.7159195,51.2105865,12,283.165,-0.000145444,1.222222222,0
12/30/2024 15:26,19.3,19.3,16,13.3,439080,13.58333333,1,32,47.218,33.33333333,10.8675,8.9615,76,65.83333333,2742.5,14.5,793.5,3,10.66666667,4,14444.26567,1.645833333,2952646.25,0.997666667,20.20833333,0.252,1267,35.7161595,51.2093735,12,284.295,0.007010406,0.111111111,0
12/30/2024 15:26,29.4,29.2,22.6,19.1,626310,13.53333333,1,32,48.833,27,9.051166667,7.183333333,75.66666667,66.83333333,2769.041667,14,789,3,8,4,14444.37433,-6.541666667,2958114.167,0.816833333,20.96833333,0.252,1267,35.7163965,51.208145,12,282.475,-0.010442887,0.166666667,0
12/30/2024 15:26,21,21,16.3,12.9,436630,13.6,1,32,48.93266667,25.33333333,8.441833333,5.195,73.33333333,66,2764.5,14.5,784,3,8,4,14444.48633,-10.86466667,2962558.5,0.725333333,21.1875,0.252,1267,35.716625,51.206913,12,283.32,0.005235988,0,0.138888889
12/30/2024 15:27,17,17,14.2,12.4,446340,13.56666667,1,32,48.8695,25.5,8.587666667,6.1145,73,66,2741.458333,14.5,779.5,3,8,4,14444.59383,-8.541666667,2966975.75,0.735666667,21.0935,0.252,1267,35.7168635,51.205696,12,283.015,-0.006515896,0,0
12/30/2024 15:27,14.9,14.9,11.1,8.1,277570,13.51666667,1,32,47.16216667,27,8.6615,6.381833333,74,66,2743.25,14.5,776.5,3,8,4,14444.703,-11.61466667,2971572.042,0.641,20.95816667,0.252,1267,35.717083,51.2044715,12,282.785,0.003897902,0,0
12/30/2024 15:27,18.7,18.7,15.2,11.7,394020,13.63333333,1,32.16666667,47.12333333,41.83333333,11.16566667,7.087166667,75.33333333,66.16666667,2136.875,14.4,772,3,10.66666667,5,14444.81183,15.72933333,2976343.208,1.104666667,19.12533333,0.252,1267,35.7173135,51.203255,12,283.02,-0.001367175,0.027777778,0
12/30/2024 15:27,17.7,17.7,11.2,7.8,279830,13.6,1,32,47.28416667,31.83333333,8.758166667,0,76.16666667,68.83333333,2239.875,14.5,766.5,3,8,5,14444.92517,1.343833333,2982212.5,0.7185,19.92716667,0.252,1267,35.717548,51.2019935,12,283.09,0.002327106,0.444444444,0
12/30/2024 15:27,59.5,59.5,38.8,30,1113580,13.58333333,1,32,47.66233333,28.33333333,8.120333333,0,74.66666667,68,2224.458333,14.5,760.5,3,8,5,14445.04033,-3.0625,2986271.542,0.652833333,20.17716667,0.252,1267,35.717796,51.2007295,12,283.65,0.000727221,0,0.138888889
12/30/2024 15:27,48.7,48.1,31.8,20.6,722250,13.6,1,32,47.15016667,33.33333333,9.5075,0,72.5,68.33333333,2230.333333,14.5,754.5,3,8,5,14445.1505,4.572833333,2990620,0.783666667,19.77066667,0.252,1267,35.7180405,51.1994705,12,283.44,-0.000174533,0.055555556,0
12/30/2024 15:27,35.6,35.6,19,9.9,296280,13.58333333,33,32,47.128,33.16666667,9.028166667,2.323333333,72.83333333,65,2124.208333,14.15,748.5,3,16,5,14445.26633,-12.594,2995122.25,0.671,19.69816667,0.252,1267,35.718281,51.198219,12,283.15,-0.001919862,0,0.555555556
12/30/2024 15:27,29.6,28.9,16.8,9.2,287030,13.66666667,1,32,45.132,68.16666667,22.19683333,20.68416667,73.66666667,62.83333333,2049.458333,13.98333333,751,3,13.33333333,5,14445.36583,52.23983333,3002755,1.8295,16.9375,0.252,1267,35.718485,51.1970575,12,281.83,-0.004334234,0,0.361111111
12/30/2024 15:27,20.9,20.3,12.5,9.5,316240,13.65,1,32,44.08266667,53.33333333,15.17183333,0,75,67.16666667,2196.958333,14.5,753.5,3,8,5,14445.47517,38.81266667,3012050.417,1.427166667,18.16666667,0.252,1267,35.718704,51.195837,12,282.97,0.006137741,0.722222222,0
12/30/2024 15:27,42.5,42.5,33.6,28.3,1088130,13.63333333,1,32,44.9855,42.33333333,11.859,0,76.5,68,2220.708333,14.5,748.5,3,8,5,14445.588,19.719,3019290.083,1.073833333,19.29133333,0.252,1267,35.7189465,51.1945875,12,283.355,-0.001105375,0.138888889,0
12/30/2024 15:28,40.5,40.5,25.2,10.7,322900,13.61666667,1,32,45.15533333,42.16666667,11.892,0,75.5,68,2224.083333,14.5,742.5,3,8,5,14445.70233,19.73966667,3025734.417,1.069333333,19.333,0.252,1267,35.719185,51.1933265,12,283.17,0.000669043,0,0
12/30/2024 15:28,96.5,94.3,39.3,14,368440,13.61666667,1,32,46.04466667,42.16666667,11.89133333,0,73,68,2224.875,14.5,736.5,3,8,5,14445.81317,19.83333333,3032181.833,1.0715,19.3645,0.252,1267,35.7194195,51.1920665,12,282.85,-0.000669043,0,0
12/30/2024 15:28,122.1,118.5,51.8,19.1,462970,13.6,97,32,51.8905,33.66666667,7.625,0,73,55,1794.791667,14.5,730.5,3,24,5,14445.9205,-36.14583333,3035509,0,19.2395,0.252,1267,35.7196275,51.1908855,12,281.23,-0.010239265,0,2.166666667
12/30/2024 15:28,58.3,54.6,19,8.5,254670,13.58333333,33,32.16666667,54.46216667,30.66666667,5.084833333,1.456666667,73.66666667,41.33333333,1366.333333,13.9,726.5,3,18.66666667,5,14445.998,-13.70833333,3036457.917,0.4255,19.92683333,0.252,1267,35.7197285,51.1900135,12,277.89,-0.002036217,0,2.277777778
12/30/2024 15:28,62.9,38.7,14.4,8,260070,13.6,75.66666667,32.33333333,54.17283333,31.16666667,3.4515,0,74.33333333,28.33333333,962.6666667,14.5,724.5,3,24,4.5,14446.0585,-14.1665,3038668.417,0.322833333,20.96883333,0.252,1267,35.719841,51.1893595,12,283.685,0.016871516,0,2.166666667
12/30/2024 15:28,24.9,24.9,12.5,7.4,238210,13.58333333,65,32,52.64583333,31.83333333,3.624833333,0,75.5,19.5,983.0833333,14.5,721.5,3,24,3.166666667,14446.099,-14.95833333,3040639.667,0.3245,20.85416667,0.252,1267,35.7199115,51.1889245,12,277.265,-0.039095375,0,1.472222222
12/30/2024 15:28,23.6,23.6,12.4,6.6,216460,13.61666667,1,32.33333333,57.02283333,32.16666667,5.359666667,4.9545,76.33333333,16.66666667,1289.666667,14.5,719,3,13.33333333,2.333333333,14446.12833,-1.9375,3042691.208,0.4855,19.89583333,0.252,1250,35.7197495,51.188761,12,190.69,-0.304501777,0,0.472222222
12/30/2024 15:28,25.7,25.6,12.9,7.1,227360,13.6,1,32,54.5715,63.16666667,20.52766667,25.42766667,76.33333333,29.5,2480.333333,14.5,723.5,3,8,2,14446.16283,48.75,3048904.375,2.048166667,17.3645,0.252,1233,35.7196085,51.189087,12,108.055,-0.177936317,2.138888889,0
12/30/2024 15:28,30.8,30.8,17.6,8.7,270970,13.63333333,17,32.83333333,46.7665,34.16666667,10.49866667,5.314166667,72.66666667,44.33333333,2636.666667,14.4,749.5,3,18.66666667,3,14446.22583,-9.646,3058967.292,0.775666667,20.04183333,0.252,1233,35.719463,51.189823,12,103.495,-0.003577925,2.472222222,0
12/30/2024 15:28,46.5,45.9,28.7,11.4,291030,13.58333333,65,32.33333333,50.26616667,39.83333333,10.43116667,5.688,72.33333333,34.83333333,1513.125,13.9,745.5,3,21.33333333,3.666666667,14446.29617,-9.2395,3062353.75,0.596166667,18.8335,0.252,1233,35.7192995,51.1905845,12,105.17,0.003723369,0,1.583333333
12/30/2024 15:29,51.5,49.8,25.3,9.2,247360,13.6,1,32,46.6265,78,27.1145,29.8455,73,44.66666667,2548.916667,14.5,761,3,8,3,14446.3555,76.4895,3072043,2.560333333,16.40633333,0.252,1233,35.719164,51.1912595,12,103.39,-0.006603162,1.638888889,0
12/30/2024 15:29,41.6,41.6,19.7,9.4,263070,13.56666667,1,32.33333333,41.92183333,61.5,28.08766667,18.03483333,74.5,66.66666667,3171.333333,13.66666667,806.5,3,16,3.666666667,14446.448,36.156,3094234.875,3.0005,21.98933333,0.252,1233,35.718958,51.1923255,12,103.525,0.001948951,3.666666667,0
12/30/2024 15:29,128.9,128.9,65,19.2,386310,13.58333333,33,32,45.64166667,35.16666667,9.4315,0,76.5,67.16666667,2184,14.5,804,3,13.33333333,5,14446.56183,-4.604333333,3101993.958,0.617,19.625,0.252,1233,35.718697,51.1935845,12,104.255,-0.000756309,0.083333333,0
12/30/2024 15:29,107.3,99.1,26.9,10.6,285330,13.58333333,49,32,53.5775,56.33333333,21.24983333,15.64033333,76.83333333,42.16666667,1370.083333,13.98333333,795.5,3,18.66666667,5,14446.65633,19.5105,3104484.75,0.887666667,16.75016667,0.252,1233,35.7184985,51.1946165,12,102.895,-0.003781547,0,4.166666667
12/30/2024 15:29,39.9,39.8,25.2,10.7,283130,13.55,1,32,48.81566667,88.5,26.15916667,27.05083333,74.66666667,45,1483.333333,14.5,783,3,8,5,14446.72317,81.6665,3112977.667,1.626833333,14.66666667,0.252,1233,35.718359,51.195368,12,103.075,0.00250161,0.472222222,0
12/30/2024 15:29,19.5,19.5,9.9,6.5,230610,13.58333333,1,32.33333333,45.82666667,87.33333333,39.81183333,26.831,73,59,2416.625,13.93333333,790.5,3,10.66666667,4,14446.808,79.5,3126094.833,3.1555,17.78116667,0.252,1233,35.718174,51.1963255,12,103.31,-0.001018109,2.333333333,0
12/30/2024 15:29,22.4,22.2,11.7,7.9,271470,13.6,1,32.16666667,45.05783333,43,13.88166667,14.247,73.66666667,65.5,2137.75,14.5,798.5,3,16,5,14446.91333,16.38566667,3137713.125,1.039833333,18.5625,0.252,1233,35.717953,51.1975175,12,102.955,0.001105375,1.083333333,0
12/30/2024 15:29,40.8,17.1,12.8,8.3,292980,13.6,1,32,45.50083333,46.33333333,12.76266667,10.7265,75,66.5,2166.125,14.25,792,3,16,5,14447.0235,6.104,3144679.875,0.815166667,18.61466667,0.252,1233,35.717718,51.198742,12,103.37,0.000843576,0.166666667,0
12/30/2024 15:29,18,18,11.5,7.7,269820,13.56666667,81,32,49.31533333,33.66666667,7.651833333,0,76,55.33333333,1804.375,14.5,783,3,24,5,14447.1275,-36.09383333,3147035.75,0,19.1565,0.252,1233,35.717499,51.199894,12,102.975,-0.002123484,0,1.861111111
12/30/2024 15:29,15.9,15.9,12.1,10.6,387510,13.6,1,32.33333333,48.78333333,53.83333333,18.30733333,18.47733333,75,44.16666667,1524.666667,14.1,777,3,16,4.5,14447.20833,29.573,3148662.125,1.3195,17.63533333,0.252,1233,35.717331,51.200777,12,103.335,0.001454441,0,1.861111111
12/30/2024 15:30,12.1,12.1,7.6,6.3,246760,13.6,1,32,43.91533333,101.8333333,33.298,32.53033333,73,57.83333333,2417.125,14.21666667,804,3,8,4,14447.289,105.3125,3164673.667,3.060833333,18.18733333,0.252,1233,35.7171555,51.2016965,12,103.31,0.00122173,2.277777778,0
12/30/2024 15:30,16.7,16.7,10,6,221610,13.6,17,32,45.77,45.83333333,16.32016667,9.774333333,73.16666667,65.16666667,2705.958333,14.5,814,3,18.66666667,4,14447.39333,2.020666667,3177516.208,0.969,19,0.252,1233,35.716934,51.202877,12,102.865,-0.001832596,1.222222222,0
12/30/2024 15:30,26.5,19.8,9.5,5.8,208300,13.6,49,32.5,55.17916667,41.16666667,11.20533333,9.691833333,74.33333333,35.16666667,1648.458333,13.9,808,3,21.33333333,3.5,14447.48233,-0.603833333,3179626.625,0.659,19.0625,0.252,1233,35.7167495,51.20384,12,103.695,0.003519747,0,5
12/30/2024 15:30,13,13,6.5,5.3,194850,13.55,1,32.33333333,47.612,70.33333333,30.33016667,15.53183333,75.33333333,45.33333333,3338.625,13.58333333,833,3,16,2.333333333,14447.54167,38.2605,3197619.542,3.144166667,21.6355,0.252,1233,35.7166175,51.2045,12,103.765,-0.000872665,1.694444444,0
12/30/2024 15:30,21.6,21.6,8.6,6.1,216210,13.55,17,32.5,48.20166667,48.16666667,16.81333333,8.6435,75.83333333,45.5,2845.375,14.5,837,3,16,2.666666667,14447.61983,11.80216667,3206579.542,1.228,19.28116667,0.252,1233,35.716444,51.20537,12,103.6,-0.002298017,0.027777778,0
12/30/2024 15:30,34.5,34.4,19.5,9.6,272570,13.56666667,33,32.5,50.89116667,29.16666667,8.029333333,2.286666667,73.66666667,35.33333333,2376.541667,14.5,835,3,18.66666667,2.666666667,14447.6895,-21.54166667,3212175.25,0.496333333,20.38533333,0.252,1233,35.716305,51.206133,12,101.675,-0.009890199,0,1.694444444
12/30/2024 15:30,31.3,31.3,17.2,8,239760,13.58333333,1,32,45.306,118.5,55.221,43.78816667,73,38.66666667,2196.875,12.31666667,835,3,10.66666667,3,14447.74467,112.2083333,3221979.708,5.972333333,19.18733333,0.252,1233,35.7161995,51.2067585,12,102.57,0.0096284,0.555555556,0
12/30/2024 15:30,13.3,13.3,7.3,5.6,194750,13.58333333,33,32.33333333,42.764,39,11.69966667,0,74,59.16666667,3053.25,14.28333333,853.5,3,21.33333333,3.333333333,14447.83067,-19.375,3250392.083,0.416166667,20.75016667,0.252,1233,35.7160075,51.2077425,12,103.615,0.001745329,3.416666667,0
12/30/2024 15:30,17,17,10.3,6,221210,13.6,1,32,48.92,46.16666667,12.5115,11.90233333,75.83333333,48.16666667,2030.916667,13.95,845.5,3,16,4,14447.91933,10.698,3253542.125,1.099166667,18.59383333,0.252,1233,35.71582,51.2087155,12,103.26,-0.000960892,0,1.833333333
12/30/2024 15:30,20.5,20.5,14,10.5,372690,13.61666667,17,32,46.6525,54.33333333,14.68583333,13.60116667,76.33333333,51.66666667,2160.875,14.5,837,3,13.33333333,4,14448.00117,25.67716667,3261740.958,1.068666667,17.9685,0.252,1233,35.7156375,51.209633,12,104.26,0.006079564,0.583333333,0
12/30/2024 15:31,20.2,20.2,12,7.1,224910,13.6,1,32,47.2475,92.16666667,47.34166667,33.2795,73.83333333,51.83333333,2172.375,13.28333333,832,3,8,4,14448.08583,84.39583333,3269347.708,4.164333333,19.23966667,0.252,1233,35.715456,51.2105785,12,102.1,-0.013759012,0.027777778,0
12/30/2024 15:31,28.4,28.4,15.4,7,210000,13.61666667,1,32.33333333,40.52666667,61.5,25.49816667,17.0045,73.5,68.83333333,2457.75,13.88333333,843,3,13.33333333,4.666666667,14448.18617,29.5315,3297693.417,2.308833333,20.2085,0.252,1233,35.715252,51.211731,12,102.84,0.007534005,2.833333333,0
12/30/2024 15:31,28.7,28.7,14.7,7.7,247860,13.6,1,32,42.616,38.66666667,10.71416667,13.92066667,75,67.5,2205.041667,14.5,832.5,3,8,5,14448.30017,12.86433333,3304487.917,0.937833333,19.625,0.252,1233,35.7150135,51.2129935,12,103.095,-2.91E-05,0,0.222222222
12/30/2024 15:31,15,14.9,8.3,5.5,203500,13.61666667,1,32,45.108,37.33333333,10.4325,13.253,76.33333333,66.33333333,2172.75,14.5,823.5,3,8,5,14448.41083,11.6145,3309950,0.894166667,19.604,0.252,1233,35.7147845,51.214233,12,102.635,-0.002123484,0,0.194444444
12/30/2024 15:31,13.4,13.4,8.7,5.7,197900,13.58333333,1,32,45.6105,38,10.73866667,13.86233333,75.33333333,66.16666667,2166.333333,14.5,814.5,3,8,5,14448.52083,13.26033333,3315433.25,0.944333333,19.6145,0.252,1233,35.714552,51.215458,12,103.39,0.00270526,0,0.027777778
12/30/2024 15:31,25,24.8,13.8,6.7,207800,13.6,1,32,46.43883333,37.66666667,10.42166667,13.024,73.33333333,66.83333333,2180.458333,14.5,805.5,3,8,5,14448.631,11,3320954.208,0.898166667,19.667,0.252,1233,35.7143135,51.21669,12,103.29,-0.001425352,0.111111111,0
12/30/2024 15:31,20.4,19.8,7.5,5.2,186200,13.56666667,1,32,46.74,38.16666667,10.87783333,13.83733333,73.33333333,67.5,2212.291667,14.5,796.5,3,8,5,14448.74217,12.95816667,3326429.75,0.952666667,19.625,0.252,1233,35.714081,51.2179355,12,102.83,-0.001396263,0.111111111,0
12/30/2024 15:31,16.6,16.6,9.7,5.4,190750,13.53333333,1,32,47.5655,28.66666667,7.827166667,6.418333333,74.5,68.5,2233.041667,14.5,787.5,3,8,5,14448.8555,-3.3645,3331426.333,0.669166667,20.2395,0.252,1233,35.7138405,51.2191985,12,103.44,0.002763438,0.166666667,0
12/30/2024 15:31,15.9,15.9,8.4,5.1,190250,13.51666667,49,32,48.80366667,29.5,8.065,1.972333333,75.66666667,65.66666667,2143.041667,14.5,780.5,3,16,5,14448.9675,-21.5105,3334790.833,0.303166667,19.89566667,0.252,1233,35.713585,51.2204475,12,104.255,0.001279908,0,0.472222222
12/30/2024 15:31,9.9,9.9,6.5,4.9,183150,13.53333333,49,32.33333333,52.84183333,30.33333333,5.252833333,0,75.33333333,51.5,1449.958333,13.9,774.5,3,24,5,14449.0665,-23.7085,3335819.75,0.301,19.96866667,0.252,1233,35.713383,51.2215325,12,102.525,-0.004014257,0,2.361111111
12/30/2024 15:32,12.3,12.3,7.5,5.1,185700,13.53333333,1,32.66666667,50.595,35.33333333,7.912166667,8.620666667,73.5,45.83333333,1608.708333,14.5,770.5,3,16,6.666666667,14449.14583,3.0835,3338149.875,0.786166667,20.08333333,0.252,1233,35.7132245,51.2224215,12,102.27,-0.001279908,0,0.944444444
12/30/2024 15:32,24.3,24.3,16.8,11.1,395170,13.56666667,1,32.16666667,44.77366667,98,39.62433333,34.83633333,73,57.83333333,3265.083333,12.85,790,3,10.66666667,3,14449.22783,76.1875,3355762.625,4.900833333,22.16666667,0.252,1233,35.7130605,51.223341,12,102.655,0.00369428,2,0
12/30/2024 15:32,37.4,37.2,27.3,25.7,1077780,13.58333333,1,32,45.18066667,29.83333333,8.319,5.706333333,73.66666667,66.66666667,2145.5,14.26666667,808.5,3,13.33333333,5,14449.33467,-8.468666667,3376887.417,0.591,19.948,0.252,1233,35.7128295,51.224552,12,103.13,-0.001047198,1.472222222,0
12/30/2024 15:32,20.6,20.6,14.7,11,403580,13.58333333,1,32,46.8425,45.5,13.92916667,17.05,75.16666667,63.33333333,2072.416667,14.5,799.5,3,8,5,14449.44267,25.24983333,3381782.042,1.1385,18.89583333,0.252,1233,35.7126125,51.225752,12,102.555,-5.82E-05,0,0.555555556
12/30/2024 15:32,34.8,34.8,30.4,27.8,1044260,13.6,1,32,45.07733333,69,21.49666667,22.34083333,76,66.5,2179.875,14.41666667,801.5,3,10.66666667,5,14449.549,60.052,3392088.083,1.9485,17.7705,0.252,1233,35.712387,51.226948,12,103.015,-0.000727221,0.527777778,0
12/30/2024 15:32,21.4,21.4,13.5,7.2,228110,13.6,1,32,44.20066667,56.66666667,18.088,20.52966667,74.66666667,66.83333333,2178.208333,14.5,796,3,10.66666667,5,14449.66017,40.87483333,3400078.583,1.508,17.73966667,0.252,1233,35.7121525,51.228191,12,103.035,-0.00049451,0.055555556,0
12/30/2024 15:32,16.8,16.8,11.1,6.9,231160,13.58333333,1,32,43.346,47,13.04716667,18.842,73,68,2229.416667,14.5,790.5,3,8,5,14449.77283,28.39583333,3408645.167,1.250833333,18.5725,0.252,1233,35.711918,51.2294465,12,103.215,0.003054326,0.194444444,0
12/30/2024 15:32,20,20,9.4,5.4,181750,13.5,1,32,43.76983333,43,11.81216667,16.1675,73.5,67.66666667,2204.291667,14.5,782.5,3,8,5,14449.88617,20.4375,3415811.25,1.0525,19.125,0.252,1233,35.7116795,51.230709,12,103.18,0.000872665,0,0.055555556
12/30/2024 15:32,24.3,24.3,13.5,6.3,194900,13.58333333,1,32,44.16133333,52.83333333,14.32883333,20.80583333,75,66.83333333,2182.291667,14.5,776,3,8,5,14449.996,37.98966667,3422641.375,1.396666667,18.12483333,0.252,1233,35.71143,51.231941,12,103.965,-0.000465421,0,0.138888889
12/30/2024 15:32,31.2,31.2,15,6.3,195650,13.53333333,17,32,44.78933333,42.5,11.61716667,12.18566667,76.33333333,67.33333333,2193.625,14.5,770.5,3,13.33333333,5,14450.10867,6.718666667,3430350.25,0.793833333,18.8645,0.252,1233,35.711191,51.2331905,12,103.095,-0.001890773,0.083333333,0
12/30/2024 15:33,41.3,41.2,19.7,7.8,219910,13.53333333,81,32.5,52.37733333,31.83333333,5.957166667,0.908333333,75.83333333,46.66666667,1519.625,13.95,764.5,3,24,5,14450.20783,-26.33333333,3432361.125,0.2275,19.68766667,0.252,1233,35.710987,51.2342855,12,102.76,-0.001541708,0,3.444444444
12/30/2024 15:33,68.7,68.7,42.1,10.6,260470,13.53333333,1,32,48.55783333,102.6666667,39.372,29.87016667,73.33333333,47.66666667,2720.791667,13.78333333,787.5,3,10.66666667,3,14450.27733,92.04166667,3444977.25,3.488333333,18.80183333,0.252,1233,35.7108635,51.235054,12,100.57,-0.007941248,0.166666667,0
12/30/2024 15:33,122.1,105.3,26.6,8.9,237560,13.58333333,1,32.5,44.87366667,28.33333333,8.134333333,0.469,73.5,55.5,2437.625,14.26666667,805.5,3,21.33333333,3.833333333,14450.36717,-26.60416667,3457409.083,0.444833333,20.323,0.252,1233,35.7106805,51.2360875,12,103.275,0.012188216,1.305555556,0
12/30/2024 15:33,50.2,41.6,9.4,5.6,186200,13.53333333,33,32,47.38383333,75.33333333,27.03616667,24.10116667,74.66666667,45.16666667,1897.708333,14.28333333,800,3,13.33333333,4,14450.45117,55.28133333,3460814.375,2.036666667,17.28133333,0.252,1233,35.7105005,51.2370035,12,103.34,-0.00270526,0,1.722222222
12/30/2024 15:33,20,18.3,7.3,5.2,180650,13.58333333,49,32,45.47466667,47.83333333,13.81816667,1.803,75.66666667,52.5,2196.541667,14.48333333,808,3,21.33333333,4,14450.53383,-6.249833333,3472133.708,0.595333333,19.3645,0.252,1233,35.7103155,51.237923,12,104.125,0.00296706,1.222222222,0
12/30/2024 15:33,13.4,13.4,6.9,5,176000,13.56666667,49,32.83333333,49.14833333,30.33333333,8.053833333,4.584666667,76,42,1751.833333,14.5,801.5,3,21.33333333,4,14450.61133,-8.3335,3473701.583,0.634166667,19.59366667,0.252,1233,35.7101535,51.2387885,12,102.765,-0.002181662,0,1.75
12/30/2024 15:33,23.3,23.3,13.3,6.7,209150,13.6,1,32,49.6255,30.33333333,8.3115,0.078833333,74,37.66666667,2143.375,14.5,796.5,3,21.33333333,3,14450.67833,-28.802,3476544.542,0.163666667,19.85416667,0.252,1233,35.7100145,51.2395305,12,102.71,-0.003083415,0,0.722222222
12/30/2024 15:33,14,14,7.3,5.4,189800,13.53333333,81,32.16666667,52.3545,34,7.156666667,0,72.16666667,28.83333333,1642.041667,14.13333333,789,3,24,3,14450.73433,-34.354,3477371.5,0.062,19.20833333,0.252,1233,35.709904,51.2401585,12,101.555,-0.006632251,0,1.472222222
12/30/2024 15:33,15.6,15.5,8.9,6,203450,13.58333333,17,32.5,53.522,38.16666667,7.7485,6.382333333,72.33333333,20.83333333,1523.541667,14.5,784,3,16,2.5,14450.77533,0.792,3479297.875,0.6325,19.24983333,0.252,1233,35.709835,51.2406005,12,101.085,0.001687152,0,1.333333333
12/30/2024 15:33,18.8,18.2,10.4,5.9,202600,13.6,1,32,46.6885,50.5,15.51433333,21.23816667,73,30.16666667,2506.166667,14.5,778.5,3,8,2,14450.81583,33.70866667,3485834,1.5675,18.49983333,0.252,1233,35.709751,51.24106,12,103.25,0.007475827,1.555555556,0
12/30/2024 15:34,17.3,17.3,10.9,6.2,210800,13.58333333,1,32.33333333,44.419,39.16666667,14.863,11.525,74.16666667,43.83333333,3414.166667,14.3,785,3,13.33333333,2.166666667,14450.87767,7.635333333,3496404.333,1.534166667,20.59383333,0.252,1233,35.7096175,51.24177,12,102.985,-0.000727221,2.277777778,0
12/30/2024 15:34,44.1,40,19.6,8.3,231060,13.6,17,32.16666667,46.5925,37.5,8.2625,0,75.83333333,42.5,1866.416667,14.5,784,3,21.33333333,4,14450.95117,-23.2085,3501482.333,0.2935,18.9375,0.252,1233,35.7094595,51.2425975,12,103.175,-0.000581776,0,0.222222222
12/30/2024 15:34,67,67,43.8,15.5,349170,13.58333333,1,32,48.38083333,32.66666667,6.051666667,0.521333333,77,34.5,1450.75,14.05,776.5,3,21.33333333,4,14451.01567,-26.5,3502355.333,0.198166667,19.30183333,0.252,1233,35.7093275,51.243311,12,102.95,0.001192642,0,1.333333333
12/30/2024 15:34,178.3,169.7,97.7,25.3,492290,13.6,1,32,47.34616667,68.5,20.61233333,23.15133333,75.5,36.83333333,1552.041667,14.46666667,770,3,10.66666667,4,14451.07233,55.71883333,3507353.042,1.428166667,16.36466667,0.252,1233,35.7092155,51.243946,12,102.22,0.000145444,0.388888889,0
12/30/2024 15:34,77.9,77.1,25.6,9.9,247710,13.56666667,33,32,46.15033333,52.16666667,13.42483333,5.001333333,72.83333333,45.16666667,1880.708333,14.5,768,3,18.66666667,4,14451.14317,-0.3855,3515551.5,0.582,18.04166667,0.252,1233,35.7090625,51.244734,12,103.695,0.003141593,1.388888889,0
12/30/2024 15:34,40.2,40.2,20.7,11.3,351720,13.6,49,32.5,52.18183333,33.33333333,7.208166667,9.045833333,72.83333333,30.33333333,1665.375,13.88333333,763.5,3,21.33333333,2.833333333,14451.20783,-9.218833333,3517437.208,0.809333333,19.61466667,0.252,1233,35.708937,51.245451,12,101.24,-0.008988446,0,2.472222222
12/30/2024 15:34,58.5,33.2,15.3,7.1,211100,13.58333333,1,32.16666667,44.09433333,60.33333333,28.25783333,17.85533333,73.16666667,40.16666667,3275.375,13.81666667,788,3,18.66666667,2,14451.26367,23.5835,3530177.333,2.186,20.6875,0.252,1233,35.708824,51.246069,12,103.275,0.00913389,1.638888889,0
12/30/2024 15:34,16.5,16.5,8.9,5.7,197500,13.5,97,32,49.00466667,31.33333333,5.330666667,0,74.33333333,31.16666667,1449.041667,14.03333333,790.5,3,24,3.666666667,14451.32683,-18.43766667,3534729.5,0.348333333,20.16683333,0.252,1233,35.7086675,51.2467785,12,105.225,0.000436332,0,1.5
12/30/2024 15:34,22,22,12.8,6.5,205400,13.56666667,33,32,51.74866667,40.5,10.987,16.332,75.5,14.66666667,1752.625,14.33333333,790,3,18.66666667,1.666666667,14451.365,-6.166666667,3537761.667,0.963833333,19.25,0.252,1233,35.7085895,51.2471735,12,103.37,-0.002152573,0,2.75
12/30/2024 15:34,38.8,38.8,25.9,8.5,211810,13.58333333,1,32,49.17233333,32.33333333,6.911833333,7.647666667,76.66666667,10.5,1688.708333,14,790,3,21.33333333,1.166666667,14451.38633,-14.7815,3541931.25,0.404666667,19.92716667,0.252,1233,35.7085495,51.2474075,12,100.885,-0.010093821,0,0.694444444
12/30/2024 15:35,25.9,25.9,17.8,8.1,200150,13.56666667,1,32.66666667,47.526,37.16666667,8.057833333,8.975833333,75.83333333,8.666666667,1902.541667,14.5,787,3,13.33333333,1.166666667,14451.40083,5.176833333,3545801.25,0.816833333,19.29166667,0.252,1233,35.7085155,51.247583,12,104.285,0.008232136,0,0.305555556
12/30/2024 15:35,14.3,14.3,6.9,4.8,179250,13.55,17,32.33333333,48.216,38,7.961333333,6.919833333,73,9.166666667,1456.375,14.38333333,783.5,3,18.66666667,1.166666667,14451.418,-9.25,3549561.292,0.748333333,19.5835,0.252,1233,35.708477,51.247778,12,103.84,0.002443461,0.083333333,0
12/30/2024 15:35,9.3,9.2,6,4.7,170250,13.58333333,1,32.83333333,46.9115,38.83333333,13.62433333,11.18016667,72.83333333,6,2228.25,13.98333333,785,3,13.33333333,1,14451.43,8.354166667,3554318.875,1.142833333,19.22933333,0.252,1233,35.7084505,51.2479,12,103.87,-0.011810061,0,0.527777778
12/30/2024 15:35,10.4,10.4,7.4,4.9,180350,13.55,1,32.5,42.248,36.33333333,10.00133333,6.063333333,73.66666667,21.33333333,2320.875,14.25,788.5,3,21.33333333,1.5,14451.4525,-9.0835,3561814.25,0.650166667,19.73966667,0.252,1233,35.708397,51.248173,12,103.775,0.008784824,2.555555556,0
12/30/2024 15:35,14.3,14.3,9.7,5.2,180300,13.53333333,1,32,46.78166667,36.33333333,7.343166667,0,74.66666667,20,1634.958333,14.18333333,782.5,3,21.33333333,2,14451.48817,-26.521,3565277.708,0.183,19.08333333,0.252,1233,35.708332,51.248579,12,100.765,-0.004566945,0,0.222222222
12/30/2024 15:35,11.4,11.4,7.6,4.9,168200,13.58333333,17,32.66666667,46.518,44.16666667,17.84766667,6.4265,76,17.16666667,1626.25,14.5,776.5,3,16,1.666666667,14451.519,14.66666667,3568411.25,0.926833333,18.61466667,0.252,1233,35.708273,51.248919,12,102.855,0.008988446,0,0.472222222
12/30/2024 15:35,19.1,18.5,10.5,5.3,182000,13.58333333,1,32,45.65183333,37.83333333,9.378333333,10.04333333,76.83333333,22.16666667,1827.458333,14.5,770,3,13.33333333,2,14451.55083,5.822833333,3572844.125,0.777666667,19.229,0.252,1233,35.7082005,51.249285,12,103.125,-0.007912159,0.833333333,0
12/30/2024 15:35,8.4,8.4,5.6,4.3,166550,13.55,1,32.33333333,44.801,41.83333333,11.68633333,10.94366667,74.16666667,29.16666667,2377.333333,13.9,765,3,10.66666667,2.166666667,14451.59367,12.5835,3578526.542,1.078833333,19.26033333,0.252,1233,35.708111,51.2497635,12,103.4,0.005788675,1.166666667,0
12/30/2024 15:35,10.6,10.6,7.1,5.1,177800,13.53333333,1,32,43.06383333,56.5,25.20083333,25.48733333,73,38.5,3175.791667,14.45,769,3,8,2,14451.64783,44.1355,3586453.042,2.466,18.97933333,0.252,1233,35.7079965,51.2503775,12,102.605,-0.004392412,1.555555556,0
12/30/2024 15:35,8.8,8.8,6.5,4.7,175650,13.55,17,32.5,44.2165,29.5,10.21966667,0,73.66666667,52.83333333,3139.583333,14.5,810.5,3,21.33333333,3.166666667,14451.726,-21.16666667,3599713.958,0.766666667,21.38516667,0.252,1233,35.7078285,51.251274,12,103.1,0.001890773,2.388888889,0
12/30/2024 15:36,13.8,13.8,9.3,5.6,196850,13.5,33,32,48.036,41.83333333,10.07433333,5.933166667,75.33333333,46,1909.25,14.46666667,804,3,16,4,14451.80783,-2.5105,3603006.458,0.686333333,18.896,0.252,1233,35.707657,51.25218,12,103.385,0.002850704,0,1.138888889
12/30/2024 15:36,12.3,12.3,8,4.6,173550,13.51666667,65,32.16666667,46.29433333,31.66666667,5.783166667,0,76.66666667,41,1514.833333,14.5,796.5,3,24,4.5,14451.88083,-23.03133333,3605540.833,0.253333333,19.646,0.252,1233,35.7074685,51.252987,12,107.365,0.014602588,0,0.833333333
12/30/2024 15:36,15.7,15.6,7,4.5,170350,13.55,49,32,36.68066667,31.16666667,3.316666667,0,77,38.33333333,958.1666667,14.5,793.5,3,24,5,14451.94667,-14.59366667,3607534.667,0.3075,20.91683333,0.252,1233,35.7071475,51.253561,12,136.545,0.130463362,0,0.444444444
12/30/2024 15:36,16.6,14.9,6.4,4.8,177000,13.55,17,32,25.53216667,40.16666667,14.21266667,9.716833333,75,42.33333333,2859.708333,14.36666667,798,3,16,2.666666667,14452.01367,-8.25,3611869.042,1.118833333,19.57283333,0.252,1233,35.706627,51.2534085,12,211.785,0.227300046,0.666666667,0
12/30/2024 15:36,10.8,10.8,6.5,4.5,166700,13.53333333,65,32,19.9195,31.83333333,4.984333333,0,72.83333333,35.66666667,1284,14.13333333,805,3,24,4.833333333,14452.0795,-17.70833333,3615877.208,0.33,20.27083333,0.252,1233,35.7066575,51.2527945,12,299.475,0.269944258,0,1.111111111
12/30/2024 15:36,10.2,10.2,5.8,4.6,177800,13.53333333,17,32.33333333,21.021,76.66666667,38.347,22.84816667,73,42,3326.166667,13.56666667,824,3,16,2.5,14452.13867,58.83316667,3627962.875,3.698166667,21.29183333,0.252,1233,35.707163,51.2527465,12,6.275,0.139713607,1.055555556,0
12/30/2024 15:36,9.6,9.4,7.2,5.9,240560,13.56666667,33,32.5,37.03683333,38.16666667,8.784,6.3325,74,25.66666667,2103.75,14.5,840,3,16,2,14452.2025,-4.729166667,3641200.625,0.585333333,19.17716667,0.252,1233,35.7077045,51.2528535,12,7.74,-0.013264502,0,2.722222222
12/30/2024 15:36,10.5,10.5,7.1,4.9,184950,13.6,1,32,39.27183333,43.16666667,12.041,16.093,75.5,26.16666667,2169.541667,14.5,830.5,3,8,2,14452.24217,22.11466667,3646765.417,1.113666667,19.13533333,0.252,1233,35.7079255,51.2529295,12,17.275,0.044418629,0.083333333,0
12/30/2024 15:36,13.6,13.4,8.1,7.2,263870,13.58333333,1,32,39.79316667,38.5,11.4835,8.523,76.83333333,29.33333333,2410.958333,14.26666667,822.5,3,16,2,14452.28917,-6.895833333,3652733.792,0.677333333,19.30216667,0.252,1233,35.708389,51.253124,12,18.425,-0.007214028,0.527777778,0
12/30/2024 15:36,6.6,6.6,5.3,4.8,180600,13.6,1,32,37.584,38,8.914333333,9.473166667,75,22,1770.958333,14.5,814.5,3,13.33333333,2,14452.33267,0.5,3655797.375,0.6605,18.906,0.252,1233,35.708706,51.253435,12,54.135,0.146316769,0,1.222222222
12/30/2024 15:37,10.6,10.6,7.2,5.5,203200,13.6,1,32.16666667,32.335,54.66666667,16.30183333,18.7525,73,28.83333333,2348,14.5,810,3,13.33333333,2,14452.373,31.12516667,3663132.5,1.312,18,0.252,1233,35.7086315,51.253849,12,114.68,0.168656983,1.138888889,0
12/30/2024 15:37,10.2,10.2,7.5,5.9,215410,13.58333333,1,32.5,29.1895,32.33333333,9.747666667,7.154,73.66666667,27.5,2503.666667,14.28333333,807.5,3,18.66666667,1.666666667,14452.42183,-8.3435,3669588.208,0.785166667,20.17716667,0.252,1233,35.708248,51.2539955,12,179.825,0.191608063,0,0.222222222
12/30/2024 15:37,16.6,16.6,14.5,12.6,513790,13.58333333,1,32,27.94916667,53.5,14.38683333,6.117666667,74.83333333,28.33333333,2337.833333,14.26666667,807,3,16,2,14452.46867,8.937666667,3676279.5,1.103,18.4895,0.252,1233,35.7079775,51.253662,12,239.22,0.171478599,0.138888889,0
12/30/2024 15:37,20.4,20.4,12.2,7.1,234810,13.58333333,1,32,30.33033333,38.5,11.66233333,4.957,76.16666667,30.66666667,2522.041667,14.11666667,806.5,3,16,2,14452.5175,-5.531166667,3683144.333,0.735166667,19.53116667,0.252,1233,35.707977,51.2530995,12,275.89,0.07327474,0.388888889,0
12/30/2024 15:37,16.1,15.9,9,5.5,194700,13.58333333,17,32,36.65433333,52.16666667,15.14966667,9.384666667,75.5,28.5,2377.333333,14.5,804,3,13.33333333,2,14452.56633,17.51033333,3687688.792,1.2165,18.22916667,0.252,1233,35.7080575,51.2525525,12,280.965,0.007737626,0,0.361111111
12/30/2024 15:37,22.6,22.6,16,6.8,203000,13.53333333,33,32.33333333,36.32,62.33333333,30.54533333,20.70016667,73.5,49.5,3581.541667,14.25,832.5,3,16,2.5,14452.62683,35.67716667,3704177.583,2.6095,21.375,0.252,1233,35.708172,51.2518425,12,281.2,0.000203622,3.5,0
12/30/2024 15:37,20.5,20.3,9.3,4.9,170100,13.58333333,81,32.16666667,42.82283333,33.16666667,7.360333333,0,74.16666667,43,1800.666667,13.95,840,3,24,4,14452.71083,-32.9895,3712153.375,0.121666667,19.3125,0.252,1233,35.708347,51.250912,12,283.355,0.003607014,0,1.083333333
12/30/2024 15:37,23.3,22.5,10.1,4.9,171150,13.58333333,1,32.33333333,43.32683333,64.33333333,20.9365,13.01366667,75.33333333,42.33333333,2267.041667,14.46666667,837.5,3,13.33333333,3.333333333,14452.77933,39.521,3718679.292,1.654,18.125,0.252,1233,35.7084755,51.250158,12,281.31,-0.006254096,0,0.111111111
12/30/2024 15:37,22,22,9.5,5.5,191300,13.56666667,1,32.5,42.81516667,42.33333333,10.4775,3.840666667,76.5,42.5,2205.708333,14.5,831,3,16,3.333333333,14452.8495,-7.073,3724318.75,0.5715,19.625,0.252,1233,35.708624,51.249346,12,283.44,0.008581202,0.027777778,0
12/30/2024 15:37,33.5,33.4,16.5,6.3,211350,13.55,33,32.66666667,45.84816667,29.16666667,6.5315,0.286833333,74.83333333,38.16666667,2013.458333,14.01666667,826.5,3,21.33333333,3.5,14452.91933,-20.25033333,3728886.458,0.489,19.9375,0.252,1233,35.7087705,51.248581,12,283.07,-0.002239839,0,0.722222222
12/30/2024 15:38,20.2,19,5.8,5,183400,13.51666667,33,32.83333333,49.23666667,38.83333333,7.130333333,4.041,73,26.16666667,1708.375,13.96666667,820.5,3,18.66666667,2.666666667,14452.974,-6.625,3732029.542,0.588833333,19.7085,0.252,1233,35.708885,51.2479895,12,283.665,0.002414372,0,2
12/30/2024 15:38,13.1,13.1,10.3,8.2,306040,13.6,17,32.33333333,47.1565,49.33333333,15.5315,3.688666667,73.83333333,28.5,2284.083333,14.18333333,817.5,3,18.66666667,2,14453.0195,-6.885166667,3737266,0.5565,18.79166667,0.252,1233,35.708975,51.2474825,12,282.14,-0.002647083,0.388888889,0
12/30/2024 15:38,12.5,12.5,9.2,8.2,301240,13.58333333,1,32.5,46.25433333,52.66666667,18.6495,16.1515,74.66666667,29.5,2839.625,14.5,815.5,3,10.66666667,1.5,14453.06317,30.83333333,3743029.833,1.6055,18.6145,0.252,1233,35.709072,51.2469845,12,283.695,0.002327106,0.166666667,0
12/30/2024 15:38,10.3,10.3,6.7,5.2,195150,13.58333333,1,32.5,45.128,42.16666667,12.43016667,9.407166667,76,39.66666667,2412.958333,14.15,815,3,16,2.833333333,14453.121,7.0625,3751108.708,1.071666667,19.14566667,0.252,1233,35.709196,51.246319,12,282.92,-0.00049451,1.694444444,0
12/30/2024 15:38,9.9,9.9,6.7,5.3,197550,13.56666667,1,32.83333333,46.2125,35.66666667,11.7195,6.07,75.33333333,42.33333333,3211.083333,14.5,815.5,3,18.66666667,2.333333333,14453.1895,-6.041666667,3758180.708,1.089166667,20.91666667,0.252,1233,35.709339,51.2455445,12,282.52,-0.003548836,0.444444444,0
12/30/2024 15:38,8,8,6.4,5.5,193950,13.56666667,1,32,47.63166667,36,13.34416667,11.50883333,73.5,43.5,2465.416667,14.5,811.5,3,10.66666667,3,14453.26367,4.145833333,3763531.625,0.981666667,19.5835,0.252,1233,35.709492,51.2447395,12,283.375,0.002530727,0.194444444,0
12/30/2024 15:38,10.4,10.4,6.8,5.2,188000,13.58333333,1,32.33333333,43.6895,98.83333333,54.10633333,34.62583333,74.16666667,64.33333333,3568.583333,12.71666667,842,3,13.33333333,3,14453.34767,90.56266667,3787384.75,6.539,22.84383333,0.252,1233,35.709669,51.243782,12,282.655,-0.002647083,3.472222222,0
12/30/2024 15:38,11.3,11.3,7.9,5.3,202550,13.56666667,1,32.16666667,42.42816667,25.66666667,9.5465,3.728166667,76,72.5,3008.916667,14.5,855,3,16,4,14453.46633,-20.21866667,3804933.083,0.599333333,21.26033333,0.252,1233,35.709915,51.2424525,12,283.07,0.002850704,1.361111111,0
12/30/2024 15:38,14.5,14.5,7.3,5,182550,13.53333333,33,32,46.1555,28,9.3275,2.226333333,76.33333333,66.83333333,2796.041667,14.5,848.5,3,16,4,14453.582,-23.9375,3807824.583,0.372166667,20.73983333,0.252,1233,35.710161,51.241154,12,283.105,-0.000319977,0,0.944444444
12/30/2024 15:38,17.2,17.2,10.1,6.1,210050,13.51666667,33,32.33333333,51.1365,83.16666667,37.61316667,29.124,74.16666667,45.83333333,2226.041667,13.26666667,844,3,13.33333333,3.333333333,14453.6745,66.96866667,3812930.5,3.805166667,19.05183333,0.252,1233,35.710352,51.2401375,12,282.87,-0.001512619,0,3.5
12/30/2024 15:39,14.7,14.5,7.9,5.8,203100,13.51666667,49,32.16666667,42.4695,72.83333333,32.42516667,9.979166667,74.33333333,67.16666667,3355.208333,12.9,862,3,18.66666667,3.5,14453.76817,31.42716667,3845824.708,3.547,22.95833333,0.252,1233,35.710537,51.2390745,12,281.865,-0.003490659,3.555555556,0
12/30/2024 15:39,11,11,7.6,5.8,213610,13.53333333,33,32.33333333,45.70566667,38.66666667,12.62333333,7.164,75.66666667,49.5,2437.625,14.46666667,855.5,3,21.33333333,3.666666667,14453.8665,-23.25,3852678.25,0.661666667,19.073,0.252,1233,35.7107485,51.237993,12,284.48,0.009279334,0,2.944444444
12/30/2024 15:39,9.1,9.1,6.3,5.3,198850,13.56666667,1,32.83333333,44.44816667,45.83333333,14.97483333,14.568,76.33333333,48.16666667,3145.791667,14.5,850,3,10.66666667,2.333333333,14453.9465,17.0415,3858934.75,1.517833333,19.86483333,0.252,1233,35.71092,51.2371085,12,282.91,-0.005963208,0,0.222222222
12/30/2024 15:39,8.7,8.7,6.9,5.4,207250,13.55,1,32.16666667,42.7255,66,28.4665,19.457,74,65.16666667,3074.916667,14.11666667,864.5,3,10.66666667,3.666666667,14454.039,52.531,3875887,2.818166667,19.677,0.252,1233,35.711117,51.236069,12,283.35,0.00296706,2.833333333,0
12/30/2024 15:39,9.5,9.5,6.2,5.3,198250,13.55,1,32,45.197,33.16666667,9.473666667,9.346666667,74.83333333,68.16666667,2229.708333,14.5,858,3,8,5,14454.151,4.177,3883711.208,0.804166667,19.86483333,0.252,1233,35.711361,51.234806,12,283.3,-0.00098902,0.5,0
12/30/2024 15:39,8.5,8.5,7.1,5.8,219210,13.56666667,49,32,48.85983333,32.83333333,8.628333333,1.760333333,75.83333333,62.66666667,2045.458333,14.5,847.5,3,21.33333333,5,14454.26233,-29.41683333,3887198.125,0.1355,19.43766667,0.252,1233,35.711601,51.2335625,12,283.315,-0.000639954,0,0.916666667
12/30/2024 15:39,10,10,8,6.6,242710,13.55,65,32.33333333,54.31666667,41.83333333,9.013166667,5.614666667,76,34.83333333,1157.125,14.5,838.5,3,21.33333333,4.833333333,14454.343,-1.604,3888923.833,0.594,19.34366667,0.252,1233,35.711771,51.2326815,12,282.995,-0.003926991,0,4.638888889
12/30/2024 15:39,9.1,9.1,7.1,5.6,207700,13.56666667,17,32.83333333,53.51416667,42.66666667,11.0595,11.89833333,75,25.16666667,2030.125,14.5,833,3,16,2.333333333,14454.38933,10.60416667,3893079.708,0.905,19.5725,0.252,1233,35.711851,51.23217,12,280.795,0.000610865,0,1.611111111
12/30/2024 15:39,8.9,8.9,7,5.7,209550,13.56666667,49,32.16666667,50.69833333,41.5,15.48633333,6.0715,73.33333333,34.5,2816.333333,14.5,834.5,3,21.33333333,2,14454.44217,-13.2395,3901000.375,0.664666667,19.55216667,0.252,1233,35.7119655,51.2315635,12,283.385,0.004276057,1.555555556,0
12/30/2024 15:39,16.8,16.8,14.1,11.2,410340,13.6,17,32,52.86233333,44.33333333,12.6975,15.7215,73.16666667,25.83333333,2143.25,14.5,827,3,10.66666667,2,14454.4895,18.40633333,3904073.875,1.155166667,18.66666667,0.252,1233,35.7120685,51.2310505,12,284.21,0.003141593,0,1.444444444
12/30/2024 15:40,16.8,16.8,12.3,8.4,278930,13.56666667,1,32.33333333,43.526,89.5,49.31783333,36.21883333,74.33333333,48.16666667,3429.083333,13.08333333,840.5,3,10.66666667,2.333333333,14454.54883,85.802,3918976,4.9315,20.51033333,0.252,1233,35.712194,51.230383,12,282.68,-0.005992297,3.722222222,0
12/30/2024 15:40,30.2,30,13.2,9,282980,13.58333333,97,32.16666667,46.45783333,34.83333333,10.261,0,76,49.33333333,2793.708333,14.5,859.5,3,24,3,14454.642,-26.5315,3941489.583,0.243666667,20.4585,0.252,1233,35.712387,51.2293245,12,282.655,0.000232711,0.194444444,0
12/30/2024 15:40,24.7,24.7,15.3,7,242560,13.53333333,1,32.33333333,45.74133333,94.16666667,43.49516667,36.7685,76.66666667,40.16666667,3301.75,13.31666667,866,3,10.66666667,2,14454.70183,85.65583333,3955174.333,5.468833333,21.71866667,0.252,1233,35.712511,51.2286775,12,283.645,0.000523599,0,1.527777778
12/30/2024 15:40,20.6,20.5,12,6.4,225160,13.58333333,1,32.5,39.79216667,64.5,29.1305,16.76583333,74.33333333,69,3269.5,13.81666667,885.5,3,18.66666667,4,14454.799,24.604,3984663.667,3.621666667,22.1355,0.252,1233,35.712719,51.227587,12,283.2,-0.000116355,4.805555556,0
12/30/2024 15:40,30.5,30.3,18.5,9.1,270770,13.56666667,49,32,45.009,32.33333333,9.130833333,2.455666667,75.33333333,65,2115.5,14.06666667,877,3,24,5,14454.91217,-33.12516667,3990662.875,0.274333333,19.6875,0.252,1233,35.7129535,51.2263065,12,282.78,0.000756309,0,0.666666667
12/30/2024 15:40,17.9,17.9,9.8,6.2,210900,13.56666667,1,32,46.86733333,85.83333333,32.88816667,23.28083333,76.33333333,63,2056.208333,14.03333333,866.5,3,10.66666667,5,14455.01433,66.354,3996932.875,2.022666667,17.5315,0.252,1233,35.7131655,51.2251625,12,282.785,-0.000843576,0,0.333333333
12/30/2024 15:40,17.3,17.3,11.9,8.9,322200,13.56666667,1,32,45.43683333,37,10.58383333,10.20466667,76.33333333,69.16666667,2258.208333,14.5,857,3,10.66666667,5,14455.127,3.750166667,4006658.208,0.7885,19.573,0.252,1233,35.713404,51.2239135,12,283.235,0.000145444,1.027777778,0
12/30/2024 15:40,22.3,22.3,14.9,9.6,340360,13.56666667,1,32,46.62116667,35.16666667,10.19916667,12.122,74.33333333,69,2257.708333,14.5,845,3,8,5,14455.24083,8.145833333,4011921.75,0.8825,19.688,0.252,1233,35.713646,51.2226275,12,283.15,0.001192642,0,0.027777778
12/30/2024 15:40,24,23.8,12.1,6.5,222960,13.58333333,1,32,46.46766667,35,9.9515,11.696,74,68,2214.208333,14.5,835.5,3,8,5,14455.3555,7.385333333,4017109.542,0.83,19.67733333,0.252,1233,35.71389,51.221359,12,283.425,0.001134464,0,0.166666667
12/30/2024 15:40,15,15,9.9,6,214410,13.58333333,33,32.16666667,48.899,33,8.2105,3.66,74.66666667,61.66666667,1990.5,14.13333333,826.5,3,16,5,14455.465,-12.24,4021571.75,0.4835,19.5835,0.252,1233,35.7141305,51.2201385,12,283.38,-0.002937971,0,1.055555556
12/30/2024 15:41,16.7,16.7,9.4,5.7,208500,13.56666667,33,32.66666667,55.7755,55.66666667,16.8535,16.11816667,75.83333333,27,1625.041667,14.5,821.5,3,16,2.833333333,14455.53717,32.16666667,4025180.083,1.3625,18.15616667,0.252,1233,35.7142715,51.219347,12,282.705,0.002588905,0,5.777777778
12/30/2024 15:41,16.2,16.2,10,7.2,267620,13.58333333,17,32,48.44216667,42.66666667,15.419,12.51666667,74.66666667,35.66666667,2961.708333,14.48333333,821.5,3,16,2,14455.58833,6.958666667,4034394.083,1.240666667,19.18733333,0.252,1233,35.7143805,51.218775,12,283.19,-0.000378155,1.444444444,0
12/30/2024 15:41,15.7,15.7,9.1,6.7,256820,13.55,33,32,48.765,42.33333333,11.664,11.319,73,27.5,2283.25,14.5,816,3,13.33333333,2,14455.64067,4.427,4038545.375,0.852666667,19.05183333,0.252,1233,35.714497,51.218189,12,283.7,-0.000523599,0,1.361111111
12/30/2024 15:41,17.9,17.8,12.8,10.5,398120,13.56666667,1,32,46.08566667,35.33333333,11.61216667,12.77866667,73.33333333,32.66666667,2714.916667,14.5,810,3,8,2,14455.69083,6.8855,4044963.542,1.036333333,19.96866667,0.252,1233,35.7146055,51.2176265,12,283.295,-0.000785398,0.861111111,0
12/30/2024 15:41,23.5,23.5,17.7,14,553160,13.56666667,1,32,45.25883333,33.5,12.27566667,13.458,74.5,37.16666667,3060.208333,14.5,806.5,3,8,2,14455.75,4.708166667,4051437.583,1.0895,20.3855,0.252,1233,35.7147275,51.2169725,12,282.955,0.000145444,0.75,0
12/30/2024 15:41,31.7,31.7,21.6,15.6,547640,13.55,1,32,45.5545,28.5,10.85483333,8.901666667,76.16666667,38.5,3183.208333,14.5,804,3,8,2,14455.81317,-4.427166667,4057559.417,0.919166667,21.22933333,0.252,1233,35.7148665,51.2162625,12,283.745,0.00221075,0.222222222,0
12/30/2024 15:41,26.4,26.4,16.5,12,455160,13.58333333,1,32,45.47216667,26,9.9215,7.801833333,75.83333333,38.5,3162.541667,14.5,801,3,8,2,14455.87767,-8.323,4062976.75,0.8555,21.583,0.252,1233,35.7150115,51.2155535,12,284.43,0.00346157,0,0
12/30/2024 15:41,38.5,38.5,23.1,11.5,357930,13.53333333,1,32.33333333,46.06716667,26.33333333,8.872833333,5.410166667,73.66666667,37.5,2665.041667,14.5,797.5,3,13.33333333,2.5,14455.94083,-10.03133333,4067768.75,0.780833333,20.8645,0.252,1233,35.7151565,51.2148475,12,283.895,-0.00346157,0,0.166666667
12/30/2024 15:41,60.8,53.8,19,9.7,305640,13.56666667,1,32,45.59033333,31.83333333,8.988833333,9.687666667,74,38,2159.291667,14.5,792.5,3,8,3,14456.00333,2.927,4071934.083,0.735,19.69816667,0.252,1233,35.7152885,51.2141475,12,282.92,-0.001803507,0.083333333,0
12/30/2024 15:41,18.7,18.7,10.3,7.3,245560,13.53333333,1,32,45.28183333,32,9.2995,9.872166667,75.16666667,40.16666667,2285.75,14.5,786.5,3,8,3,14456.06833,2.312333333,4076453.5,0.783833333,19.8435,0.252,1233,35.7154215,51.213421,12,282.485,-0.002647083,0.361111111,0
12/30/2024 15:42,29.1,29,12.2,6.6,219710,13.55,1,32,46.03083333,34.33333333,10.15483333,8.208666667,76.5,40.66666667,2300.208333,14.5,780.5,3,13.33333333,3,14456.13533,-6.406166667,4080583.208,0.677,19.67716667,0.252,1233,35.715555,51.212662,12,282.545,0.003665191,0.083333333,0
12/30/2024 15:42,33.5,33.4,14.4,6.3,202350,13.55,1,32,45.87666667,33.5,9.879333333,7.3375,75.5,42.16666667,2390.833333,14.5,774.5,3,13.33333333,3,14456.20517,-9.062666667,4085268.208,0.591333333,19.875,0.252,1233,35.715708,51.211893,12,283.57,-0.002443461,0.25,0
12/30/2024 15:42,28.1,28.1,15.8,7.6,238960,13.53333333,1,32,46.84983333,26,7.610166667,5.164,73.16666667,41,2336.833333,14.5,768.5,3,8,3,14456.2735,-7.281333333,4088889.875,0.674666667,20.55166667,0.252,1233,35.7158525,51.2111205,12,283.175,0.002268928,0,0.194444444
12/30/2024 15:42,27.4,26.8,11.4,6.4,213310,13.53333333,17,32,41.193,125.6666667,72.3705,61.04083333,73.66666667,64.66666667,3678.083333,12.1,807.5,3,13.33333333,3,14456.35467,114.5935,4118470.458,7.874833333,25.19783333,0.252,1233,35.716028,51.210205,12,283.28,-0.000145444,3.944444444,0
12/30/2024 15:42,37.4,34.6,8.2,5.2,187950,13.55,1,32.33333333,41.87766667,30.16666667,9.6625,0,75.5,77.33333333,2817.666667,14.41666667,828,3,24,4.666666667,14456.47983,-30.90616667,4143699.125,0.340333333,20.5,0.252,1233,35.716297,51.2088055,12,283.345,0.000319977,2.111111111,0
12/30/2024 15:42,14.1,14.1,7.9,5.3,195600,13.56666667,1,32,45.44233333,32,9.403166667,0,76.83333333,71.5,2338.041667,14.5,819,3,24,5,14456.6035,-36.57266667,4144064.25,0,19.81216667,0.252,1233,35.716557,51.207426,12,282.94,-0.00148353,0,0.972222222
12/30/2024 15:42,11.6,11.6,6.9,5,185850,13.56666667,33,32,48.27533333,31.83333333,8.715,0,74.33333333,65.16666667,2121.583333,14.5,810,3,24,5,14456.71683,-36.4375,4144064.25,0,19.63533333,0.252,1233,35.7167915,51.2061575,12,282.615,-0.002298017,0,1.055555556
12/30/2024 15:42,29.4,21.7,6.6,4.8,178550,13.58333333,1,32,47.17466667,53,22.05483333,23.51233333,73,61.33333333,2002.291667,14.25,802.5,3,18.66666667,5,14456.8195,41.50016667,4145929.333,1.785,17.57266667,0.252,1233,35.7169855,51.204996,12,281.765,0.001599885,0,0.638888889
12/30/2024 15:42,20.5,20.2,9.8,5.9,206950,13.6,1,32,41.74283333,83.83333333,31.6315,20.141,73.16666667,74.16666667,2428.541667,12.93333333,815,3,16,5,14456.93283,53.229,4165457.083,3.637,20.16683333,0.252,1233,35.717224,51.203739,12,283.345,0.002530727,2.138888889,0
12/30/2024 15:42,27.7,27.5,12.5,7,232660,13.6,1,32,43.049,35.83333333,10.81733333,12.53566667,74.33333333,76.66666667,2496.5,14.5,809,3,8,5,14457.0585,7.218833333,4173778.167,0.996666667,19.82283333,0.252,1233,35.717489,51.2023315,12,282.96,-0.001047198,0.416666667,0
12/30/2024 15:43,37.7,35.8,17.2,7.2,225510,13.6,1,32,45.23466667,30.33333333,9.163666667,9.079166667,75.66666667,76.16666667,2483.958333,14.5,802.5,3,8,5,14457.18483,-1.135333333,4178935.917,0.792166667,20.21866667,0.252,1233,35.71776,51.2009165,12,283.27,0,0,0.083333333
12/30/2024 15:43,56,56,25.7,8.8,236860,13.6,27.66666667,32,47.16866667,31.66666667,9.3795,4.757833333,76.66666667,74,2414.541667,14.5,796,3,16,5,14457.3105,-18.35416667,4183333.083,0.404166667,19.96883333,0.252,1233,35.7180195,51.199516,12,282.9,0.000523599,0,0.361111111
12/30/2024 15:43,54.3,54.3,22.9,8.9,266770,13.56666667,49,32.33333333,52.1145,33,8.015333333,5.711333333,73.66666667,54,1838.708333,13.88333333,789,3,21.33333333,4.5,14457.42183,-14.97916667,4186420.042,0.723,19.75016667,0.252,1233,35.7182505,51.1982785,12,282.85,-0.001018109,0,3.333333333
12/30/2024 15:43,46.4,46.1,15.5,6.5,206600,13.56666667,1,32.33333333,52.0435,39.5,8.524333333,2.732833333,73,23.33333333,1791.333333,14.46666667,784.5,3,16,2.333333333,14457.4785,-4.979,4189752.208,0.479833333,19.406,0.252,1233,35.718363,51.197653,12,282.5,0.00122173,0,5.111111111
12/30/2024 15:43,22,21.7,10,5.7,199050,13.58333333,33,32.66666667,50.3265,42.5,9.986,11.98066667,73,12.66666667,1749.583333,14.06666667,782,3,16,1.166666667,14457.50933,14.177,4194276,1.003333333,18.9375,0.252,1233,35.7184275,51.197319,12,283.72,0.002679374,0,1.777777778
12/30/2024 15:43,27,26.2,13.9,6.1,201850,13.58333333,1,32.33333333,44.72133333,55.66666667,17.66416667,20.747,74.16666667,27.16666667,2551,14.25,785,3,13.33333333,1.666666667,14457.54017,35.83333333,4201875.917,1.6595,18.12466667,0.252,1233,35.7185005,51.196968,12,284.555,0.003781547,2.416666667,0
12/30/2024 15:43,33.6,31.3,14.9,6.4,197650,13.55,1,32.16666667,37.6755,121.5,56.84266667,46.70983333,75.33333333,54,3858.583333,12.35,831.5,3,8,2.333333333,14457.60733,133.4061667,4222528.25,9.6385,24.14583333,0.252,1233,35.7186395,51.196209,12,282.205,-0.008811962,4.472222222,0
12/30/2024 15:43,164.4,164,90,18.7,393720,13.55,1,32.33333333,33.97533333,29.83333333,8.644333333,7.000833333,77.66666667,75.5,2912.625,14.11666667,859,3,13.33333333,4.666666667,14457.72,-12.48933333,4260750.917,0.696166667,20.94816667,0.252,1233,35.7188795,51.194939,12,283.31,0.002850704,3.583333333,0
12/30/2024 15:43,257.3,254.3,78.3,21,439930,13.58333333,1,32,39.39016667,49.5,14.236,19.3435,75.5,74,2421.583333,14.5,848,3,8,5,14457.84317,29.68766667,4267705.167,1.396833333,18.53116667,0.252,1233,35.7191505,51.1935675,12,283.73,0.000581776,0,0.25
12/30/2024 15:43,138.2,130.1,38.5,14.2,333060,13.58333333,1,32,42.29166667,43.66666667,12.80816667,17.10733333,74,74,2413.833333,14.5,838.5,3,8,5,14457.96567,20.68733333,4275310.333,1.219,19.14566667,0.252,1233,35.719412,51.192192,12,282.9,-0.003228859,0,0
12/30/2024 15:44,32.7,32.7,19.9,10.4,329200,13.58333333,17,32,44.34333333,40,11.70166667,11.61666667,74.66666667,73.16666667,2385.75,14.5,829.5,3,13.33333333,5,14458.08867,2.146,4282419.917,0.810833333,19.33333333,0.252,1233,35.7196445,51.190817,12,280.815,-0.010995574,0,0.138888889
12/30/2024 15:44,18.5,18.5,10.3,6.4,209450,13.5,97,32,50.49433333,33.83333333,6.960333333,0,76,52.83333333,1727.375,14.06666667,821,3,24,5,14458.1965,-33.31233333,4284427.417,0.075666667,19.41683333,0.252,1233,35.719818,51.1895905,12,280.69,0.008115781,0,3.388888889
12/30/2024 15:44,38.8,38.8,22.7,9.9,301090,13.53333333,49,32.33333333,52.80383333,38.33333333,7.291333333,6.766833333,76,23.66666667,1180.041667,14.25,815.5,3,21.33333333,3.333333333,14458.2565,-4.687666667,4285922.083,0.6825,19.56216667,0.252,1233,35.719906,51.18894,12,274.57,-0.041626103,0,4.861111111
12/30/2024 15:44,30.7,28.9,14.9,9,293280,13.53333333,17,32.16666667,57.99233333,37.83333333,11.6345,1.151,74,19,2722.25,13.81666667,816,3,21.33333333,1.166666667,14458.29233,-21.6665,4290539.333,0.673333333,19.9895,0.252,1233,35.7197135,51.1887895,12,177.7,-0.351858377,0,0.777777778
12/30/2024 15:44,32.9,32.7,15.5,8.2,265020,13.53333333,1,32.33333333,50.29183333,92.83333333,49.273,37.13133333,72.83333333,42,3551.708333,13.41666667,839.5,3,10.66666667,2,14458.337,90.0625,4308922.75,4.783666667,20.78116667,0.252,1233,35.719574,51.1892565,12,103.79,-0.123947466,3.833333333,0
12/30/2024 15:44,35.7,35.5,18.4,9.6,304240,13.51666667,65,32.33333333,48.32283333,44,16.24966667,8.627833333,73.5,51.5,2707.875,13.53333333,863,3,21.33333333,3.5,14458.42583,0.781333333,4329507,1.06,19.82283333,0.252,1233,35.7193665,51.190273,12,104.31,0.002414372,1.583333333,0
12/30/2024 15:44,42,40.2,18.9,10.3,323950,13.6,17,32.33333333,50.02133333,64.5,24.79616667,24.63366667,75.16666667,25.66666667,2005.791667,13.95,858.5,3,13.33333333,2.166666667,14458.47983,50.82283333,4336220,2.0425,18.46883333,0.252,1233,35.719244,51.190876,12,103.445,-0.005206899,0,4.305555556
12/30/2024 15:44,21.2,20.6,9.5,6.8,252870,13.58333333,1,32.33333333,39.0165,72.66666667,33.364,26.34466667,76.5,52.66666667,3838.583333,13.8,872.5,3,13.33333333,2.333333333,14458.54117,57.375,4357234.25,4.625333333,22.11483333,0.252,1233,35.719103,51.191618,12,103.22,0.000930842,4.5,0
12/30/2024 15:44,11.8,11.8,8.1,7.1,269070,13.56666667,97,32,42.04766667,32.5,11.383,0,74.83333333,57.16666667,3224.833333,14.5,879,3,24,3,14458.63917,-37.53133333,4372180.5,0,20.84383333,0.252,1233,35.7188835,51.1927165,12,104.07,0.003025237,0.75,0
12/30/2024 15:44,15.8,15.8,10.4,7.6,272720,13.56666667,33,32,43.19916667,67.66666667,41.136,16.48216667,74,53.66666667,3032.708333,13.93333333,875,3,18.66666667,3,14458.7265,29.0935,4382084.417,2.333166667,20.073,0.252,1233,35.7186855,51.193676,12,104.295,0.000378155,0,0.583333333
12/30/2024 15:45,30.1,30.1,16.6,7.4,236560,13.56666667,65,32,50.17783333,54.66666667,29.87283333,14.70583333,75.16666667,33.16666667,1868.125,14.5,868,3,18.66666667,3,14458.8065,5.478833333,4389611.5,0.750166667,17.6875,0.252,1233,35.718519,51.1945305,12,103.235,-0.002588905,0,3.416666667
12/30/2024 15:45,105.3,105.2,45.5,14.6,339760,13.56666667,1,32,41.885,129.6666667,71.5655,58.665,76,52.66666667,2978.833333,12.31666667,868.5,3,13.33333333,3,14458.86583,115.802,4414688.583,6.193333333,22.41666667,0.252,1233,35.7183835,51.1952155,12,103.83,0.00346157,3.25,0
12/30/2024 15:45,47.8,47.8,22.7,10.4,298480,13.6,1,32,41.779,32,12.59966667,3.903166667,74.33333333,63.16666667,3575.958333,14.5,871.5,3,18.66666667,3,14458.96867,-25.56233333,4434994.583,0.392833333,21.4895,0.252,1233,35.718159,51.196371,12,103.24,-0.003054326,1.75,0
12/30/2024 15:45,22,22,12.2,7.5,247110,13.58333333,17,32.16666667,45.06466667,34,12.602,5.897166667,74.16666667,57.16666667,3243.5,14.33333333,865.5,3,18.66666667,3,14459.069,-10.91666667,4438154.083,0.837,20.55183333,0.252,1233,35.717949,51.197485,12,102.905,-0.001832596,0,1
12/30/2024 15:45,26.3,26.3,15.9,8.5,254370,13.6,1,33,45.9815,25.33333333,11.21933333,3.928666667,75,52.66666667,3565.75,14.5,859.5,3,24,2.166666667,14459.16017,-16.56266667,4443475,0.985,22.0835,0.252,1233,35.71776,51.1985015,12,103.075,0.002036217,0,0.75
12/30/2024 15:45,50,49.9,20.1,10.2,308840,13.58333333,49,32.33333333,46.9555,29.83333333,9.702666667,0,75.66666667,46.16666667,2748.833333,14.5,855,3,24,2.833333333,14459.2435,-31.8645,4447854.833,0.2745,20.62466667,0.252,1233,35.717583,51.199438,12,103.025,-0.000872665,0,1.083333333
12/30/2024 15:45,16.2,15.6,7.6,6.3,229810,13.6,1,32,48.281,34.83333333,9.257333333,6.865666667,74.33333333,36.33333333,2072.625,14.46666667,846,3,13.33333333,3,14459.31117,-5.6665,4449678.083,0.576666667,19.70833333,0.252,1233,35.7174435,51.200184,12,102.985,0.000319977,0,1.638888889
12/30/2024 15:45,8.7,8.7,6.5,4.7,178700,13.6,1,32,44.06483333,77,33.38916667,31.282,73.66666667,43.16666667,2460.916667,14.48333333,841.5,3,8,3,14459.375,79.81283333,4458153.417,2.697833333,16.70833333,0.252,1233,35.71731,51.2008915,12,102.88,-0.00270526,1.138888889,0
12/30/2024 15:45,19.4,18.7,9.6,5.4,189850,13.61666667,1,32.5,42.02766667,47.5,16.30233333,6.262166667,74.33333333,59.5,2935.75,14.01666667,860,3,18.66666667,3.5,14459.46167,7.156166667,4474671.5,1.338666667,19.79133333,0.252,1233,35.7171215,51.2018875,12,103.31,0.00270526,2.722222222,0
12/30/2024 15:45,34.6,33.8,15.3,9.8,298580,13.6,33,32,45.54666667,33.16666667,9.3765,2.165666667,75.5,52.66666667,2198.25,14.5,856.5,3,21.33333333,4,14459.5565,-28.854,4478311.583,0.159666667,19.646,0.252,1233,35.7169245,51.202942,12,102.925,-0.000378155,0,1.138888889
12/30/2024 15:46,16.1,15.4,7,4.7,175400,13.58333333,33,32.33333333,53.08183333,41.66666667,11.021,7.0185,75.33333333,32.16666667,1490.875,14.06666667,846.5,3,21.33333333,3.833333333,14459.62883,-10.2395,4478697.75,0.445333333,18.73983333,0.252,1233,35.716776,51.2037315,12,102.725,-0.002879793,0,3.416666667
12/30/2024 15:46,17.8,17.8,10.5,6.3,206750,13.55,17,32,44.21783333,137,85.14983333,70.14883333,74.16666667,46.66666667,2660.916667,12.21666667,852.5,3,10.66666667,3,14459.6855,135.7816667,4498250.75,6.9535,21.073,0.252,1233,35.716654,51.2043705,12,103.54,0.004625123,2.416666667,0
12/30/2024 15:46,30.4,30.3,15,8.8,276870,13.58333333,17,32,44.46216667,74.66666667,36.369,25.52383333,73.66666667,52.83333333,2996.458333,13.78333333,863.5,3,16,3,14459.77417,46.90633333,4525113.167,3.405,19.78133333,0.252,1233,35.716463,51.205368,12,102.765,-0.005614142,1.027777778,0
12/30/2024 15:46,25.3,25.3,16.9,7.3,226210,13.55,65,32.5,47.972,42.16666667,10.35766667,2.7415,74.83333333,45.5,2688.875,14.31666667,870.5,3,21.33333333,3,14459.86267,-13.104,4550119.5,0.437,20.71883333,0.252,1233,35.71628,51.206352,12,103.155,0.003287037,0,1.222222222
12/30/2024 15:46,13.1,13,6.5,5.9,210450,13.55,1,32.33333333,43.4805,86,41.3345,35.45033333,75.83333333,48.66666667,3898,13.51666667,881,3,10.66666667,2.166666667,14459.929,78.21883333,4568916.667,5.300166667,21.77083333,0.252,1233,35.716135,51.2070885,12,103.8,0.001512619,0.527777778,0
12/30/2024 15:46,39.9,16.3,10,7.4,247210,13.56666667,1,32.33333333,38.323,64.5,24.19916667,17.35883333,74.16666667,67.66666667,2954.416667,13.51666667,894.5,3,13.33333333,4,14460.02867,21.42733333,4596060.333,3.047,21.45833333,0.252,1233,35.715918,51.2082275,12,103.23,0.000290888,3.166666667,0
12/30/2024 15:46,28.5,28.4,14.6,8.8,281180,13.6,1,32,40.52816667,96.16666667,33.678,32.902,75.33333333,70.66666667,2298.541667,14.23333333,884,3,8,5,14460.142,99.354,4608517.583,3.063333333,17.80216667,0.252,1233,35.715675,51.20949,12,103.16,-0.002065306,0.5,0
12/30/2024 15:46,18.5,18.4,9.5,5.8,205650,13.58333333,1,32,40.44716667,46.16666667,14.00783333,19.2485,76,77.16666667,2514.25,14.5,874,3,10.66666667,5,14460.2655,26.05233333,4623535.583,1.300833333,18.65633333,0.252,1233,35.71541,51.2108805,12,103.2,-5.82E-05,1.083333333,0
12/30/2024 15:46,10.5,10.5,6.4,4.9,180600,13.61666667,1,32,41.71866667,48,14.24116667,19.4055,74.83333333,77,2508.291667,14.5,862.5,3,8,5,14460.39317,27.3645,4631750,1.3735,18.57266667,0.252,1233,35.715143,51.212301,12,103.085,0.000581776,0,0.027777778
12/30/2024 15:46,9.5,9.5,6.6,4.6,168050,13.6,33,32,44.25283333,45,15.1035,10.90233333,74.83333333,73,2380,14.5,853.5,3,16,5,14460.52017,3.520666667,4638258.75,0.8575,18.81266667,0.252,1233,35.714884,51.2137125,12,102.44,-0.003345214,0,0.666666667
12/30/2024 15:47,7.5,7.5,5.5,4.7,175500,13.58333333,1,32,45.0935,62.33333333,25.07333333,17.90266667,75,71.5,2329.583333,13.51666667,846,3,16,5,14460.63733,41.48933333,4646390.917,1.683333333,17.6145,0.252,1233,35.714642,51.215027,12,103.005,0.002588905,0,0.25
12/30/2024 15:47,10.4,10.3,6.7,5.5,195650,13.58333333,17,32,46.67133333,37.5,10.01483333,0.118,75,72,2357.25,14.5,839.5,3,18.66666667,5,14460.7585,-20.7605,4654625.833,0.2625,19.5415,0.252,1233,35.714388,51.2163905,12,103.09,0.00197804,0.083333333,0
12/30/2024 15:47,17.1,17.1,11.9,6.5,212560,13.56666667,17,32.66666667,51.33366667,53,16.906,15.87983333,74.16666667,41,2045.333333,13.81666667,834.5,3,16,3.5,14460.85083,9.510666667,4657932.833,1.012,18.85416667,0.252,1233,35.714199,51.217396,12,102.795,-0.002007129,0,5.166666667
12/30/2024 15:47,11.8,11.8,5.6,4.7,170450,13.53333333,1,32.33333333,44.1835,126.8333333,68.00266667,41.52066667,74,61,3850.625,12.28333333,856.5,3,10.66666667,2.666666667,14460.92967,126.6353333,4683426,8.790333333,25.21866667,0.252,1233,35.7140275,51.218294,12,103.44,0.003228859,3.333333333,0
12/30/2024 15:47,9.5,9.5,7.5,5,176600,13.53333333,81,32.5,44.4915,32.16666667,12.6995,0,75.16666667,69.66666667,3603.916667,14.5,876,3,21.33333333,3.166666667,14461.04817,-19.93766667,4714129.75,0.881166667,21.5835,0.252,1233,35.713766,51.219629,12,103.43,-0.001774418,1.444444444,0
12/30/2024 15:47,14.1,14.1,8.8,5,171450,13.55,33,32.83333333,47.49666667,32.83333333,9.670166667,1.5665,75.83333333,45.66666667,3046.625,14.5,871.5,3,21.33333333,2.5,14461.14183,-24.39583333,4718648.417,0.674,21.29166667,0.252,1233,35.713562,51.2206595,12,104.095,0.003897902,0,4
12/30/2024 15:47,25.5,25.5,14.8,8.4,255620,13.56666667,1,32.66666667,46.0655,40.33333333,13.22866667,12.60616667,74.16666667,39.5,2572.791667,14.16666667,866.5,3,16,2.666666667,14461.21167,3.625,4724583.667,1.276166667,19.448,0.252,1233,35.7134155,51.221424,12,102.615,-0.006952228,0,1.027777778
12/30/2024 15:47,14.8,14.8,8.2,5.4,189650,13.6,1,33,44.24483333,33.5,9.7075,10.06066667,74.16666667,40.16666667,3227.041667,14.48333333,861,3,16,2,14461.27933,-10.66683333,4731367.167,0.863,21.104,0.252,1233,35.713272,51.222172,12,103.415,0.001599885,0.111111111,0
12/30/2024 15:47,13.3,13.3,9.8,6.3,204950,13.6,49,32,43.4395,38,10.28333333,6.477833333,75.5,35.83333333,2051.625,14.5,856,3,18.66666667,3,14461.343,-12.08333333,4736640.5,0.5925,19.03133333,0.252,1233,35.7131305,51.2229,12,103.44,2.91E-05,0,0.722222222
12/30/2024 15:47,18.3,18.3,13,7,230210,13.6,1,32,42.38633333,54,19.0125,22.15283333,76,32.5,1878.666667,14.16666667,845.5,3,16,3,14461.39783,32.02083333,4740440.417,1.649833333,17.51033333,0.252,1233,35.7130185,51.223511,12,102.905,0.002065306,0,0.555555556
12/30/2024 15:48,21.9,20.1,11.1,6.6,214710,13.53333333,33,32,34.353,134.1666667,69.599,49.45416667,74.33333333,59.83333333,3396.166667,11.95,860.5,3,13.33333333,3,14461.4675,117.3335,4773355.25,8.369166667,24.94783333,0.252,1233,35.712856,51.2243465,12,103.53,0.001628974,4.555555556,0
12/30/2024 15:48,28,28,19.1,8.6,264470,13.56666667,49,32,43.256,82.66666667,46.88883333,24.30683333,74.33333333,52.16666667,2968.541667,13.48333333,866,3,16,3,14461.5665,55.9895,4795946.083,3.705,20.26033333,0.252,1233,35.7126615,51.225431,12,101.44,-0.010384709,0,1.277777778
12/30/2024 15:48,35.6,35.5,18.4,9.8,310890,13.58333333,49,32,38.57916667,45,12.89983333,0,75.66666667,56.33333333,3177,14.41666667,874.5,3,21.33333333,3,14461.66083,-12.70833333,4820608.417,0.5245,20.9895,0.252,1233,35.712486,51.2265015,12,101.875,0.005526876,0.694444444,0
12/30/2024 15:48,29.8,29.7,18.2,8.5,253220,13.53333333,1,32,36.17783333,146.8333333,85.486,85.914,75.66666667,60.16666667,3426.666667,11.18333333,880,3,10.66666667,3,14461.74617,149.4898333,4844421.417,11.36966667,27.3335,0.252,1233,35.712307,51.227457,12,103.185,0.00221075,0.638888889,0
12/30/2024 15:48,22.8,22.6,13.2,9,279780,13.56666667,49,32.33333333,35.906,43.66666667,12.97933333,0,75.33333333,85.5,3426.541667,13.98333333,899.5,3,24,4.333333333,14461.871,-11.6355,4897680.667,1.132166667,22.4165,0.252,1233,35.7120305,51.2289065,12,103.155,-0.000843576,4.222222222,0
12/30/2024 15:48,49.4,49.2,27.4,10.5,274770,13.6,1,32,39.85966667,52.5,22.05433333,0,76,80.5,2627.5,14.41666667,890,3,21.33333333,5,14462.00983,10.73933333,4906138.333,1.250833333,18.698,0.252,1233,35.7117445,51.2304325,12,102.98,-0.000232711,0,0.833333333
12/30/2024 15:48,25.9,25.9,10.4,6.2,198250,13.6,17,32,41.999,61,21.409,14.97033333,75.5,77.16666667,2521.25,14.4,880,3,18.66666667,5,14462.13983,22.04166667,4914122.833,1.487,18.9375,0.252,1233,35.7114525,51.2318805,12,104.205,0.002763438,0,0.555555556
12/30/2024 15:48,18,18,10.4,6.6,221710,13.6,1,32,43.465,33.5,9.631166667,2.694666667,75,69.16666667,2253.333333,14.28333333,869,3,21.33333333,5,14462.263,-25.72916667,4918093.333,0.228166667,19.68766667,0.252,1233,35.7112105,51.23324,12,101.865,-0.005410521,0,1.333333333
12/30/2024 15:48,92.7,92,45.8,17.1,447800,13.6,1,32,43.15916667,71.83333333,21.3805,26.461,75,68.5,2245.125,14.5,858.5,3,8,5,14462.37433,67.40633333,4925904.083,2.043166667,16.69783333,0.252,1233,35.710989,51.2344935,12,102.47,0.002298017,0,0.111111111
12/30/2024 15:48,26.5,26.4,9.8,5.9,198050,13.56666667,1,32,42.115,47.33333333,13.4145,13.88233333,75,72.83333333,2368.583333,14.5,847.5,3,10.66666667,5,14462.492,18.875,4936443.083,1.098333333,18.69783333,0.252,1233,35.710737,51.2358185,12,103.42,0.002821616,0.722222222,0
12/30/2024 15:49,10,10,7,4.8,181000,13.55,81,32.33333333,48.98416667,31,7.126833333,0,74.83333333,56.66666667,1834.458333,13.9,839,3,24,4.666666667,14462.60483,-29.39566667,4939659,0.229333333,19.68766667,0.252,1233,35.710495,51.2370565,12,103.485,-0.000552688,0,2.694444444
12/30/2024 15:49,14,14,9,5.6,196800,13.55,49,33,52.66033333,34,15.66533333,5.303,74,34.83333333,2631.666667,14.5,837,3,21.33333333,2.5,14462.68233,-7.093666667,4943572.667,1.2175,20.75016667,0.252,1233,35.7103465,51.2378745,12,102.095,-0.004712389,0,3.638888889
12/30/2024 15:49,15.3,15.3,8.2,5.2,192600,13.5,97,33,55.437,30.33333333,2.849833333,0,74,6.333333333,898.25,14.5,834,3,24,5.5,14462.71833,-13.64566667,4946223,0.274,21.125,0.252,1233,35.710291,51.238237,12,98.385,-0.015242542,0,4.75
12/30/2024 15:49,8.6,8.6,6.2,4.7,175200,13.5,81,33,51.346,33.83333333,4.118666667,1.757833333,74.83333333,0,948,14.5,830.5,3,21.33333333,13,14462.723,-12.8855,4948014.25,0.3785,20.66666667,0.252,1233,35.710291,51.238258,12,48.345,-0.281259809,0,1.055555556
12/30/2024 15:49,17.7,17.7,12,6.5,214810,13.53333333,1,32.5,46.635,40,9.022833333,11.07433333,75,7.333333333,1821.708333,14.5,824.5,3,8,3,14462.72483,8.989833333,4951547.417,0.736166667,19.13533333,0.252,1233,35.7102835,51.238306,12,110.615,0.289753745,1.222222222,0
12/30/2024 15:49,16.6,16.6,8.6,5.9,200550,13.6,1,32.83333333,45.1655,29.16666667,4.921833333,1.387166667,74.5,14.83333333,1489.708333,14.5,817.5,3,18.66666667,1.833333333,14462.74533,-14.9685,4955159.25,0.3335,19.94783333,0.252,1233,35.7102395,51.2385615,12,103.1,0.016115207,1.25,0
12/30/2024 15:49,15.1,15.1,9.9,7.5,250410,13.56666667,33,32,46.06833333,28.5,4.029833333,0,74,15,1235.375,14.5,814.5,3,21.33333333,2,14462.7715,-18.719,4957645,0.353333333,20.37483333,0.252,1233,35.710184,51.2388515,12,102.525,-0.008784824,0.027777778,0
12/30/2024 15:49,15.8,15.8,10.6,7.4,239860,13.55,17,32.16666667,46.59533333,30.83333333,3.112,0,73.5,10.66666667,914.375,14.5,812,3,24,2,14462.793,-11.51033333,4959399.083,0.279166667,21.07283333,0.252,1233,35.710144,51.2390825,12,101.615,-0.0049451,0,0.722222222
12/30/2024 15:49,50.4,50.4,34.1,20.1,578100,13.56666667,33,33,46.8895,31.83333333,3.946666667,2.419,74,7.666666667,1031.75,14.5,809,3,24,1,14462.80867,-12.40633333,4961277.917,0.337666667,20.6875,0.252,1233,35.7101135,51.2392615,12,102.74,0.008901179,0,0.5
12/30/2024 15:49,62.9,62.1,33.3,15,431520,13.53333333,17,33,47.2395,33,4.219166667,2.416,74.66666667,8.666666667,1187.958333,14.5,805,3,16,1.5,14462.82133,-6.3855,4963641.583,0.373166667,20.31283333,0.252,1233,35.7100865,51.2394085,12,102.4,-0.004363323,0.166666667,0
12/30/2024 15:50,123.3,113.1,67.6,21.5,402130,13.21666667,17,33,49.167,41.16666667,3.6355,3.696666667,75,5,807.2916667,14.5,800.5,3,13.33333333,1.5,14462.83333,5.0415,4965680.333,0.3355,19.65633333,0.252,1233,35.710068,51.2395345,12,99.91,-0.001803507,0,0.611111111
12/30/2024 15:50,43.2,41.4,15,7.4,218360,13.53333333,49,32,46.96216667,43.5,4.8945,0,75,10.16666667,875.3333333,14.5,793.5,3,24,2,14462.84717,7.583333333,4967781.5,0.421,19.854,0.252,1233,35.7100315,51.239685,12,106.83,0.003141593,0.861111111,0
12/30/2024 15:50,32,31.9,15.8,7.9,233710,13.51666667,49,32.5,46.45816667,37.5,4.729666667,0,75,9.333333333,1022.125,14.5,786,3,24,1.5,14462.86433,-4.447666667,4970382.667,0.363833333,20.0835,0.252,1233,35.7099935,51.239897,12,103.195,0.007097672,0,0.138888889
12/30/2024 15:50,26.5,26.5,14.2,8.1,234710,13.56666667,1,32.83333333,45.67566667,36,6.2495,9.305333333,74.16666667,9.333333333,1307.875,14.5,781,3,10.66666667,1.333333333,14462.87967,8.146,4972886.583,0.548666667,19.30216667,0.252,1233,35.7099645,51.240051,12,102.175,-0.010297443,0,0
12/30/2024 15:50,45.1,45.1,22.7,10.1,285080,13.58333333,1,32,44.44283333,42.5,8.2635,8.834666667,73,17.83333333,1489.041667,14.5,772.5,3,13.33333333,2,14462.90167,8.906,4976342.583,0.609666667,18.54183333,0.252,1233,35.709919,51.24032,12,101.9,0.00224112,1.416666667,0
12/30/2024 15:50,24.4,24.4,11.3,6.8,225310,13.56666667,17,32,47.53,33.16666667,5.030666667,0,73,14.66666667,1235.958333,14.15,766.5,3,24,2,14462.9325,-25.927,4978583.083,0.176,20.04183333,0.252,1233,35.7098595,51.24065,12,103.195,0.006486807,0,0.527777778
12/30/2024 15:50,9.9,9.9,7.5,6.1,213960,13.58333333,17,33,47.57516667,32,7.0955,5.809,73.16666667,9,1068.791667,14.5,763.5,3,18.66666667,1.333333333,14462.95167,2.729166667,4980388.833,0.597,19.90616667,0.252,1233,35.7098195,51.2408695,12,102.225,-0.004363323,0,0.944444444
12/30/2024 15:50,10,10,7.2,5.4,200650,13.56666667,1,32.5,42.63133333,46,11.62133333,13.06616667,74,17.5,1955.583333,14.5,763.5,3,13.33333333,1.5,14462.972,15.24983333,4985091.583,0.979,18.23966667,0.252,1233,35.709772,51.241102,12,103.985,-0.006690429,1.416666667,0
12/30/2024 15:50,9.9,9.9,7.5,6.4,244560,13.58333333,1,32.16666667,41.66666667,50.33333333,18.47716667,14.414,74.83333333,31,2444.083333,13.98333333,766.5,3,16,2,14463.011,21.8125,4992349.5,1.3215,18.47916667,0.252,1233,35.7096885,51.241556,12,103.18,0.005730498,2.25,0
12/30/2024 15:50,11.6,11.6,7.3,4.7,176400,13.58333333,1,32.5,43.32583333,33.33333333,11.921,11.72366667,75.83333333,33.33333333,2976.208333,14.43333333,768,3,13.33333333,1.833333333,14463.06567,-3.666666667,4998468.833,1.1495,20.46866667,0.252,1233,35.70957,51.242174,12,103.355,0.000639954,0.388888889,0
12/30/2024 15:51,14,13.8,8.5,6.5,220110,13.6,1,32,43.122,39.66666667,13.84366667,13.51883333,74.16666667,36.5,2986.5,14.5,768,3,10.66666667,2,14463.123,8.177166667,5004973.167,1.154,19.69816667,0.252,1233,35.7094515,51.2428225,12,102.815,0.001599885,0.527777778,0
12/30/2024 15:51,10.3,10.3,7.3,6.3,211760,13.58333333,1,33,44.03666667,25.5,10.533,7.512,73,38.33333333,3596.583333,14.5,767,3,10.66666667,1.666666667,14463.18683,-11.27083333,5011885.333,0.898666667,22.52083333,0.252,1233,35.7093185,51.2435345,12,102.85,-0.001279908,0.305555556,0
12/30/2024 15:51,10.4,10.3,5.9,4.7,168400,13.58333333,1,32.33333333,44.036,37.83333333,14.83216667,13.83883333,73.83333333,38.66666667,3360.791667,14.5,765.5,3,8,2,14463.24933,12.22916667,5018407.583,1.362333333,20.40616667,0.252,1233,35.7091865,51.2442305,12,103.3,0.001774418,0.055555556,0
12/30/2024 15:51,8,8,6.9,6.1,208750,13.6,17,32.33333333,43.139,44.5,14.89916667,9.633333333,75.33333333,45.66666667,2299.375,14.5,771.5,3,16,3.5,14463.31967,3.396,5026855.833,0.922333333,18.78116667,0.252,1233,35.709038,51.2450275,12,102.88,-0.000581776,1.166666667,0
12/30/2024 15:51,8.9,8.9,6.7,5.7,199750,13.55,97,32.33333333,47.684,33.66666667,5.624,0,76.83333333,31.83333333,1344.333333,13.75,767.5,3,24,3.833333333,14463.38867,-27.16633333,5029092.75,0.170833333,19.7395,0.252,1233,35.708893,51.2458055,12,102.69,-0.002327106,0,2.305555556
12/30/2024 15:51,9.3,9.3,7,5.2,183100,13.6,17,32.83333333,50.52833333,38,6.106333333,7.365833333,77,13.5,1185.583333,14.5,763.5,3,16,2,14463.424,4.728833333,5030928.25,0.609166667,19.61466667,0.252,1233,35.708828,51.246178,12,102.095,0.000174533,0,3.055555556
12/30/2024 15:51,9.9,9.9,5.9,5.2,182200,13.58333333,1,32,46.99716667,33.33333333,6.134166667,4.736333333,74.5,16.83333333,1426.333333,13.91666667,757.5,3,10.66666667,2,14463.44983,-1.114666667,5034397.667,0.475,19.35433333,0.252,1233,35.7087745,51.2464635,12,103.335,0.004334234,0.555555556,0
12/30/2024 15:51,9.7,9.7,5.6,4.3,156400,13.58333333,1,32,45.33266667,30,5.3935,2.453166667,73,18.16666667,1503.083333,14.41666667,752,3,13.33333333,2,14463.4805,-9.395666667,5037465.583,0.4075,19.55216667,0.252,1233,35.708708,51.2467975,12,103.72,-0.000727221,0.222222222,0
12/30/2024 15:51,17.8,17.7,12.8,10.3,290480,13.58333333,1,32,44.997,30,4.312,0.903833333,73,15.33333333,1288.708333,14.5,750,3,18.66666667,2,14463.50933,-11.3855,5039967.167,0.387833333,20.11483333,0.252,1233,35.708645,51.2471105,12,103.97,0.00049451,0,0.472222222
12/30/2024 15:51,13.5,13.5,9.5,7,224510,13.55,1,32,44.63566667,47,9.9455,10.08966667,73.5,13.16666667,1119.958333,14.5,749,3,18.66666667,2,14463.533,13.72933333,5042458.75,0.713833333,18.81233333,0.252,1233,35.7085955,51.2473715,12,103.11,-0.000261799,0,0.361111111
12/30/2024 15:52,11.1,11.1,6.9,4.7,176600,13.58333333,33,32.5,44.35816667,34.33333333,7.4555,3.3825,74.66666667,17.66666667,1715.708333,14.3,744,3,21.33333333,1.833333333,14463.55917,-11.31233333,5046697.417,0.505166667,19.26066667,0.252,1233,35.70853,51.2476845,12,104.86,0.005265077,0.75,0
12/30/2024 15:52,9.9,9.8,5.9,4.6,171650,13.55,1,32.66666667,44.49466667,36.16666667,8.998333333,6.285666667,75.66666667,14.33333333,2027.416667,14.5,739.5,3,10.66666667,1.5,14463.584,3.2815,5050759.083,0.719666667,19.469,0.252,1233,35.708475,51.2479705,12,102.55,-0.007243116,0,0.555555556
12/30/2024 15:52,13,12.4,6.6,5.5,194950,13.58333333,1,32,42.13433333,50.83333333,12.46816667,16.68333333,76.83333333,22.83333333,1910.125,14.5,735.5,3,8,2,14463.61517,30.854,5055902.75,1.09,18.03116667,0.252,1233,35.708406,51.248312,12,104.04,0.000552688,1.416666667,0
12/30/2024 15:52,13.1,13.1,8.2,5.4,194100,13.58333333,1,32.83333333,42.79633333,28.66666667,9.4075,2.077666667,75.33333333,27.83333333,2881.166667,14.46666667,737.5,3,24,1.666666667,14463.66017,-22.28133333,5061553.333,0.697,20.875,0.252,1233,35.7082995,51.248829,12,104.095,-0.000814487,0.833333333,0
12/30/2024 15:52,16.7,16.7,9.9,6.2,217360,13.56666667,1,32.33333333,42.4855,39,12.89666667,16.225,73,28,2577.166667,14.5,741.5,3,10.66666667,1.833333333,14463.70383,10.04183333,5067202.5,1.368666667,19.5625,0.252,1245.5,35.708206,51.249382,12,101.245,-0.007417649,0.027777778,0
12/30/2024 15:52,13.7,13.7,8.1,6,205950,13.53333333,1,32.5,36.10116667,63.33333333,34.6035,22.203,73.66666667,52.5,4012.833333,14.06666667,797,3,16,2.166666667,14463.7675,41.62483333,5086015.25,3.330333333,22.26016667,0.252,1257,35.7080595,51.250231,12,102.495,0.007446738,4.083333333,0
12/30/2024 15:52,11.9,11.9,7.7,5.1,181650,13.55,49,32.33333333,40.50316667,29.33333333,9.905166667,0,75.5,52.5,2923.833333,14.5,815,3,24,3,14463.86133,-33.79166667,5095421.5,0.247333333,20.6355,0.252,1257,35.7078705,51.251192,12,103.665,0.000843576,0,0
12/30/2024 15:52,13.9,13.9,10.3,6.8,225010,13.53333333,65,32.83333333,48.827,32.33333333,6.461,3.581666667,77,27.83333333,1605.375,14.21666667,810,3,21.33333333,3,14463.929,-14.4585,5096502.5,0.408333333,19.90633333,0.252,1257,35.707741,51.2518465,12,103.83,0.001512619,0,4.111111111
12/30/2024 15:52,15.6,15.6,8.5,5.8,204100,13.53333333,1,32.16666667,44.68683333,56.33333333,15.9265,17.4565,76.5,29.33333333,2045.25,14.5,804.5,3,10.66666667,2.5,14463.97267,40.1665,5102081.583,1.570833333,17.302,0.252,1257,35.7076495,51.252323,12,103.1,-0.002501639,0.25,0
12/30/2024 15:52,8.7,8.7,6,4.7,170600,13.56666667,49,32.16666667,42.9425,34.16666667,5.944666667,0,74,33.66666667,1442.375,13.61666667,798,3,24,3.833333333,14464.028,-28.66666667,5107369.417,0.195833333,19.35416667,0.252,1257,35.707504,51.2529465,12,106.885,0.01111193,0.722222222,0
12/30/2024 15:53,9.1,9.1,5.6,4.3,166300,13.5,17,32.33333333,43.184,32,3.715166667,0,73.66666667,29.66666667,997.6666667,14.25,794,3,24,5,14464.0795,-13.95833333,5108831.5,0.356,20.79166667,0.252,1257,35.7073075,51.2534715,12,120.7,0.066467956,0,0.666666667
12/30/2024 15:53,9.8,9.8,7.4,5.5,202600,13.56666667,17,32,36.55783333,32,3.623333333,0,74.33333333,33.5,983.9583333,14.5,791,3,24,5,14464.13217,-14.46866667,5110853,0.324666667,20.8225,0.252,1257,35.706886,51.2536525,12,175.55,0.180728844,0.638888889,0
12/30/2024 15:53,9.9,9.9,6.6,4.7,174500,13.48333333,97,32,30.33816667,32.16666667,3.545833333,0,75.33333333,34.33333333,961.25,14.5,788,3,24,5,14464.1895,-14.08333333,5112742.75,0.308833333,20.8435,0.252,1257,35.706545,51.2532445,12,241.49,0.200421976,0.138888889,0
12/30/2024 15:53,10.7,10.7,7.9,6.3,222860,13.55,49,32.16666667,24.834,36.66666667,6.377333333,6.7175,76.16666667,32.16666667,1255.041667,14.5,785,3,21.33333333,4,14464.24483,-11.0105,5114734.583,0.664833333,20,0.252,1257,35.706772,51.252787,12,322.635,0.239750062,0,0.361111111
12/30/2024 15:53,10.2,10.2,6.7,5.2,188400,13.53333333,1,32,22.76683333,136.6666667,70.76433333,65.90533333,76.83333333,43.66666667,2503.958333,12.51666667,802,3,8,3,14464.30267,146.7398333,5128294.917,7.387166667,19.573,0.252,1257,35.707294,51.252819,12,9.315,0.08633562,1.916666667,0
12/30/2024 15:53,9.9,9.9,7.7,6.5,215210,13.56666667,97,32,31.56716667,33.5,11.12583333,0,74.5,56,3154.916667,14.5,833.5,3,24,3,14464.39333,-31.9165,5157191.167,0.117,20.7815,0.252,1257,35.708111,51.253029,12,11.765,-0.001163553,2.055555556,0
12/30/2024 15:53,11.7,11.7,7.3,6,214560,13.56666667,49,32.33333333,36.56783333,31.16666667,7.4735,1.839833333,73.66666667,30.66666667,1965.75,14.01666667,826.5,3,21.33333333,2.666666667,14464.466,-12.74983333,5158426.583,0.598,19.58333333,0.252,1257,35.70871,51.2533165,12,31.65,0.090378966,0,4.222222222
12/30/2024 15:53,10.1,10.1,5.8,4.6,174200,13.56666667,1,32,31.51183333,51.16666667,12.385,19.064,74.33333333,22.66666667,1860.583333,14.5,818,3,8,2,14464.5065,35.31233333,5163170.917,1.224333333,17.73933333,0.252,1257,35.708799,51.253702,12,91.33,0.175521945,0,1.333333333
12/30/2024 15:53,10.6,10.6,5.7,4.5,171600,13.56666667,1,32,27.1325,45.83333333,13.348,15.449,75.66666667,29.16666667,2369.708333,14.43333333,811.5,3,13.33333333,2,14464.55067,14.66666667,5170526.667,1.264666667,18.7915,0.252,1257,35.7085285,51.2540415,12,148.11,0.175492856,1.083333333,0
12/30/2024 15:53,28.6,28.6,20.8,10.6,319650,13.58333333,1,32,23.36416667,40.5,12.513,11.94616667,76.5,32,2606.375,14.5,805.5,3,13.33333333,2,14464.60083,5.228833333,5177609.5,0.913666667,19.3125,0.252,1257,35.708122,51.2538985,12,211.33,0.189426401,0.472222222,0
12/30/2024 15:54,31,31,15.7,7.4,236660,13.58333333,1,32,27.164,36.5,9.418333333,4.4775,74.16666667,24.5,2005,14.25,799.5,3,18.66666667,2,14464.651,-17.76066667,5180328.667,0.3385,19.20833333,0.252,1257,35.708008,51.2533935,12,266.475,0.125721884,0,1.25
12/30/2024 15:54,9.4,9.3,5,4.2,160600,13.6,1,32,30.8235,40.66666667,11.11533333,13.30466667,73.16666667,25.66666667,2112.125,14.03333333,792.5,3,10.66666667,2,14464.69017,11.94783333,5184988,0.916666667,19.16683333,0.252,1257,35.70805,51.252945,12,278.075,0.017744181,0.194444444,0
12/30/2024 15:54,11.3,11.2,5.8,4.3,159550,13.6,1,32,34.6605,52.33333333,20.60516667,16.89666667,74,32,2639.833333,14.45,792.5,3,13.33333333,2,14464.73567,27.47883333,5191413.583,1.733333333,18.71866667,0.252,1257,35.7081205,51.252413,12,279.255,-0.000116355,1.055555556,0
12/30/2024 15:54,8.2,8.2,6,4.7,172750,13.56666667,1,32.83333333,35.31766667,50.33333333,18.0025,16.69216667,75.5,43.66666667,2310.708333,13.98333333,803.5,3,16,3.333333333,14464.7995,26.16666667,5200606.75,1.538833333,18.28116667,0.252,1257,35.708229,51.251684,12,281.005,0.008813913,1.944444444,0
12/30/2024 15:54,12.5,12.5,9.2,8.1,292680,13.6,1,32.33333333,38.008,63,20.35683333,14.529,76.66666667,54.16666667,2052.166667,14.35,810.5,3,13.33333333,4.5,14464.8815,46.99983333,5211917.75,1.625833333,17.40616667,0.252,1257,35.708397,51.2507615,12,282.82,0.002356194,1.75,0
12/30/2024 15:54,20,13.2,6.7,4.6,166300,13.6,1,32,40.2155,50.33333333,11.19416667,16.37366667,75.5,54.83333333,1794.916667,14.5,802.5,3,8,5,14464.97267,28.56233333,5218014.5,0.979166667,17.78116667,0.252,1257,35.708582,51.2497405,12,282.79,0.002385283,0.111111111,0
12/30/2024 15:54,9.8,9.8,6.7,4.6,176750,13.58333333,1,32,42.67666667,37.83333333,8.675666667,7.933833333,73.83333333,55.66666667,1816.25,14.5,793.5,3,13.33333333,5,14465.06517,-1.687666667,5222851.333,0.528333333,19.16683333,0.252,1257,35.7087765,51.248703,12,282.915,-0.001047198,0.138888889,0
12/30/2024 15:54,14.6,14.6,8.3,6,214460,13.6,1,32,44.63683333,36.83333333,8.037666667,10.06783333,73.83333333,55.5,1812.75,14.5,784.5,3,8,5,14465.15617,6.645666667,5226657.917,0.680166667,19.08333333,0.252,1257,35.708973,51.247673,12,283.345,0.001454441,0,0.027777778
12/30/2024 15:54,24.4,23.6,11.1,6.3,218910,13.58333333,49,32.33333333,46.739,32.66666667,6.629166667,1.525833333,74.5,50.33333333,1629.458333,14.13333333,776.5,3,21.33333333,5,14465.24683,-23.51033333,5229629.75,0.255166667,19.30216667,0.252,1257,35.70916,51.246668,12,282.71,-0.002181662,0,0.861111111
12/30/2024 15:54,36.3,36.3,18.1,9.2,300340,13.58333333,1,32.33333333,48.45216667,37.83333333,8.727666667,7.091166667,75,45.5,1809.5,14.5,771.5,3,10.66666667,4.166666667,14465.3235,3.3855,5232496,0.640833333,19.36483333,0.252,1257,35.709316,51.2458055,12,282.465,-0.001076286,0,0.805555556
12/30/2024 15:55,14.3,14.3,8.7,7,251620,13.56666667,1,32,47.61166667,33.66666667,7.912833333,3.214,74.5,44.16666667,1854.166667,14.5,765.5,3,16,4,14465.39917,-13.1355,5235545.583,0.430333333,19.29166667,0.252,1257,35.709467,51.2449665,12,282.775,0.003228859,0,0.222222222
12/30/2024 15:55,10.3,10.3,8.6,7.5,277620,13.55,65,32.33333333,48.58016667,40.33333333,10.32116667,4.881333333,73.16666667,38.5,1464.291667,13.16666667,761,3,21.33333333,4.333333333,14465.46933,-18.2605,5238144.417,0.920166667,19.24983333,0.252,1257,35.7096155,51.2441825,12,282.92,-0.002298017,0,0.944444444
12/30/2024 15:55,10.7,10.7,7.6,5.9,224610,13.55,1,32.5,46.5145,83.33333333,52.14066667,32.35583333,72.66666667,41.33333333,4113.541667,12.56666667,793.5,3,13.33333333,1.666666667,14465.52933,75.4165,5250654.75,6.4325,25.26066667,0.252,1257,35.709736,51.2435035,12,282.365,0.000814487,0.472222222,0
12/30/2024 15:55,11.2,11.2,7.9,5.5,202300,13.56666667,33,32.33333333,40.989,29.33333333,8.192333333,0,73.5,63.5,2834.791667,14.08333333,833,3,24,5.166666667,14465.621,-26.51016667,5278231.083,0.431666667,21.469,0.252,1257,35.7099345,51.2424505,12,282.965,-0.001047198,3.694444444,0
12/30/2024 15:55,10.8,10.8,7.9,5.6,199650,13.51666667,81,32.16666667,44.52033333,31.5,3.9385,0,75.33333333,50.5,1067.083333,14.5,830,3,24,7.666666667,14465.7175,-15.125,5280330.5,0.349666667,20.6355,0.252,1257,35.7101325,51.2413825,12,282.98,0.00122173,0,2.166666667
12/30/2024 15:55,20.8,20.8,11.2,6.6,227010,13.58333333,1,33,45.98216667,28.16666667,4.3305,0.046833333,76.66666667,32,1311.25,14.5,827.5,3,24,3.833333333,14465.7865,-19.02083333,5282354.083,0.412166667,20.59383333,0.252,1257,35.7102755,51.240637,12,283.37,0.000523599,0,3.083333333
12/30/2024 15:55,25.2,24.6,6.9,5.7,211760,13.53333333,1,32,45.64516667,40.5,11.96483333,15.17733333,76,27.5,2301.625,14.5,822,3,8,2,14465.83333,17.927,5286360.333,1.151333333,19.18766667,0.252,1257,35.710371,51.2401125,12,282.18,-0.005235988,0,0.75
12/30/2024 15:55,22.4,20.6,8.7,5.9,208800,13.58333333,1,32.5,41.23933333,66.16666667,29.62616667,26.395,72.83333333,39.66666667,2764.958333,14.5,824,3,10.66666667,2.333333333,14465.88867,72.75,5295837.75,2.932833333,17.45833333,0.252,1257,35.710476,51.239494,12,281.585,-0.003519747,2.027777778,0
12/30/2024 15:55,21,20.8,10.7,7.5,256220,13.56666667,1,32.33333333,38.21216667,50.33333333,17.03616667,10.83766667,73.16666667,49.33333333,1914.791667,14.43333333,829,3,18.66666667,4.5,14465.96417,-4.802,5307033.583,0.87,18.594,0.252,1257,35.7106245,51.2386265,12,282.705,0.010413798,1.611111111,0
12/30/2024 15:55,16.2,16.2,10.9,7.6,272120,13.53333333,33,32.33333333,38.29633333,96.66666667,50.95416667,49.43333333,74.33333333,49.16666667,2231.583333,12.38333333,828.5,3,16,3.666666667,14466.04283,87.8855,5314838.333,5.6905,21.625,0.252,1257,35.7108,51.2377495,12,283.805,-0.000465421,0,0.027777778
12/30/2024 15:56,17.2,17.2,10.5,7,241910,13.5,1,32.33333333,34.47983333,78,40.00683333,15.37616667,76.16666667,80.33333333,3705.791667,13.15,864.5,3,18.66666667,4,14466.1505,41.00016667,5364575.583,5.439666667,26.33333333,0.252,1257,35.7110385,51.2365155,12,283.395,5.82E-05,5.194444444,0
12/30/2024 15:56,11.7,11.7,9.1,6.3,225510,13.51666667,33,32,41.55266667,32,9.472833333,0,77.66666667,75,2438.666667,14.5,860.5,3,24,5,14466.28167,-36.62516667,5370199.5,0,19.91666667,0.252,1257,35.711311,51.235043,12,282.665,-0.001948951,0,0.888888889
12/30/2024 15:56,25.2,25.2,15.5,11.2,341560,13.56666667,49,32.33333333,48.86066667,33,7.594166667,2.621,74.66666667,49.5,1826.166667,13.9,850.5,3,21.33333333,4.5,14466.38617,-24.052,5370808.333,0.285,19.4375,0.252,1257,35.711531,51.233908,12,283.315,-0.001134464,0,4.25
12/30/2024 15:56,13.3,13.3,8.3,6.1,222260,13.5,65,32.66666667,49.10383333,38.16666667,11.42733333,7.589833333,73.5,38,1897.708333,13.9,843,3,21.33333333,3.5,14466.46033,-5.2705,5373049.833,0.744833333,19.14583333,0.252,1257,35.7116835,51.233097,12,283.21,0.001861685,0,1.916666667
12/30/2024 15:56,11.1,11.1,6.7,4.9,177700,13.55,17,32,47.16566667,59.5,31.00466667,27.6485,73.83333333,36.66666667,2104.833333,14.06666667,836.5,3,18.66666667,3,14466.5215,23.19783333,5378711.417,1.720833333,18.5625,0.252,1257,35.7118115,51.232414,12,282.945,-0.000581776,0,0.222222222
12/30/2024 15:56,11.7,11.7,7.6,5.3,192600,13.5,65,32.16666667,45.24766667,80.5,39.09033333,21.469,75,47.83333333,2714.583333,12.86666667,848.5,3,18.66666667,3,14466.59433,43.833,5401963.75,3.974833333,21.60416667,0.252,1257,35.7119695,51.231571,12,283.075,0.001076228,1.861111111,0
12/30/2024 15:56,11.3,11.3,7.6,5.6,203250,13.53333333,1,32.66666667,46.3755,86.83333333,39.71733333,47.93133333,76.5,34,2473.083333,13.43333333,849,3,13.33333333,2.5,14466.65433,78.7815,5414116.167,3.578833333,18.52083333,0.252,1257,35.7120915,51.2309245,12,282.845,-0.003141593,0,2.305555556
12/30/2024 15:56,23.2,23.2,16,11.6,400420,13.51666667,17,32.66666667,39.2855,63.16666667,25.76616667,19.15133333,75.83333333,62.5,2911.958333,13.73333333,859.5,3,18.66666667,4.166666667,14466.73633,27.4375,5443194.917,2.170333333,20.0105,0.252,1257,35.712269,51.2299765,12,283.175,0.003170681,4.75,0
12/30/2024 15:56,24.4,24.4,13,8.7,291130,13.56666667,49,32.66666667,47.0145,39.83333333,6.486833333,3.8575,74,34.5,1644.333333,13.9,854.5,3,21.33333333,3.833333333,14466.82417,-13.3125,5450415.75,0.398166667,19.57283333,0.252,1257,35.71245,51.2290115,12,283.07,0.000261799,0,4.666666667
12/30/2024 15:56,11.1,11.1,7.4,5.8,214160,13.56666667,1,32.33333333,42.80466667,98,38.06583333,30.30433333,74.33333333,40.5,2036.083333,14.11666667,849.5,3,10.66666667,3.5,14466.87767,84.38533333,5459713.667,2.525166667,16.86433333,0.252,1257,35.7125625,51.228405,12,282.7,-0.002414372,1,0
12/30/2024 15:57,18.3,18.3,13.9,11.3,432620,13.56666667,1,32.16666667,40.66966667,72.83333333,22.5385,24.4755,75.66666667,57.66666667,1851.583333,14.5,843.5,3,13.33333333,4.833333333,14466.961,68.2915,5474179.5,1.755833333,16.26066667,0.252,1257,35.712738,51.2274685,12,283.03,0.000552688,2.861111111,0
12/30/2024 15:57,13.2,13.1,9.5,7.9,287230,13.6,1,32,41.6265,34.66666667,9.702833333,7.474833333,75.66666667,64.5,2101.583333,14.25,835.5,3,16,5,14467.06383,1.375166667,5482269,0.784833333,19.59366667,0.252,1257,35.7129575,51.2263065,12,283.14,0.000610865,1.138888889,0
12/30/2024 15:57,19.7,19.7,12.5,8.6,283980,13.6,1,32,42.2565,45.83333333,12.53483333,18.057,73.83333333,66.33333333,2171.833333,14.5,826.5,3,8,5,14467.17133,26.45833333,5487887.667,1.128833333,18.78116667,0.252,1257,35.713188,51.225105,12,283.265,-0.000407243,0.305555556,0
12/30/2024 15:57,30.2,30.2,16.1,8.5,270970,13.6,17,32,43.1935,33.16666667,9.187666667,1.662666667,73.5,67.83333333,2213.375,14.5,817.5,3,18.66666667,5,14467.28367,-24.2605,5493262.417,0.245,19.67733333,0.252,1257,35.7134265,51.2238485,12,283.235,0.000930842,0.25,0
12/30/2024 15:57,47.9,47.9,29,15.8,474600,13.58333333,97,32.33333333,51.304,31.83333333,6.2525,0,74.16666667,48.16666667,1606.083333,13.9,809,3,24,4.666666667,14467.38617,-25.646,5494176.917,0.251,19.73966667,0.252,1257,35.7136515,51.2227265,12,284.49,0.006021386,0,3.277777778
12/30/2024 15:57,52,51.9,23.5,11.2,340110,13.55,97,32,59.146,31,3.397,0,75,9.666666667,978.3333333,14.5,805,3,24,5.833333333,14467.434,-14.78116667,5496142.5,0.315,20.906,0.252,1257,35.7137625,51.222233,12,283,-0.017540559,0,6.416666667
12/30/2024 15:57,40.8,40.6,17.8,11.5,338260,13.6,97,32,53.2775,31.16666667,3.307833333,0,75.5,0,946.2916667,14.5,802,3,24,13,14467.438,-13.67683333,5497961.167,0.306,20.9895,0.252,1257,35.713768,51.222191,12,279.16,0,0,1.611111111
12/30/2024 15:57,16.1,16,8.6,6.7,228360,13.5,97,32,48.31016667,31.33333333,3.386666667,0,76,0,947.6666667,14.5,799,3,24,13,14467.438,-14.1665,5499790.917,0.302166667,20.93766667,0.252,1257,35.713768,51.2221965,12,184.58,0.496953416,0,0
12/30/2024 15:57,29.9,29.8,11.2,7.9,272070,13.55,97,32,45.26983333,31.16666667,3.374666667,0,74.66666667,0,956.2083333,14.5,796,3,24,13,14467.438,-14.16683333,5501592.833,0.296666667,20.93783333,0.252,1257,35.713768,51.222202,12,90,0,0,0
12/30/2024 15:57,56.5,54.7,24.9,13.6,422450,13.5,97,32,43.674,31.33333333,3.426833333,0,73.33333333,0,950.4583333,14.5,793,3,24,13,14467.438,-14.10416667,5503378.75,0.299333333,20.896,0.252,1257,35.713768,51.222202,12,90,0,0,0
12/30/2024 15:58,29.6,29.6,14.2,9.9,352320,13.51666667,97,32,42.99583333,31.5,3.397833333,0,72.66666667,0,950.8333333,14.5,790,3,24,13,14467.438,-13.96883333,5505147.417,0.292,20.93783333,0.252,1257,35.71377,51.2221965,12,192.065,-0.453407451,0,0
12/30/2024 15:58,28.9,28.9,19.6,12.4,423660,13.56666667,1,32,42.7175,31.33333333,3.968166667,0,73,0,1166.708333,14.5,786.5,3,21.33333333,13,14467.438,-14.98966667,5507195.75,0.343,20.4585,0.252,1257,35.713772,51.222191,12,294.13,0,0,0
12/30/2024 15:58,43.7,40.2,19.5,14,508030,13.58333333,1,32,42.64616667,31,3.3135,0,73.16666667,0,946,14.5,784,3,24,13,14467.438,-13.57283333,5509141.417,0.301,20.99983333,0.252,1257,35.713772,51.222187,12,282.065,-0.070191325,0,0
12/30/2024 15:58,28.2,27.6,16.7,13.2,500910,13.55,1,32,42.69266667,31.83333333,3.422166667,0,74.16666667,0,950.6666667,14.5,781,3,24,13,14467.438,-13.86466667,5510981.083,0.3095,20.896,0.252,1257,35.713772,51.222183,12,270,0,0,0
12/30/2024 15:58,30.1,30.1,20,12.6,453960,13.5,1,32,42.61,31.66666667,3.439,0,75.16666667,0,952.875,14.5,778,3,24,13,14467.438,-13.86466667,5512836,0.308166667,20.896,0.252,1257,35.713772,51.222183,12,270,0,0,0
12/30/2024 15:58,37.1,37,20,10.1,308540,13.5,1,32,42.58716667,31.33333333,4.673666667,0,76,0,1316.75,14.5,775,3,18.66666667,13,14467.438,-15.51033333,5514791.333,0.335833333,20.59383333,0.252,1257,35.713772,51.222183,12,270,0,0,0
12/30/2024 15:58,21.6,21.6,10.1,7.1,242910,13.51666667,1,32,42.58316667,27,6.971,2.014833333,75.33333333,0,2018.458333,14.46666667,769.5,3,13.33333333,13,14467.438,-18.67733333,5517620.167,0.434833333,20.10416667,0.252,1257,35.713779,51.222183,12,0,0.261799388,0,0
12/30/2024 15:58,32.1,31.9,14.7,7.9,241660,13.53333333,1,32,42.56283333,30.5,3.651,0.4125,72.5,0,1037.666667,14.5,765,3,21.33333333,13,14467.438,-12.8855,5519994.083,0.343166667,20.7815,0.252,1257,35.713783,51.222183,12,0,0,0,0
12/30/2024 15:58,33.7,33.6,14.2,9.5,307790,13.46666667,1,32,42.63033333,31.83333333,3.451333333,0.101666667,72,0,947.625,14.5,762,3,24,13,14467.438,-14.64566667,5521972.667,0.320333333,20.92733333,0.252,1257,35.713787,51.222183,12,0,0,0,0
12/30/2024 15:58,9.2,9.2,6.8,6,211250,13.53333333,1,32,42.67133333,32,3.512,0.244,72.83333333,0,954.5833333,14.5,759,3,24,13,14467.438,-14.51066667,5523890.667,0.316833333,20.90633333,0.252,1257,35.713791,51.222191,12,58.37,0.169791447,0,0
12/30/2024 15:59,11.9,11.7,7.7,6.8,238210,13.48333333,1,32,42.70566667,31.83333333,3.509,0.247666667,73.5,0,957.3333333,14.5,756,3,24,13,14467.438,-13.72933333,5525776.083,0.312833333,20.875,0.252,1257,35.713791,51.222187,12,164.185,-0.431590835,0,0
12/30/2024 15:59,14.6,13.9,7.7,5.9,206700,13.51666667,1,32,42.72416667,31.66666667,3.342166667,0,74.33333333,0,942.5416667,14.5,753,3,24,13,14467.438,-14.32283333,5527623.75,0.301166667,20.94783333,0.252,1257,35.713791,51.222183,12,270,0,0,0
12/30/2024 15:59,10.5,10.3,6.1,5.2,186650,13.5,1,32,42.73416667,32,3.425,0,75.33333333,0,949.9583333,14.5,750,3,24,13,14467.438,-13.88566667,5529456.25,0.311833333,20.8855,0.252,1257,35.713791,51.222183,12,270,0,0,0
12/30/2024 15:59,8.2,8.2,6.2,4.5,165850,13.51666667,1,32,42.73933333,32,3.487666667,0,76.16666667,0,953.0833333,14.5,747,3,24,13,14467.438,-14.6875,5531327.167,0.311,20.9065,0.252,1257,35.713791,51.222183,12,270,0,0,0
12/30/2024 15:59,9.2,9.2,5.6,4.3,154900,13.48333333,1,32.83333333,42.4215,36.16666667,6.511833333,4.663666667,77,0.666666667,1343.416667,14.5,743.5,3,13.33333333,9,14467.4385,-4.614833333,5533623.5,0.560666667,19.7395,0.252,1257,35.713791,51.222172,12,270,0,0.111111111,0
12/30/2024 15:59,8.4,8.4,6.2,4.2,154400,13.45,33,33,41.67,32.83333333,3.734666667,0,76.83333333,1.666666667,980.4166667,14.5,741,3,24,5,14467.44233,-14.58333333,5536083.583,0.321833333,20.77083333,0.252,1257,35.7138005,51.22213,12,290.475,0.072111187,0.166666667,0
12/30/2024 15:59,6.6,6.6,5.2,4.3,152700,13.51666667,1,32.66666667,42.031,32.16666667,6.159166667,2.066666667,75.33333333,0,1577.625,14.5,737.5,3,16,13,14467.445,-14.70833333,5538336.5,0.461166667,20.1355,0.252,1257,35.713802,51.222118,12,270,-0.072111187,0,0.277777778
12/30/2024 15:59,7.4,7.4,5.3,4.5,166150,13.55,1,32,41.43716667,30,7.558333333,4.174833333,72.66666667,0,1883.083333,14.4,733.5,3,24,13,14467.445,-13.50016667,5541445.667,0.608,19.65633333,0.252,1257,35.7138005,51.222118,12,225,-0.261799388,0,0
12/30/2024 15:59,10.9,10.7,5.1,4.3,159000,13.51666667,1,32,41.287,28.83333333,6.685833333,1.161166667,72,0,1945.333333,14.46666667,729,3,21.33333333,13,14467.445,-18.271,5544634.083,0.492166667,19.90616667,0.252,1257,35.713799,51.222118,12,180,0,0,0
12/30/2024 15:59,11,11,6.3,4.7,170850,13.53333333,1,32,41.27183333,29.83333333,4.552666667,0.6165,72.83333333,0,1292.75,14.5,726,3,24,13,14467.445,-15.17716667,5547492.25,0.3975,20.32316667,0.252,1257,35.713799,51.222118,12,180,0,0,0
12/30/2024 16:00,7.6,7.6,5.2,3.9,144450,13.5,1,32,41.324,31.83333333,3.665333333,0,73.5,0,940.1666667,14.5,723.5,3,24,13,14467.445,-11.88533333,5549434.167,0.322,20.969,0.252,1257,35.713799,51.222118,12,180,0,0,0
12/30/2024 16:00,9.9,9.9,7,4.6,169700,13.53333333,1,32,41.394,32.33333333,3.679,0,74.83333333,0,1028.166667,14.5,722.5,3,21.33333333,13,14467.445,-13.48933333,5551388.5,0.340333333,20.62516667,0.252,1257,35.713799,51.222118,12,180,0,0,0
12/30/2024 16:00,11.9,10.2,4.6,3.9,143400,13.53333333,1,32,41.461,31.16666667,3.573,5.546,75.83333333,0,998.875,14.5,722.5,3,24,13,14467.445,-13.208,5553442.667,0.329166667,20.84383333,0.252,1257,35.713797,51.222118,12,180,0,0,0
12/30/2024 16:00,8.2,8.2,5,4.2,152850,13.55,1,32,41.5115,32,3.438666667,0,76.66666667,0,951.9166667,14.5,719.5,3,24,13,14467.445,-14.9375,5555302.25,0.308333333,20.854,0.252,1257,35.713795,51.222118,12,180,0,0,0
12/30/2024 16:00,9.1,9.1,6.4,4.7,167700,13.53333333,1,32,41.53833333,31.83333333,3.461333333,0,77,0,954.2916667,14.5,716.5,3,24,13,14467.445,-14.2915,5557168.667,0.3115,20.8645,0.252,1257,35.713795,51.222122,12,135,-0.261799388,0,0
12/30/2024 16:00,8.3,8.3,5.3,4.4,163100,13.55,1,32,41.53,31.83333333,3.431833333,0,76.66666667,0,949.9166667,14.5,713.5,3,24,13,14467.445,-13.36433333,5559022.75,0.309,20.90616667,0.252,1257,35.713793,51.222126,12,135,0.261799388,0,0
12/30/2024 16:00,7.4,7.4,5.6,4.3,156700,13.53333333,1,32,41.56683333,31.83333333,3.472666667,0,74.33333333,0,951.75,14.5,710.5,3,24,13,14467.445,-14.1565,5560893.833,0.312666667,20.9065,0.252,1257,35.713791,51.222126,12,180,0,0,0
12/30/2024 16:00,9,9,5.6,4.5,171300,13.58333333,1,32,41.565,31.66666667,3.468333333,0,72.83333333,0,953.5,14.5,707.5,3,24,13,14467.445,-14.26033333,5562751.25,0.311333333,20.91683333,0.252,1257,35.713787,51.222134,12,121.63,-0.169791447,0,0
12/30/2024 16:00,10.6,10.5,6.4,4.7,174000,13.51666667,1,32,41.5325,31.66666667,3.462833333,0,72.66666667,0,950.5833333,14.5,704.5,3,24,13,14467.445,-14.28133333,5564627.167,0.308166667,20.92733333,0.252,1257,35.713787,51.222134,12,121.63,0,0,0
12/30/2024 16:00,14.2,14.2,13.1,12.2,460820,13.53333333,1,33,41.5595,33.5,3.8425,0,73,0,963.2083333,14.5,702,3,24,13,14467.445,-15.646,5566579.5,0.333,20.75,0.252,1257,35.713787,51.222134,12,121.63,0,0,0
12/30/2024 16:01,10.5,10.5,8.8,7.6,287180,13.51666667,1,33,41.56383333,33.33333333,3.797,0,74,0,955.25,14.5,699,3,24,13,14467.445,-15.323,5568553.917,0.330333333,20.80183333,0.252,1257,35.713787,51.222134,12,121.63,0,0,0
12/30/2024 16:01,6.6,6.6,5.3,4.6,168850,13.51666667,1,32.83333333,40.8235,38.66666667,6.061166667,5.823666667,74.83333333,2,1194.208333,14.5,695.5,3,13.33333333,7,14467.445,1.5625,5571052.667,0.516,19.781,0.252,1257,35.713787,51.2221225,12,195.815,0.431590835,0.333333333,0
12/30/2024 16:01,8.9,8.9,6.3,4.4,161200,13.56666667,1,32.5,39.38566667,46.33333333,10.23566667,13.98866667,75.33333333,13.83333333,1621.916667,14.5,692,3,13.33333333,1.333333333,14467.459,19.78133333,5574732.417,0.861333333,18.11483333,0.252,1257,35.7138045,51.22196,12,278.19,0.027227136,1.972222222,0
12/30/2024 16:01,9,9,6.2,4.4,164650,13.58333333,1,32.16666667,38.54633333,50.5,11.922,14.60316667,76,27.66666667,1954.125,14.5,690,3,10.66666667,2.5,14467.49217,27.969,5580941.333,1.0405,17.99966667,0.252,1257,35.713869,51.2215575,12,281.87,0.011664617,2.305555556,0
12/30/2024 16:01,10.4,10.4,6.7,4.7,175500,13.55,1,32,39.04966667,40.33333333,10.04116667,11.72883333,75.33333333,34,1938.083333,14.06666667,688,3,10.66666667,3,14467.5455,15.54133333,5586600,0.897666667,19.1665,0.252,1257,35.7139855,51.220972,12,283.695,-0.000901753,1.055555556,0
12/30/2024 16:01,11.2,10.6,5,4.5,168400,13.58333333,1,32,41.08116667,38,9.117166667,8.4365,73.33333333,33.16666667,1884.833333,14.5,686,3,13.33333333,3,14467.60217,-0.635666667,5590525.333,0.591166667,18.9895,0.252,1257,35.7141075,51.2203425,12,283.67,0.002763438,0,0.138888889
12/30/2024 16:01,8.2,8.2,6.5,4.7,173250,13.53333333,1,32,42.284,36.66666667,8.148333333,3.7135,73,32.16666667,1825.416667,14.5,683,3,16,3,14467.657,-12.9375,5594480.167,0.374166667,19.12516667,0.252,1257,35.7142255,51.2197265,12,283.15,-0.00148353,0,0.166666667
12/30/2024 16:01,9.5,9.5,5.4,4.4,167700,13.56666667,1,32,42.876,51,14.51166667,14.12483333,73.33333333,32.66666667,1875.333333,14.5,683,3,10.66666667,3,14467.70833,25.1145,5599030.083,1.067333333,17.927,0.252,1257,35.7143365,51.21916,12,283.225,-0.005323254,0.083333333,0
12/30/2024 16:01,9.5,9.5,5,4.2,159450,13.51666667,1,32,43.49283333,34.16666667,7.779166667,4.262333333,74.33333333,31.5,1789.625,14.26666667,682.5,3,21.33333333,3,14467.76433,-24.521,5602766.25,0.381333333,19.2395,0.252,1257,35.7144355,51.218531,12,280.72,-0.002879793,0,0.194444444
12/30/2024 16:01,6.7,6.7,5,4.2,157500,13.48333333,1,32.16666667,42.01816667,73,25.113,21.17233333,75.33333333,36.5,1962.833333,14.5,696.5,3,10.66666667,3.166666667,14467.817,59.93783333,5609266.583,1.7165,16.35416667,0.252,1257,35.7145465,51.2179375,12,283.655,0.007679449,0.833333333,0
12/30/2024 16:02,7,7,4.9,4.4,160250,13.48333333,1,32,41.32116667,66,17.30366667,25.19066667,76,46.83333333,1966.833333,14.5,707,3,8,4,14467.88733,59.04166667,5618740.417,1.566,16.76033333,0.252,1257,35.714693,51.2171385,12,282.575,-0.001948951,1.722222222,0
12/30/2024 16:02,10.1,10,5.8,4.1,155850,13.5,1,32,40.87283333,55.5,15.7715,22.432,74.33333333,55,2296.541667,14.5,711.5,3,8,4,14467.97267,41.63566667,5628116.167,1.490333333,17.84366667,0.252,1257,35.7148725,51.2161905,12,283.185,0.000727221,1.361111111,0
12/30/2024 16:02,9.7,9.7,6.1,4.6,168750,13.5,1,32.16666667,42.69183333,44,11.0215,12.06116667,73,58.33333333,2067.416667,14.5,710,3,10.66666667,4.666666667,14468.06767,17.7915,5635622.417,0.996666667,18.79166667,0.252,1257,35.7150765,51.215128,12,283.515,0.002501639,0.555555556,0
12/30/2024 16:02,9.6,9.6,6.1,4.6,172400,13.45,1,32,43.54383333,37.5,9.053166667,9.173166667,73.33333333,58,1904.875,14.01666667,706.5,3,10.66666667,5,14468.16417,5.771,5640551.833,0.726666667,19.375,0.252,1257,35.715269,51.214037,12,281.93,-0.00395608,0,0.055555556
12/30/2024 16:02,8.6,8.6,6,4.9,181050,13.5,1,32,44.051,35.66666667,8.5295,10.53483333,74.5,57.16666667,1876.625,14.5,703,3,8,5,14468.2605,8.0415,5644805.75,0.703,19.31233333,0.252,1257,35.7154635,51.212969,12,282.91,0.003083415,0,0.138888889
12/30/2024 16:02,7.3,7.3,5.4,4.7,175950,13.48333333,1,32,44.38333333,35.33333333,8.425333333,7.160833333,75.66666667,57,1869.916667,14.5,700,3,8,5,14468.3555,7.927333333,5648928,0.702833333,19.33333333,0.252,1257,35.715666,51.21191,12,283.055,-0.002298017,0,0.027777778
12/30/2024 16:02,9.4,9.3,6,4.9,185450,13.48333333,1,32,44.38333333,37.33333333,8.85,0,76,58.33333333,1905.791667,14.5,696.5,3,8,5,14468.4505,10.5,5653498.833,0.730333333,19.177,0.252,1257,35.715868,51.21084,12,283.45,0.004246968,0.222222222,0
12/30/2024 16:02,13.2,13.2,5.7,4.7,174700,13.5,1,32,44.93633333,27.66666667,6.492333333,0,74.16666667,59,1919.041667,14.5,693,3,8,5,14468.54817,-5.1355,5657071.167,0.5265,19.96866667,0.252,1257,35.7160815,51.209753,12,283.58,-0.000203622,0.111111111,0
12/30/2024 16:02,18.7,18,8.2,5.2,186200,13.5,1,32,45.51866667,27.33333333,6.460333333,0,72,59,1915.833333,14.5,689,3,8,5,14468.64583,-5.646,5660243.833,0.519666667,20,0.252,1257,35.716305,51.208675,12,284.495,0.001948951,0,0
12/30/2024 16:02,14.6,14.6,8.6,5.7,195500,13.48333333,1,32,45.63583333,27.83333333,6.459166667,0,72.66666667,58,1903.291667,14.5,686,3,8,5,14468.74217,-5.395666667,5663392.167,0.518,19.98966667,0.252,1257,35.7165185,51.207594,12,283.18,-0.005701409,0,0.166666667
12/30/2024 16:03,12,12,8,6.1,217560,13.48333333,1,32,45.53666667,27.5,6.4315,0,73.33333333,58,1903.875,14.5,683,3,8,5,14468.83983,-5.4585,5666534.667,0.519166667,19.98966667,0.252,1257,35.7167285,51.2065105,12,283.68,0.00296706,0,0
12/30/2024 16:03,41.1,41,20.9,7.4,242860,13.5,1,32,45.666,27.66666667,6.424333333,0,74.5,58,1901.166667,14.5,680,3,8,5,14468.93633,-5.645833333,5669665.417,0.517333333,19.97933333,0.252,1257,35.7169325,51.205435,12,283.02,-0.001512619,0,0
12/30/2024 16:03,29,28.4,12.1,7.2,255370,13.5,1,32,45.6815,27.83333333,6.443,0,75.33333333,58,1901.583333,14.5,677,3,8,5,14469.0325,-5.6145,5672781.083,0.521,19.97933333,0.252,1257,35.7171325,51.204359,12,282.725,-0.00197804,0,0
12/30/2024 16:03,21.2,21,11.5,7,236560,13.5,1,32,45.47783333,27.66666667,6.433333333,0,76.16666667,58,1901.75,14.5,674,3,8,5,14469.12883,-5.573,5675906.667,0.522166667,19.9275,0.252,1257,35.7173365,51.2032795,12,283.28,0.002036217,0,0
12/30/2024 16:03,19.3,19.3,9.4,6.4,210400,13.51666667,1,32,45.41,27.83333333,6.423666667,0,74.66666667,58,1898.416667,14.5,671,3,8,5,14469.226,-5.718666667,5679031,0.519333333,19.969,0.252,1257,35.7175385,51.202196,12,282.93,-5.82E-05,0,0
12/30/2024 16:03,78.4,76.6,32.8,11.8,291080,13.53333333,1,32,45.18716667,33.83333333,8.343166667,0,72.16666667,58.66666667,1923.166667,14.5,668,3,8,5,14469.32217,5.968833333,5682739.917,0.6795,19.656,0.252,1257,35.7177465,51.2011205,12,283.235,-0.001919862,0.111111111,0
12/30/2024 16:03,66.7,64.3,28.3,9.5,251870,13.53333333,1,32,45.18966667,27,6.342666667,0,72,59,1918.5,14.5,665,3,8,5,14469.42067,-6.2915,5686158.667,0.523,20.083,0.252,1257,35.717949,51.2000295,12,282.905,0.000349066,0.055555556,0
12/30/2024 16:03,57.9,57.9,24.5,9,249810,13.55,1,32,45.298,30.5,7.230666667,0,72.33333333,58.33333333,1900.708333,14.5,662,3,8,5,14469.51767,-0.281,5689327.5,0.596666667,19.7705,0.252,1257,35.7181495,51.198946,12,282.925,0.001018109,0,0.111111111
12/30/2024 16:03,51.1,50.5,19.5,8,214710,13.48333333,49,32.5,49.44116667,34.66666667,5.975333333,0.539166667,73.16666667,43.83333333,1415.375,14.06666667,660,3,18.66666667,4.833333333,14469.60733,-14.02066667,5692608.917,0.341833333,19.80216667,0.252,1257,35.718344,51.1979485,12,283.835,0.003287037,0,2.416666667
12/30/2024 16:03,35.1,34.9,16.6,6.7,208450,13.53333333,1,32.66666667,47.53216667,58.5,22.652,18.51716667,74.16666667,38.5,2916.5,14.2,692.5,3,13.33333333,2.333333333,14469.66733,30.55216667,5700490.333,2.2515,19.6875,0.252,1257,35.7184605,51.197277,12,281.17,-0.008959357,0,0.888888889
12/30/2024 16:04,24.6,24.6,14.4,6.5,210300,13.55,33,32.5,42.96383333,65.83333333,21.94116667,20.08516667,75.5,39.5,1562.708333,14.5,713,3,13.33333333,3.833333333,14469.73433,50.55216667,5709039,1.565333333,16.583,0.252,1257,35.718584,51.1965215,12,281.48,0.001076286,0.166666667,0
12/30/2024 16:04,287.9,285.6,129.1,22.7,418050,13.55,1,32,39.7875,58.16666667,16.87783333,18.50983333,76.83333333,50,2080.875,14.46666667,727.5,3,16,4,14469.80717,41.1355,5719694.167,1.301666667,17.70866667,0.252,1257,35.7187405,51.1956995,12,283.785,0.007970337,1.75,0
12/30/2024 16:04,360.4,352.2,102.9,20.5,382600,13.53333333,1,32,40.97966667,26.66666667,7.335,6.174833333,74.5,51,2126.541667,14.5,728.5,3,8,4,14469.89383,-4.656333333,5725301,0.620166667,20.20816667,0.252,1257,35.7189255,51.1947445,12,283.2,-0.002647083,0.166666667,0
12/30/2024 16:04,130.8,128.7,40.4,12.7,289280,13.55,1,32,40.52566667,31.5,8.0875,9.243,72.16666667,48.83333333,2043.041667,14.5,724,3,8,4,14469.97583,1.5315,5729133,0.649333333,19.6875,0.252,1257,35.7191105,51.193827,12,284.3,0.003985168,0,0.361111111
12/30/2024 16:04,49.4,49.3,22.7,8.8,242510,13.56666667,33,32,41.578,33.5,7.717333333,4.645,72.66666667,45.5,1889.125,14.5,720,3,16,4,14470.05517,-16.70833333,5732794.333,0.339666667,19.448,0.252,1257,35.7192975,51.1929415,12,285.015,0.0049451,0,0.555555556
12/30/2024 16:04,31.3,31.3,19.8,9.4,277570,13.51666667,81,32.66666667,49.30483333,33.66666667,4.008,0,73.33333333,14.83333333,1036,14.08333333,717,3,24,2.166666667,14470.10733,-11.60416667,5734503,0.389666667,20.53133333,0.252,1257,35.7194235,51.192383,12,285.49,-0.000407243,0,5.111111111
12/30/2024 16:04,35.5,35.5,18.2,7.6,219560,13.53333333,1,32.5,48.1215,40.33333333,9.179666667,10.2265,74.33333333,11.5,1774,14.5,716.5,3,16,1,14470.12433,0.416333333,5737784.167,0.675,19.22916667,0.252,1257,35.7194595,51.192207,12,283.11,-0.009279334,0,0.555555556
12/30/2024 16:04,24.2,23.6,10.6,6.3,205400,13.53333333,1,32.33333333,44.525,66.5,16.48866667,9.735666667,75.33333333,28.5,1934.208333,13.9,724.5,3,13.33333333,2.666666667,14470.15833,37.90633333,5745482.75,1.244,17.2915,0.252,1257,35.71953,51.191816,12,282.385,-0.002676172,2.833333333,0
12/30/2024 16:04,19.6,19.6,11.9,6.3,200850,13.56666667,1,32,44.24683333,33.83333333,5.811666667,3.620333333,76.66666667,32.5,1357.791667,14.5,724.5,3,18.66666667,4,14470.21167,-0.895666667,5750452.083,0.521166667,19.53133333,0.252,1257,35.719633,51.1912135,12,281.745,-0.00171624,0.666666667,0
12/30/2024 16:04,17.8,17.8,8.6,6.1,203150,13.51666667,1,32,43.1805,83.66666667,28.45883333,25.63983333,76.83333333,39,1633.25,14.48333333,726,3,10.66666667,4,14470.26817,73.63566667,5757661.667,1.670666667,15.21866667,0.252,1257,35.7197055,51.190563,12,276.35,-0.019140444,1.083333333,0
12/30/2024 16:05,35.4,34.6,18.6,7,206050,13.56666667,1,32,42.97616667,37.66666667,8.479,3.1545,73.83333333,42.33333333,1765.083333,14.05,727.5,3,21.33333333,4,14470.33783,-24.96866667,5763900.083,0.253666667,19.07283333,0.252,1257,35.7197935,51.1897585,12,279.255,0.018675023,0.555555556,0
12/30/2024 16:05,62.3,61.1,34.8,11.5,256570,13.45,81,32.5,47.14383333,31.5,4.978333333,0,72,29.16666667,1357.625,14.11666667,723,3,24,3.5,14470.40033,-25.30183333,5764741.667,0.246166667,19.9375,0.252,1257,35.7199095,51.18907,12,280.62,-0.010413798,0,2.194444444
12/30/2024 16:05,45.8,45.8,23.3,11.8,361230,13.55,1,32,54.00133333,35.83333333,5.913833333,4.196666667,72,21.16666667,1271.708333,14.5,723.5,3,16,3,14470.4395,0.083333333,5767192.833,0.553166667,19.5105,0.252,1257,35.719761,51.188793,12,202.795,-0.311017673,0,1.333333333
12/30/2024 16:05,48,47.2,17.4,8.3,252070,13.53333333,1,32,52.3525,63.66666667,17.47616667,19.11066667,73,31.66666667,1821.75,14.5,722,3,8,3,14470.48183,53.75,5773273.667,1.382833333,16.65633333,0.252,1257,35.7195875,51.1891725,12,107.455,-0.198996624,1.75,0
12/30/2024 16:05,40.3,40,19.9,9.1,295280,13.51666667,1,32.33333333,47.40616667,33,6.257833333,1.0585,73.83333333,37.66666667,1572.583333,13.9,719.5,3,21.33333333,4,14470.54167,-21.02083333,5778456.333,0.299,19.20866667,0.252,1257,35.719454,51.1898655,12,103.75,0.004916011,1,0
12/30/2024 16:05,73.4,72.7,24.8,10.6,326850,13.5,65,32.5,50.277,32.83333333,4.705666667,0,75.16666667,26.66666667,1183.041667,13.85,715.5,3,24,3.5,14470.59883,-25.00016667,5779714.167,0.173,20.198,0.252,1257,35.7193205,51.190498,12,104.335,-0.002065306,0,1.833333333
12/30/2024 16:05,41.1,41,21.7,9.6,286730,13.51666667,17,32.5,49.59866667,54,10.03933333,13.09566667,76.16666667,13,1259.291667,14.5,712,3,10.66666667,1.666666667,14470.627,22.07283333,5782289.25,0.9215,17.59383333,0.252,1257,35.7192555,51.1908,12,104.615,-0.007592182,0,2.277777778
12/30/2024 16:05,27.8,27.6,15.1,7,217860,13.51666667,1,32.33333333,41.07666667,58.66666667,19.7805,17.94583333,76.5,34.16666667,2679.291667,14.03333333,729,3,10.66666667,2.166666667,14470.66467,42.1665,5791188.167,1.810833333,18.29166667,0.252,1257,35.719164,51.19124,12,105.09,0.016493361,3.527777778,0
12/30/2024 16:05,74.8,74.8,43.9,12.1,265820,13.55,1,32.16666667,39.6165,68.83333333,21.03866667,18.9565,73.33333333,51,2068.291667,14.5,752.5,3,10.66666667,4.166666667,14470.73683,55.27083333,5802906.083,1.709833333,17.021,0.252,1257,35.718994,51.1920545,12,103.745,-0.009512044,2.805555556,0
12/30/2024 16:05,70,68.3,10,5.5,194550,13.53333333,1,32.16666667,41.83616667,41,8.823166667,10.09,73,54.5,1737.666667,14.35,750.5,3,13.33333333,5,14470.82617,11.49983333,5809222.333,0.835666667,18.70833333,0.252,1257,35.7188035,51.1930505,12,103.35,0.001076286,0.583333333,0
12/30/2024 16:06,16.4,14.6,7,4.6,176850,13.51666667,81,32.33333333,43.56233333,32.5,6.426,0,73.5,49.16666667,1610.25,14,745,3,24,5,14470.9155,-28.70833333,5812320.75,0.198166667,19.3855,0.252,1257,35.7186185,51.194046,12,102.725,-0.00197804,0,0.888888889
12/30/2024 16:06,33.7,32.1,11.8,5.4,189150,13.51666667,33,32.16666667,46.63,70,21.64816667,20.3715,74.5,36,1413.666667,14.48333333,743.5,3,13.33333333,4,14470.9825,51,5816004.583,1.460166667,16.521,0.252,1257,35.718481,51.1947955,12,102.655,-0.000727221,0,2.194444444
12/30/2024 16:06,62.5,61.7,26.5,7.7,223610,13.51666667,1,32.16666667,41.96416667,53.5,13.247,14.02533333,75.66666667,47.83333333,1901.291667,14.5,744,3,13.33333333,4.166666667,14471.0515,28.86466667,5825627.083,1.014833333,17.97916667,0.252,1257,35.718332,51.19557,12,103.53,0.002792527,1.972222222,0
12/30/2024 16:06,17.5,17.4,7.9,6.1,216360,13.51666667,1,32,41.98633333,58.83333333,13.1695,20.80916667,76.83333333,52.5,1713.708333,14.5,740,3,8,5,14471.13483,43.69783333,5831841.5,1.234333333,16.66683333,0.252,1257,35.718151,51.19651,12,103.2,-0.00171624,0.777777778,0
12/30/2024 16:06,19.2,19.1,10.1,6.5,224610,13.53333333,1,32,42.33583333,41.5,8.931166667,8.274,75.66666667,55.33333333,1803.625,14.5,735.5,3,10.66666667,5,14471.22667,6.604333333,5837660.833,0.666333333,18.92716667,0.252,1257,35.7179605,51.1975215,12,103.145,0.001018109,0.472222222,0
12/30/2024 16:06,19.2,19.1,10.6,6.9,245460,13.5,1,32,42.98016667,40.16666667,9.0755,12.5185,72.66666667,56,1825.708333,14.5,729.5,3,8,5,14471.317,13.79166667,5842193.333,0.762333333,19.281,0.252,1257,35.7177655,51.198555,12,103.08,-5.82E-05,0.111111111,0
12/30/2024 16:06,18.7,18.1,7.9,6.1,216960,13.5,49,32.16666667,44.23933333,35.33333333,7.458166667,4.086333333,72.83333333,53.5,1729.541667,13.9,723.5,3,16,5,14471.4095,-11.47916667,5846047,0.465,19.2605,0.252,1257,35.717571,51.199585,12,102.91,-0.002123484,0,0.416666667
12/30/2024 16:06,26,25.9,16.7,8.4,295430,13.46666667,65,32.5,48.05466667,47.16666667,14.90833333,10.86166667,73.66666667,35.33333333,1610.541667,14.11666667,719,3,18.66666667,3.666666667,14471.48633,10.72916667,5848290.833,1.0125,18.18733333,0.252,1257,35.7174165,51.2004185,12,103.005,0.001338086,0,3.027777778
12/30/2024 16:06,17.5,17.5,12.7,10.8,373190,13.55,1,32.16666667,42.23466667,93.5,36.2355,27.124,74.33333333,38.5,1833.833333,14.41666667,733.5,3,10.66666667,3.666666667,14471.54233,84.80216667,5857179,2.096333333,15.8125,0.252,1257,35.7172965,51.2010575,12,103.06,0.000552688,0.527777778,0
12/30/2024 16:06,21.4,21.3,13.5,10.6,363030,13.56666667,1,32.66666667,40.57916667,57.83333333,18.76166667,12.3525,75.66666667,49,1872.208333,14.5,758,3,16,4.333333333,14471.61717,36.20833333,5869019.75,1.308333333,17.67716667,0.252,1257,35.7171345,51.2019005,12,103.24,-0.00098902,1.75,0
12/30/2024 16:07,14.5,14.5,11,8.5,294780,13.58333333,1,32,42.786,42.83333333,8.875333333,3.063,77,47.33333333,1554.75,14.5,755.5,3,18.66666667,5,14471.6985,-10.21866667,5873801,0.423833333,18.32316667,0.252,1257,35.716959,51.2028065,12,103.33,-0.000959931,0,0.277777778
12/30/2024 16:07,41,39.6,27.6,23.6,859340,13.51666667,65,32.33333333,46.5025,32.83333333,4.692833333,0,76,34.33333333,1175.583333,13.9,751,3,24,4.666666667,14471.76883,-24.64583333,5874905.583,0.196166667,20.17716667,0.252,1257,35.716814,51.2035885,12,102.785,-0.000727221,0,2.166666667
12/30/2024 16:07,29.3,29.3,17.6,11.5,389510,13.56666667,1,32.5,45.327,70.83333333,23.696,24.47733333,72.83333333,26.66666667,2030.125,14.43333333,760.5,3,13.33333333,2,14471.8125,53.95816667,5880381.583,2.1335,18.45866667,0.252,1257,35.7167245,51.204079,12,102.8,0.001163553,0,1.277777778
12/30/2024 16:07,48.5,46.2,21.8,9.6,310540,13.53333333,1,32.33333333,38.05116667,72.66666667,24.7345,22.39266667,72.66666667,46.16666667,2585.416667,14.33333333,792.5,3,10.66666667,3.166666667,14471.875,48.66666667,5895050.583,2.138833333,18.604,0.252,1257,35.716589,51.204777,12,103.62,0.002850704,3.25,0
12/30/2024 16:07,46.4,46.2,25,12.9,398620,13.58333333,1,32.33333333,40.18083333,41.16666667,10.96566667,12.92183333,73.66666667,51.83333333,2045.375,14.5,797,3,13.33333333,4.333333333,14471.959,12.604,5905026.833,0.968833333,19.04133333,0.252,1257,35.71641,51.2057175,12,102.96,-0.002850704,0.944444444,0
12/30/2024 16:07,33.4,33.4,21.7,7.9,244960,13.53333333,49,32.33333333,45.55016667,51.16666667,12.56583333,10.317,75,38.16666667,1489.708333,14.28333333,792.5,3,18.66666667,4.333333333,14472.03467,11.64616667,5908994.917,0.956,18.65633333,0.252,1257,35.7162555,51.206568,12,102.705,0.000756309,0,2.277777778
12/30/2024 16:07,25,24.8,14.7,9,277670,13.58333333,1,32.33333333,43.55716667,57.83333333,16.8965,18.13883333,76.16666667,41.5,2067.083333,14.5,791,3,13.33333333,3.5,14472.0995,36.31266667,5917125.083,1.346333333,17.427,0.252,1257,35.716114,51.207279,12,103.935,0.002065306,0.555555556,0
12/30/2024 16:07,19.4,19.3,9.6,6.3,217310,13.56666667,1,32,42.40333333,57.83333333,14.225,21.96266667,76,47.5,1988.458333,14.5,787,3,8,4,14472.17317,46.80216667,5925604.167,1.296,17.5105,0.252,1257,35.715958,51.208101,12,102.99,-0.002065306,1,0
12/30/2024 16:07,31.5,31.2,11.8,5.8,196450,13.55,1,32.33333333,41.0465,58.83333333,20.17866667,18.66816667,73.33333333,54.16666667,2217.041667,14.5,787.5,3,13.33333333,4,14472.25783,39.02116667,5935408.5,1.48,17.68766667,0.252,1257,35.715769,51.2090415,12,104.37,0.005846853,1.111111111,0
12/30/2024 16:07,27.1,27,12.5,5.4,190000,13.56666667,1,32.16666667,41.72616667,56.5,13.26966667,20.67816667,73.16666667,55,1801.875,14.5,783.5,3,8,5,14472.3435,41.594,5942677.333,1.257333333,17.125,0.252,1257,35.7155595,51.2100585,12,103.985,-0.00296706,0.138888889,0
12/30/2024 16:08,18.8,18.8,7.5,4.9,178250,13.56666667,1,32,41.78116667,54.5,13.1885,18.59816667,74.33333333,57.5,1884.166667,14.5,777.5,3,8,5,14472.43617,38.052,5950428.833,1.119333333,17.79166667,0.252,1257,35.7153605,51.211107,12,102.725,-0.00517781,0.416666667,0
12/30/2024 16:08,24.7,17.9,7.8,5.5,196700,13.53333333,1,32,42.52216667,43.16666667,10.09466667,14.70583333,75.66666667,57.16666667,1875.625,14.5,769.5,3,8,5,14472.53383,20.30233333,5955898.75,0.904333333,18.89583333,0.252,1257,35.7151625,51.212179,12,103.115,0.00346157,0,0.055555556
12/30/2024 16:08,36.2,29.4,16.6,7.4,229660,13.58333333,1,32,42.69933333,43.5,10.16166667,11.8075,76.66666667,58,1898.541667,14.5,761.5,3,13.33333333,5,14472.62833,7.7605,5961498.75,0.6655,18.4585,0.252,1257,35.714962,51.2132435,12,102.88,-0.002123484,0.138888889,0
12/30/2024 16:08,46.6,44,16.7,7.8,243510,13.55,1,32,43.93116667,43.33333333,9.981166667,14.841,74.16666667,56.33333333,1844.5,14.5,755.5,3,8,5,14472.72317,19.48966667,5965930.75,0.8695,18.9585,0.252,1257,35.714771,51.2143055,12,102.385,-0.001192642,0,0.277777778
12/30/2024 16:08,27.6,27.2,10.6,6.2,218560,13.55,1,32,44.4765,34.16666667,7.395833333,0,73,54.33333333,1776.083333,14.5,749.5,3,24,5,14472.81717,-33.802,5969210.833,0.046833333,19.10416667,0.252,1257,35.7145825,51.2153475,12,102.48,-0.000843576,0,0.333333333
12/30/2024 16:08,20,20,11.4,5.9,205000,13.55,1,32,45.95616667,33.83333333,6.743,0,73,47.5,1561.416667,14.5,743.5,3,24,5,14472.90183,-35.83333333,5969247,0,19.03116667,0.252,1257,35.714409,51.2162915,12,103.085,0.003577925,0,1.138888889
12/30/2024 16:08,8.6,8.6,5.9,4.8,172100,13.48333333,33,32.83333333,47.52433333,36.83333333,6.602333333,5.824333333,73.33333333,37.5,1291.333333,14.13333333,739.5,3,18.66666667,4.333333333,14472.97383,-0.458333333,5970433.333,0.6755,19.63533333,0.252,1257,35.7142585,51.2170945,12,103.06,0.000523599,0,1.666666667
12/30/2024 16:08,23.7,23.7,13.7,8.7,280130,13.51666667,1,32.33333333,44.84116667,42.66666667,10.704,12.606,74.33333333,39,2069.583333,14.5,736.5,3,13.33333333,3.333333333,14473.03583,12.552,5976696.417,0.904,18.85416667,0.252,1257,35.7141305,51.21777,12,103.045,-0.001076286,0.25,0
12/30/2024 16:08,37.8,37.2,12.2,6.1,206300,13.51666667,1,32.33333333,44.83983333,43.16666667,9.2345,7.644166667,75.16666667,42.16666667,1675.416667,14.5,732.5,3,13.33333333,4.166666667,14473.10217,9.0625,5981296.25,0.676,18.7395,0.252,1257,35.7139855,51.2185345,12,103.205,0.000698132,0.527777778,0
12/30/2024 16:08,22.6,20.8,7,5,178500,13.53333333,1,32,44.62816667,36,8.282166667,6.419833333,76,45.33333333,1898.916667,14.5,726.5,3,13.33333333,4,14473.17633,-7.916666667,5985758,0.462,19.38516667,0.252,1257,35.713835,51.2193545,12,102.63,-0.001250819,0.527777778,0
12/30/2024 16:09,20.6,20.5,8,5.4,190600,13.55,1,32,45.0015,33.66666667,7.322833333,5.699833333,74.83333333,42.83333333,1812.625,14.46666667,720.5,3,13.33333333,4,14473.25,-12.67716667,5987826.583,0.513,19.35416667,0.252,1257,35.713678,51.2201785,12,103.445,0.002676172,0,0.416666667
12/30/2024 16:09,23,22.4,11.1,4.9,176700,13.5,1,32,44.15583333,45.16666667,10.83433333,16.49616667,72.16666667,45,1884.458333,14.5,715.5,3,8,4,14473.32233,24.51066667,5992605.083,0.996333333,18.65616667,0.252,1257,35.713522,51.2209875,12,103.19,-0.002007129,0.361111111,0
12/30/2024 16:09,29.9,29.9,23.8,19.3,640130,13.51666667,1,32,43.82066667,35.16666667,8.662166667,8.221333333,72,47,1970.833333,14,712.5,3,10.66666667,4,14473.39983,2.916833333,5997637.25,0.7585,19.5415,0.252,1257,35.713354,51.2218535,12,103.375,-0.00066683,0.333333333,0
12/30/2024 16:09,14.2,14.2,8,5.4,192400,13.5,1,32,43.5695,36.5,8.985333333,11.82516667,72.83333333,46,1932.458333,14.5,709.5,3,8,4,14473.47717,10.20866667,6001777.083,0.756666667,19.52083333,0.252,1257,35.713196,51.2227175,12,102.815,0.001454441,0,0.166666667
12/30/2024 16:09,26.8,26.8,15.9,7.3,227960,13.5,1,32,42.64316667,47,11.72266667,18.15916667,73.5,47.33333333,1981.375,14.5,706.5,3,8,4,14473.5545,29.33333333,6007104.583,1.069333333,18.69783333,0.252,1257,35.713036,51.223585,12,102.77,-0.000261799,0.222222222,0
12/30/2024 16:09,18.7,18.7,7.5,5.4,190250,13.5,1,32,41.84416667,56.5,15.243,23.02383333,75,51.5,2163.791667,14.5,705.5,3,8,4,14473.63517,45.21866667,6014772.75,1.489666667,17.8125,0.252,1257,35.712862,51.2244985,12,103.065,-0.00171624,0.694444444,0
12/30/2024 16:09,16,16,8.7,5.2,182850,13.51666667,1,32.5,41.5185,46.66666667,11.81516667,14.67583333,76.66666667,55.33333333,2042.083333,14.5,707.5,3,13.33333333,4.666666667,14473.72517,18.80216667,6022999.417,1.068166667,18.19816667,0.252,1257,35.712675,51.2255135,12,102.815,0.000378155,0.638888889,0
12/30/2024 16:09,41.8,41,18.9,5.9,185350,13.5,1,32,42.41083333,56.16666667,12.8625,20.41316667,76.16666667,55.66666667,1817.5,14.5,704.5,3,8,5,14473.8165,40.09366667,6029508.167,1.165333333,17.073,0.252,1257,35.7124825,51.2265335,12,102.955,-0.001599885,0.055555556,0
12/30/2024 16:09,39.2,38.4,11.4,5.3,172500,13.51666667,1,32,42.256,53.5,12.27933333,19.739,73.16666667,56.66666667,1851.583333,14.5,701.5,3,8,5,14473.90883,36.35416667,6036285.667,1.119833333,17.52066667,0.252,1257,35.712284,51.227575,12,103.405,0.002327106,0.166666667,0
12/30/2024 16:09,34.8,34.5,11.1,5.1,178250,13.51666667,1,32,42.2665,48.16666667,10.873,14.6445,72.83333333,56.83333333,1858.208333,14.46666667,698.5,3,8,5,14474.00333,26.73983333,6042733.833,0.953333333,18.37483333,0.252,1257,35.7120895,51.228634,12,102.74,-8.73E-05,0.027777778,0
12/30/2024 16:10,29.5,27.6,11.3,6.9,219510,13.55,1,32,42.32833333,44.5,9.918,15.035,73.5,55.33333333,1809.875,14.5,695.5,3,8,5,14474.09617,20.57266667,6047959.333,0.8795,18.7605,0.252,1257,35.711893,51.2296755,12,103.075,-5.82E-05,0,0.25
12/30/2024 16:10,21.5,19.8,8.6,5.6,191750,13.55,1,32,42.8775,49.16666667,10.7535,16.60033333,74.83333333,54.33333333,1773.541667,14.5,692.5,3,8,5,14474.18883,27.0105,6053351.667,0.945166667,18.0835,0.252,1257,35.711704,51.230684,12,102.93,-0.000756309,0,0.166666667
12/30/2024 16:10,35,34.8,15.4,8.7,307140,13.56666667,1,32,42.06066667,61.66666667,14.33316667,19.59716667,76.33333333,55.83333333,1830.166667,14.5,689.5,3,8,5,14474.28,47.82283333,6060258.417,1.240833333,16.70833333,0.252,1257,35.7115155,51.231697,12,102.9,-0.000116355,0.25,0
12/30/2024 16:10,45.7,44.7,18.6,11.4,380750,13.55,1,32,42.26483333,43.83333333,10.01266667,15.27666667,76.83333333,56.33333333,1840.875,14.5,686.5,3,8,5,14474.37383,20.875,6066480.167,0.871166667,18.77083333,0.252,1257,35.711319,51.232748,12,103.105,0.001599885,0.083333333,0
12/30/2024 16:10,25.4,25.1,8.4,5.2,185750,13.56666667,1,32,42.69133333,43.5,10.09183333,12.17116667,74,54.33333333,1768.458333,14.01666667,683.5,3,13.33333333,5,14474.4655,7.8855,6071214.833,0.835666667,18.41666667,0.252,1257,35.7111265,51.233776,12,102.985,-2.91E-05,0,0.333333333
12/30/2024 16:10,31.3,31,16.1,10.4,389810,13.58333333,1,32,42.48783333,49.66666667,10.87283333,16.64783333,72.66666667,54,1771.708333,14.5,680.5,3,8,5,14474.5545,27.79183333,6076873.833,0.9585,17.86466667,0.252,1257,35.7109415,51.234779,12,102.94,0.001570796,0,0.055555556
12/30/2024 16:10,21.5,21.5,12,7.5,267070,13.58333333,1,32,42.755,41.66666667,9.254666667,11.10083333,73.16666667,53.66666667,1768.5,14.38333333,677,3,10.66666667,5,14474.64517,14.875,6082061.833,0.817333333,18.781,0.252,1257,35.7107525,51.2357825,12,102.88,-0.002094395,0,0.055555556
12/30/2024 16:10,20.3,20.3,12,7.6,264770,13.58333333,1,32,43.3355,42.66666667,8.954166667,13.0195,74.16666667,52.16666667,1701.208333,14.5,674,3,8,5,14474.7325,16.25,6086231.667,0.785333333,18.61483333,0.252,1257,35.7105675,51.236763,12,103.095,0.000145444,0,0.25
12/30/2024 16:10,21.5,21.5,11,6.9,250660,13.58333333,1,32,43.32116667,45,9.882666667,11.6305,75.5,52.33333333,1708.958333,14.03333333,671,3,13.33333333,5,14474.81917,14.28116667,6091270.833,0.785166667,18.20816667,0.252,1257,35.7103865,51.237736,12,102.885,-0.000203622,0.027777778,0
12/30/2024 16:10,18.9,18.9,11.3,7,257020,13.58333333,1,32,43.24733333,39.83333333,8.0155,9.339,76.5,51.5,1690.5,14.5,668,3,8,5,14474.90583,10.29166667,6095200,0.691666667,18.896,0.252,1257,35.710211,51.2387045,12,102.535,-0.000465421,0,0.138888889
12/30/2024 16:11,22.2,22.2,13.1,8.4,285630,13.6,1,32,43.72216667,34.16666667,6.931333333,0,75.83333333,49.5,1626.291667,14.5,665,3,24,5,14474.99017,-35.8435,6097565.5,0,18.95866667,0.252,1257,35.710039,51.239649,12,102.785,0.001512619,0,0.333333333
12/30/2024 16:11,34.8,32.9,11.2,7.4,260220,13.6,1,32.5,44.5075,33.66666667,6.165,3.402166667,72.66666667,45.16666667,1395.375,13.71666667,662.5,3,18.66666667,4.833333333,14475.0685,-13.1875,6098539.333,0.501666667,19.354,0.252,1257,35.7098675,51.2405185,12,103.615,-0.000465421,0,0.722222222
12/30/2024 16:11,39.1,38.2,16.5,9.2,312440,13.53333333,1,32,43.78766667,44.16666667,10.365,11.40333333,72,45.66666667,1913,14.5,661.5,3,10.66666667,4,14475.14317,19.2915,6103351,0.8765,18.7815,0.252,1257,35.709717,51.2413615,12,102.14,-0.00296706,0.083333333,0
12/30/2024 16:11,34.4,34.3,16.6,9.9,340510,13.53333333,1,32,43.50083333,39,9.979833333,13.04933333,72.33333333,47,1952.291667,13.98333333,659,3,10.66666667,4,14475.21983,10.31266667,6108657.583,0.939833333,19.39566667,0.252,1257,35.709555,51.2422275,12,103.075,0.001167193,0.222222222,0
12/30/2024 16:11,41.4,40.8,24.1,14.1,494390,13.55,1,32,42.84933333,34.16666667,8.599,10.83,73,47,1965.083333,14.5,656,3,8,4,14475.2975,7.281333333,6113146.583,0.709166667,19.53116667,0.252,1257,35.709387,51.243103,12,103.33,0.000407243,0,0
12/30/2024 16:11,58.6,58.6,31.4,14.6,459020,13.55,1,32,43.30083333,35.16666667,8.815666667,11.37766667,74.33333333,46.66666667,1952.791667,14.5,653,3,8,4,14475.375,8.6875,6117466.833,0.726666667,19.54133333,0.252,1257,35.709225,51.2439745,12,103.075,0.002065306,0,0.055555556
12/30/2024 16:11,49.4,47.7,23.2,11.5,352770,13.55,49,32,44.45483333,34.33333333,7.7105,2.012166667,75.66666667,43.66666667,1838.708333,14.5,650,3,18.66666667,4,14475.45117,-23.45816667,6120851.75,0.194166667,19.23983333,0.252,1257,35.7090665,51.244829,12,102.535,-0.003810636,0,0.5
12/30/2024 16:11,46.6,45.8,21.2,11.2,341360,13.56666667,49,32,45.99166667,34.66666667,6.393666667,1.058,76.33333333,34.5,1437.833333,13.9,647,3,21.33333333,4,14475.51883,-28.57283333,6121423.833,0.147333333,19.21866667,0.252,1257,35.7089365,51.245554,12,102.545,0.000959931,0,1.527777778
12/30/2024 16:11,83.9,81.4,43.7,14,334510,13.5,65,32.33333333,46.11416667,31.66666667,3.8895,0,76,24.83333333,1099.625,14.06666667,648,3,24,3.666666667,14475.56833,-13.04166667,6122763.833,0.392333333,20.45833333,0.252,1257,35.7088395,51.2460975,12,102.86,0.004537856,0,1.611111111
12/30/2024 16:11,35.2,35,14.2,6.8,217760,13.53333333,49,32.66666667,45.90133333,28,3.019833333,0,73.66666667,18.33333333,1025.625,14.5,654,3,24,3.166666667,14475.60483,-16.16666667,6124892.667,0.292166667,21.021,0.252,1257,35.708761,51.246496,12,103.525,-0.001163553,0,1.083333333
12/30/2024 16:12,37.1,36.3,13.7,5.8,175200,13.53333333,17,32.16666667,44.69166667,32.83333333,4.804166667,2.435833333,72.16666667,14,1187.625,14.5,658,3,16,2,14475.631,-2.4065,6127104.583,0.432333333,20.15633333,0.252,1257,35.708704,51.2467805,12,103.755,-0.001512619,0,0.722222222
12/30/2024 16:12,42.3,42.3,23.8,8.4,247910,13.53333333,33,32.83333333,45.392,36.5,5.6105,6.824333333,72,5,1146.375,14.5,661.5,3,16,1,14475.64817,1.958333333,6129537.083,0.515833333,20.04166667,0.252,1257,35.7086715,51.246956,12,104.06,0.008348492,0,1.5
12/30/2024 16:12,39.4,39.2,16.6,7.4,220310,13.55,1,32.33333333,40.36083333,33.83333333,5.396833333,3.863,72.33333333,12.16666667,1373.5,14.38333333,659.5,3,21.33333333,1.5,14475.66267,-15.146,6132968.583,0.395833333,19.94783333,0.252,1257,35.708639,51.2471275,12,103.41,-0.001367175,1.194444444,0
12/30/2024 16:12,32.6,32.6,20,9.4,266020,13.53333333,1,32,41.40016667,34.16666667,4.704166667,2.362,73,12.83333333,1095.958333,14.5,660,3,21.33333333,2,14475.685,-15.97916667,6135602.167,0.389833333,20.27066667,0.252,1257,35.7085915,51.247372,12,103.615,0.002356194,0.111111111,0
12/30/2024 16:12,33.4,32.8,15.1,7.1,203550,13.5,33,32.83333333,44.18933333,34.16666667,4.484,3.079166667,73.66666667,6.666666667,1022.458333,14.5,663,3,21.33333333,1.333333333,14475.70233,-5.885666667,6137620,0.4015,20.302,0.252,1257,35.708553,51.247568,12,101.8,-0.015184364,0,1.027777778
12/30/2024 16:12,45.4,45.1,17.9,6.7,197700,13.51666667,17,32.5,42.0495,35.83333333,4.5215,6.131,75,5.5,1179.875,14.5,662.5,3,10.66666667,1,14475.71167,-0.1665,6140056.5,0.409333333,19.95833333,0.252,1257,35.708536,51.2476675,12,102.575,0.00986111,0,0.194444444
12/30/2024 16:12,32.1,31.9,14.9,9.2,288330,13.58333333,1,32.33333333,42.2225,26.5,4.899,1.777666667,75.83333333,9.666666667,1546.541667,14.5,660,3,16,1,14475.72533,-16.281,6142840.083,0.427166667,19.85416667,0.252,1257,35.7085015,51.247831,12,104.655,0.001018109,0.694444444,0
12/30/2024 16:12,25.9,25.9,16.6,10.8,338210,13.53333333,1,32.16666667,42.1355,41.5,5.093833333,7.550166667,76,11.33333333,948.25,14.5,656.5,3,13.33333333,2,14475.742,9.198166667,6145559.083,0.461833333,19.74966667,0.252,1257,35.7084615,51.2480275,12,104.065,-0.000174533,0.277777778,0
12/30/2024 16:12,25.1,25.1,13.6,7.3,219660,13.56666667,1,32,40.83183333,47,9.477666667,9.514333333,76,18.66666667,1579.25,14.05,651.5,3,10.66666667,2,14475.76633,15.625,6149384.167,0.8115,18.073,0.252,1257,35.708403,51.2483085,12,104.59,0.003752458,1.222222222,0
12/30/2024 16:12,26,25.4,10.8,5.6,189150,13.55,1,32.16666667,40.9535,35,8.151333333,7.351166667,73,23.16666667,1830.5,13.45,649,3,13.33333333,2.166666667,14475.802,-2.5625,6153654.917,0.7445,19.51033333,0.252,1257,35.708321,51.2487145,12,102.955,-0.013293591,0.75,0
12/30/2024 16:13,28.9,27,11.1,5.5,180350,13.55,1,32.16666667,41.97516667,36.33333333,6.743833333,4.945833333,71.5,24.5,1410.25,14.5,647,3,16,3,14475.84183,-0.135333333,6157230.667,0.597666667,19.21883333,0.252,1257,35.708237,51.2491645,12,103.425,0.005497787,0.222222222,0
12/30/2024 16:13,20.5,20.5,7.7,5,181050,13.56666667,1,32,43.04516667,28.83333333,4.591833333,0,71.83333333,23.5,1349.791667,14.5,650.5,3,24,3,14475.8835,-16.79183333,6160249.5,0.386833333,20.094,0.252,1257,35.708155,51.24963,12,102.17,-0.000930842,0,0.166666667
12/30/2024 16:13,13.9,13.7,7,5.1,181500,13.53333333,65,32.83333333,45.16283333,43.5,8.335,5.408166667,72.16666667,16.83333333,1040.208333,14.5,654.5,3,18.66666667,2.833333333,14475.91867,-1.718833333,6162441.75,0.528,19.729,0.252,1257,35.7080845,51.2500155,12,102.045,-0.006021386,0,1.111111111
12/30/2024 16:13,10.8,10.8,8.1,6.9,232610,13.55,1,32.16666667,41.9285,71.83333333,23.72516667,21.69933333,73.33333333,30.5,2191.291667,14.48333333,673.5,3,10.66666667,2.333333333,14475.95383,61.8025,6170221,1.928333333,16.75,0.252,1257,35.7080175,51.250423,12,101.77,0.007446738,2.277777778,0
12/30/2024 16:13,38.3,38.3,31.8,30.6,1227190,13.56666667,1,32,40.63116667,42.83333333,13.083,14.00383333,74.33333333,44.33333333,2532.791667,14.35,693,3,10.66666667,3,14476.01617,16.81266667,6179542.5,1.191166667,19.052,0.252,1257,35.7078895,51.2511655,12,101.825,-0.002821616,2.305555556,0
12/30/2024 16:13,24.9,24.8,19.9,18,584680,13.58333333,1,32.16666667,42.39933333,35.5,8.951333333,3.7465,75.83333333,45.66666667,2151.083333,13.06666667,692.5,3,18.66666667,3.666666667,14476.09183,-11.9165,6184976.25,0.762,19.55216667,0.252,1257,35.707737,51.2520085,12,102.52,-0.000465421,0.222222222,0
12/30/2024 16:13,15.4,15.4,11.5,10.4,409290,13.6,1,32,42.623,43.5,10.94866667,13.14516667,77,46.16666667,1929.291667,14.33333333,690.5,3,13.33333333,4,14476.16733,15.50016667,6189835.5,0.897333333,18.57283333,0.252,1257,35.707581,51.2528555,12,103.095,0.003665191,0.083333333,0
12/30/2024 16:13,13.5,13.5,7.2,5,183300,13.6,1,32.33333333,43.1625,37.83333333,7.603333333,5.772833333,74.5,46,1461.416667,14.45,687,3,13.33333333,5,14476.24417,1.208333333,6193781.667,0.6715,18.83316667,0.252,1257,35.70742,51.2537135,12,102.64,-0.004334234,0,0.027777778
12/30/2024 16:13,14.1,14,7.7,6.2,219060,13.58333333,1,32,43.94866667,45.16666667,8.635833333,11.1705,72.33333333,45.33333333,1481.041667,14.5,682.5,3,13.33333333,5,14476.31967,12.56233333,6197413.25,0.712333333,17.83333333,0.252,1257,35.707262,51.2545565,12,102.9,-0.001192642,0,0.111111111
12/30/2024 16:13,11,11,8.4,7,244060,13.58333333,1,32,43.73383333,39.33333333,7.260166667,4.343666667,72.33333333,45.66666667,1498.708333,14.5,677.5,3,13.33333333,5,14476.3965,-4.156333333,6201581.5,0.443166667,18.79166667,0.252,1262,35.7070965,51.2554855,12,102.6,0.003228859,0.055555556,0
12/30/2024 16:14,13.5,13.5,12,10.4,368290,13.55,1,32,43.518,51,10.42266667,16.83866667,73.16666667,45.33333333,1483.125,14.5,673,3,8,5,14476.47133,33.95816667,6205654.333,0.966,17.36466667,0.252,1267,35.706926,51.2563995,12,102.92,-0.000203622,0,0.055555556
12/30/2024 16:14,18.3,18.3,15.7,14.2,482110,13.56666667,1,32,44.33833333,37,6.585333333,1.8245,74,45,1465.541667,14.26666667,669.5,3,18.66666667,5,14476.5475,-20.7605,6209699.833,0.255,19.052,0.252,1267,35.706766,51.25725,12,102.88,-0.001803507,0,0.055555556
12/30/2024 16:14,19.4,19.2,14.2,13,455010,13.6,1,32,44.9415,34.66666667,5.857666667,1.702833333,74.83333333,42.5,1383.291667,14.5,666.5,3,16,5,14476.61917,-3.896,6212572,0.511333333,19.56233333,0.252,1267,35.706623,51.258049,12,102.74,0.003577925,0,0.416666667
12/30/2024 16:14,24.4,24.3,17.5,16.3,627920,13.55,1,32.5,44.273,43.33333333,9.049,12.45266667,75.83333333,39.83333333,1417.375,14.5,669,3,13.33333333,4.333333333,14476.6875,17.4585,6215436.333,0.8995,18.67716667,0.252,1267,35.7064875,51.258797,12,102.21,-0.004101524,0,0.444444444
12/30/2024 16:14,10,10,6.5,4.1,155700,13.56666667,1,32,42.73633333,38,8.287166667,4.5035,76,44,1834.041667,14.25,668.5,3,10.66666667,4,14476.75717,1.135333333,6220817.833,0.581166667,18.979,0.252,1266,35.7063425,51.2596035,12,102.555,0.000930842,0.694444444,0
12/30/2024 16:14,10.4,10.4,6.6,5.7,197050,13.55,1,32,43.254,34.66666667,7.586666667,2.263333333,73.83333333,43.16666667,1799.958333,14.46666667,665.5,3,16,4,14476.83,-17.90616667,6224018,0.303833333,19.16666667,0.252,1265.5,35.7061975,51.2604085,12,102.63,0.001396263,0,0.138888889
12/30/2024 16:14,17.9,17.3,11.3,9.2,302190,13.58333333,1,32,44.79316667,31.66666667,6.521166667,2.832666667,72,38.66666667,1617,13.63333333,662.5,3,16,4,14476.8985,-14.16683333,6225766.5,0.496833333,19.3125,0.252,1265,35.7060605,51.261158,12,102.61,-0.000814487,0,0.75
12/30/2024 16:14,21.9,21.9,16.3,10.2,331060,13.55,1,32,44.617,34.16666667,7.126666667,7.412666667,72,37,1546.125,13.86666667,659.5,3,10.66666667,4,14476.96167,3.052166667,6228722.417,0.593,19.0415,0.252,1264.5,35.7059265,51.2618485,12,103.585,0.001570796,0,0.277777778
12/30/2024 16:14,27.3,27.3,21.9,17.9,681920,13.51666667,1,32,43.403,40.66666667,8.492,10.31333333,72.33333333,39,1647.333333,14.5,656.5,3,10.66666667,4,14477.0235,8.250166667,6232950.417,0.655333333,18.91683333,0.252,1264,35.7057955,51.262562,12,102.725,-0.000203622,0.333333333,0
12/30/2024 16:14,13.5,13.4,6.4,4.9,186900,13.5,1,32,43.2985,37,8.066833333,5.695666667,73,39.83333333,1668.625,13.96666667,653.5,3,16,4,14477.08967,-7.802166667,6236775.167,0.426666667,18.97916667,0.252,1264,35.705656,51.263298,12,103.205,0.000785398,0.138888889,0
12/30/2024 16:15,29.6,26,10.6,6.8,218560,13.51666667,1,32,42.93483333,41.83333333,8.832666667,10.375,74,40.33333333,1686.375,14.41666667,650.5,3,8,4,14477.15633,14.65633333,6240556.5,0.827666667,18.7915,0.252,1263,35.7055185,51.264042,12,102.79,-0.000290888,0.083333333,0
12/30/2024 16:15,15.4,15.2,6.8,5.2,188800,13.55,1,32,42.6315,35.83333333,7.694833333,6.277,75.16666667,42,1760.416667,13.95,647.5,3,10.66666667,4,14477.2245,-2.656333333,6244770.167,0.6405,19.07283333,0.252,1263,35.705362,51.2648205,12,104.14,0.002821616,0.277777778,0
12/30/2024 16:15,13.5,13.4,7.1,4.8,179300,13.55,1,32,42.67833333,35,7.628,8.718833333,76,42.33333333,1773.916667,14.5,644.5,3,8,4,14477.29483,5.198,6248342.083,0.627,19,0.252,1262,35.705206,51.2656005,12,103.8,-0.000407243,0.055555556,0
12/30/2024 16:15,26.5,21.3,6.3,4.8,178250,13.51666667,1,32,42.80716667,34.16666667,7.577333333,6.168,75.5,43,1799.125,14.5,641.5,3,10.66666667,4,14477.36533,-2.6665,6252057.25,0.5155,19.15633333,0.252,1262,35.705055,51.2663935,12,102.965,-0.00270526,0.111111111,0
12/30/2024 16:15,15.8,14.1,7.6,4.8,179150,13.58333333,1,32.16666667,44.04216667,34.66666667,7.061666667,1.209,72.66666667,38.5,1619.75,14.13333333,638.5,3,24,4,14477.43483,-33.43766667,6253440.5,0.088666667,19.125,0.252,1261.5,35.7049235,51.2671505,12,102,-0.000843576,0,0.75
12/30/2024 16:15,13.5,13.5,8,5.9,222710,13.56666667,1,32.5,44.6495,30.16666667,6.088666667,0.8215,71.83333333,33.16666667,1677.708333,14.36666667,637.5,3,16,3.333333333,14477.49617,-17.23933333,6254881.5,0.384333333,19.71883333,0.252,1261.5,35.7048055,51.2677935,12,102.81,0.000814487,0,0.888888889
12/30/2024 16:15,9,9,5.8,4.9,180350,13.56666667,1,32,45.36383333,34,7.003666667,1.829166667,72,28,1581.583333,14.18333333,636,3,21.33333333,3,14477.54683,-28.25016667,6256601.333,0.260666667,19.06233333,0.252,1262,35.704706,51.268322,12,102.665,-0.00445059,0,0.861111111
12/30/2024 16:15,8.9,8.9,5.3,4.4,166900,13.51666667,49,32.5,45.9745,28.66666667,4.041333333,0,72,23.5,1233.666667,14.5,636,3,21.33333333,3.333333333,14477.5905,-13.8335,6258764.417,0.371333333,20.3855,0.252,1261.5,35.704628,51.268799,12,100.88,-0.005265077,0,0.75
12/30/2024 16:15,13.9,13.9,7.5,5.2,193300,13.55,49,32.83333333,50.1995,32.33333333,3.954166667,2.262333333,72.66666667,5.833333333,1045.125,14.5,639,3,18.66666667,1,14477.61433,-7.8125,6260759.5,0.364333333,20.604,0.252,1261.5,35.7045975,51.268999,12,100.725,-0.003897902,0,2.944444444
12/30/2024 16:15,15.8,15.2,8.7,6.5,230310,13.56666667,49,33,48.53833333,31.5,4.538666667,2.801,73.33333333,5.166666667,1181.416667,14.5,641.5,3,18.66666667,1,14477.62567,-8.635333333,6262918,0.406333333,20.38533333,0.252,1261.5,35.704582,51.2691175,12,99.995,0.008493936,0,0.111111111
12/30/2024 16:16,34.7,11,5.6,4.4,170800,13.53333333,33,32.33333333,44.94616667,33.33333333,6.969833333,6.486333333,74.33333333,10.66666667,1656.666667,13.9,641,3,13.33333333,1,14477.63833,-2.541666667,6265996.417,0.576166667,19.48966667,0.252,1261,35.7045515,51.269287,12,102.9,0.007504916,0.916666667,0
12/30/2024 16:16,12.8,12.5,5.4,4.9,187150,13.58333333,1,32.5,42.80366667,32.5,7.7495,6.859833333,75.16666667,13.66666667,1933.25,14.2,639,3,13.33333333,1.166666667,14477.658,-2.374833333,6269484.25,0.6635,19.55216667,0.252,1261,35.704506,51.2695315,12,102.895,0.00098902,0.5,0
12/30/2024 16:16,6.7,6.7,5,4.2,160650,13.58333333,1,32,41.06533333,43.66666667,9.854333333,14.52383333,76,20.66666667,1725.5,14.5,637.5,3,8,2,14477.68633,20.78133333,6273716.667,0.881333333,18.7915,0.252,1261,35.704439,51.2698765,12,103.255,-0.002559816,1.166666667,0
12/30/2024 16:16,13.1,12.5,7.2,5.7,199050,13.56666667,1,32,42.541,29.83333333,8.153333333,5.0245,75.66666667,27.33333333,2274.041667,13.96666667,638.5,3,10.66666667,2,14477.7265,-7.646,6278559.75,0.654833333,20.08333333,0.252,1260,35.704346,51.2703705,12,102.8,-0.003112504,1.111111111,0
12/30/2024 16:16,14.2,14.2,10.4,7.5,252570,13.58333333,1,32.33333333,42.926,35.83333333,9.4875,6.562666667,72.33333333,29.33333333,2188.083333,13.7,639,3,16,2.333333333,14477.77417,-4.354333333,6282902.917,0.854,19.42733333,0.252,1260,35.7042425,51.270903,12,103.605,0.001512619,0.333333333,0
12/30/2024 16:16,10.8,10.8,7.6,5.3,198150,13.55,1,32,43.45566667,43.5,11.1115,16.2155,72,34.66666667,1972.833333,14.5,638,3,8,3,14477.82683,22.53133333,6288159.167,0.9925,18.8435,0.252,1259,35.7041305,51.271517,12,102.395,-0.003490659,0.888888889,0
12/30/2024 16:16,18.3,17.7,9.4,7.1,237560,13.56666667,1,32.66666667,41.66,38.5,8.908833333,9.065833333,72.33333333,41.66666667,2003.458333,14.5,639,3,13.33333333,3.666666667,14477.89183,0.771,6294301.083,0.728,19.3645,0.252,1258,35.7040005,51.2722605,12,102.375,0.002850704,1.166666667,0
12/30/2024 16:16,17.2,17,7.5,5.8,205250,13.58333333,1,32,42.08983333,43.33333333,10.06366667,12.34766667,73.5,45.33333333,1897.083333,14.5,638,3,8,4,14477.9635,18.875,6299439.667,0.8705,18.63533333,0.252,1257.5,35.7038595,51.2730845,12,101.69,-0.002501639,0.611111111,0
12/30/2024 16:16,11.4,11.4,7,5.6,202550,13.58333333,1,32,43.03733333,32,7.528833333,0.935833333,74.66666667,45.33333333,1907.666667,13.93333333,635.5,3,18.66666667,4,14478.03983,-23.33316667,6302658.5,0.342333333,19.479,0.252,1257,35.7037145,51.273943,12,101.925,0.001890773,0,0
12/30/2024 16:16,11.1,11.1,6.4,5.2,189650,13.53333333,1,32,44.73633333,43,9.2115,6.779,75.83333333,42.5,1780.333333,14.01666667,633,3,13.33333333,4,14478.11133,10.71866667,6305321.083,0.9195,18.375,0.252,1256.5,35.7035715,51.274744,12,102.29,-0.001279908,0,0.472222222
12/30/2024 16:17,11.9,11.9,6,4.4,164800,13.58333333,1,32.5,43.99483333,36,7.593,7.054166667,76,39.33333333,1703.583333,14.5,631,3,13.33333333,3.666666667,14478.181,1.937333333,6310339.583,0.648166667,19.198,0.252,1259,35.7034305,51.2755085,12,103.225,0.004712389,0,0.527777778
12/30/2024 16:17,12.2,12.2,6.9,4.7,175700,13.55,49,32.83333333,45.682,31.66666667,4.7415,1.518833333,74.16666667,22.66666667,1339.708333,14.11666667,631.5,3,21.33333333,2.833333333,14478.23633,-13.85416667,6312839.583,0.396666667,20.08316667,0.252,1262,35.7033425,51.276045,12,98.885,-0.021758438,0,2.777777778
12/30/2024 16:17,9.8,9.8,6.5,4.6,177500,13.55,1,32,44.91533333,46.16666667,7.883333333,12.291,72.33333333,14,1229.458333,14.5,630.5,3,8,2,14478.26383,21.66666667,6316183.167,0.710166667,18.35416667,0.252,1263,35.7034305,51.2762775,12,43.715,-0.22028964,0,1.444444444
12/30/2024 16:17,6,6,5.2,4.8,183950,13.51666667,1,32.16666667,44.30083333,39.16666667,9.150833333,11.26916667,72,21.16666667,1806.041667,14.5,629,3,13.33333333,2,14478.29167,8.510666667,6320180.5,0.702833333,19.08333333,0.252,1262,35.70364,51.2761155,12,311.715,-0.258715973,1.194444444,0
12/30/2024 16:17,5.1,5.1,5.1,4.7,176150,13.6,1,32.16666667,43.71016667,37.5,9.726333333,9.926,72.83333333,34.66666667,1960.416667,13.78333333,628.5,3,13.33333333,3,14478.3385,-0.500333333,6324504.5,0.7895,19.28116667,0.252,1259,35.7037605,51.275545,12,283,-0.023881922,2.25,0
12/30/2024 16:17,9.1,9.1,5.8,4.1,157450,13.55,1,32.33333333,42.76866667,42.16666667,9.711666667,5.786666667,73.5,43.16666667,1961.458333,14.21666667,631.5,3,16,3.833333333,14478.40433,3.635,6329110.083,0.776833333,18.76033333,0.252,1257,35.7038765,51.27491,12,282.555,-0.000116355,1.416666667,0
12/30/2024 16:17,7.3,7.3,5.4,4.3,162250,13.58333333,1,32,42.86183333,34.83333333,8.400166667,7.484833333,74.5,43.33333333,1816.708333,14.48333333,632,3,16,4,14478.4765,-4.468666667,6333662.667,0.531833333,19.24983333,0.252,1257,35.704033,51.2741015,12,283.76,0.004043346,0.027777778,0
12/30/2024 16:17,8,8,5.5,4.7,178250,13.56666667,17,32.16666667,43.81883333,32.83333333,6.711166667,1.167833333,75.5,38.16666667,1614.166667,13.6,629,3,21.33333333,4,14478.54483,-21.4375,6336082.417,0.419833333,19.177,0.252,1257,35.704195,51.2733385,12,284.85,0.002181662,0,0.861111111
12/30/2024 16:17,11.7,11.6,6.5,5.4,202300,13.5,49,32.83333333,44.63483333,37.5,7.824,8.701666667,76,27.33333333,1446.333333,14.5,631,3,18.66666667,3.666666667,14478.60083,5.3435,6338381.333,0.750333333,19.91683333,0.252,1256.5,35.704344,51.2726555,12,284.65,-0.003607014,0,1.805555556
12/30/2024 16:17,10.6,10.6,7.3,5.7,210800,13.58333333,1,32.16666667,42.41866667,46.5,11.84016667,6.792833333,74.33333333,31.83333333,1987.5,13.53333333,642,3,16,2.833333333,14478.6485,9.885333333,6344587.5,0.800666667,18.6975,0.252,1256,35.7044355,51.2722035,12,283.89,-0.002850704,0.75,0
12/30/2024 16:18,17.4,16.6,9.4,6.2,221860,13.56666667,1,32.33333333,41.90766667,38.16666667,8.107166667,6.740666667,72,34.66666667,1629.333333,13.9,643,3,16,3.666666667,14478.705,6.1145,6349785.25,0.675833333,18.89583333,0.252,1256,35.7045515,51.2715665,12,282.615,-0.000349066,0.472222222,0
12/30/2024 16:18,15.8,15.8,9.7,6.3,228560,13.5,1,32,41.37066667,44.66666667,9.353166667,14.5425,72,36.16666667,1525.958333,14.5,640,3,8,4,14478.763,23.448,6354338.5,0.818166667,18.06216667,0.252,1256,35.7046775,51.2709065,12,283.485,0.003086822,0.25,0
12/30/2024 16:18,12.5,12.5,8.1,6.3,227010,13.55,1,32,40.53816667,41,8.631833333,9.8385,72.5,39,1632,14.06666667,636.5,3,13.33333333,4,14478.82633,8.312333333,6359277.917,0.634,18.57283333,0.252,1256,35.704811,51.2702065,12,282.99,-0.002734349,0.472222222,0
12/30/2024 16:18,18.4,18.2,7.8,5.9,216510,13.53333333,1,32,40.79083333,50.5,11.157,14.45066667,73.5,42,1744.875,14.4,635.5,3,10.66666667,4,14478.8925,22.71866667,6364608.083,1.022666667,17.92733333,0.252,1256,35.7049465,51.269453,12,282.375,-0.001338086,0.5,0
12/30/2024 16:18,21,14.2,7,5.7,212510,13.51666667,33,32,41.26916667,36,7.660666667,3.460666667,74.5,41,1722.958333,13.98333333,633,3,18.66666667,4,14478.96283,-19.10416667,6368728.5,0.325333333,19.073,0.252,1256,35.7050975,51.2686615,12,283.13,-0.001018109,0,0.166666667
12/30/2024 16:18,13.3,13.1,5.7,4.6,176150,13.5,65,32.83333333,47.02666667,32.66666667,5.216666667,2.874166667,75.66666667,26.66666667,1179.541667,14.08333333,633,3,21.33333333,3.666666667,14479.0215,-12.625,6370084.25,0.418,20.29166667,0.252,1256,35.705225,51.2680245,12,284.385,0.005206899,0,2.388888889
12/30/2024 16:18,7.6,7.6,6,4.4,166650,13.55,1,32,43.858,37.33333333,9.95,6.602833333,76.16666667,25.33333333,2079.375,14.03333333,633.5,3,13.33333333,2,14479.06317,-0.614666667,6374292.417,0.698833333,19.35416667,0.252,1256,35.705311,51.267578,12,283.055,-0.003025237,0,0.222222222
12/30/2024 16:18,9.5,9.4,5.8,4.5,174750,13.48333333,65,32.83333333,44.33483333,29.66666667,4.605833333,0,74.16666667,19,1289.916667,13.9,634.5,3,24,2.666666667,14479.1015,-19.0105,6377288.167,0.309666667,20.448,0.252,1256,35.705402,51.267147,12,286.55,0.018704112,0,1.055555556
12/30/2024 16:18,12.7,12.5,7.3,5.2,195150,13.53333333,17,33,36.95183333,30.33333333,4.0095,1.990333333,72.33333333,7.166666667,1074,14.5,637,3,18.66666667,3.333333333,14479.12433,-8.020833333,6379342.25,0.355166667,20.63533333,0.252,1256,35.7055265,51.267052,12,178.11,0.227038247,0,1.972222222
12/30/2024 16:18,12.2,12.2,7,5.6,204700,13.36666667,1,32.83333333,36.79766667,42.66666667,5.9845,7.176333333,72,2.666666667,1148.5,14.5,639.5,3,8,5,14479.13033,7.958166667,6382226.417,0.552333333,19.54166667,0.252,1256,35.7055705,51.2670615,12,15.385,0.067544242,0,0.75
12/30/2024 16:19,11.8,11.8,8.5,5.7,207650,13.5,33,32.33333333,37.49483333,32.5,3.700666667,2.3995,72.83333333,6,1011.791667,14.5,640,3,16,1,14479.139,-6.3645,6384593.583,0.3235,20.68733333,0.252,1256,35.705654,51.2670615,12,179.53,-0.062191899,0.555555556,0
12/30/2024 16:19,14.3,14.1,7.4,5.9,220210,13.55,1,32,38.00866667,30.83333333,3.279833333,0,73.16666667,0,956.0833333,14.5,643,3,24,13,14479.145,-14.19816667,6386381.833,0.284333333,20.94833333,0.252,1256,35.705696,51.267075,12,23.42,0.040811616,0,1
12/30/2024 16:19,12.3,12.2,7.6,5.6,204500,13.56666667,1,32,39.05316667,31,3.331833333,0,74.16666667,0,946.25,14.5,646,3,24,13,14479.145,-14.01033333,6388118.833,0.286333333,20.948,0.252,1256,35.705696,51.267075,12,23.42,0,0,0
12/30/2024 16:19,5.9,5.9,5.9,5.3,200000,13.56666667,1,32,39.77533333,31.16666667,3.3535,0,75,0,955.875,14.5,649,3,24,13,14479.145,-14.698,6389864.25,0.294833333,20.8855,0.252,1256,35.705696,51.267075,12,23.42,0,0,0
12/30/2024 16:19,8.9,8.9,6.7,5,185500,13.6,1,32,40.302,31.5,3.361333333,0,76,0,951.4583333,14.5,651.5,3,24,13,14479.145,-13.95816667,6391620.667,0.2915,20.875,0.252,1256,35.705698,51.267075,12,11.71,-0.068126018,0,0
12/30/2024 16:19,9.9,9.9,6.4,5.4,194500,13.58333333,1,32,40.65016667,31.33333333,3.3825,0,77,0,948.625,14.5,654.5,3,24,13,14479.145,-14.00033333,6393372.167,0.295333333,20.896,0.252,1256,35.7057,51.267075,12,0,0,0,0
12/30/2024 16:19,13.2,13,8.8,5.9,217060,13.58333333,1,32,40.75016667,31,3.364333333,0,77,0,953.375,14.5,657.5,3,24,13,14479.145,-13.41666667,6395138.917,0.292666667,20.90633333,0.252,1256,35.705704,51.267075,12,0,0,0,0
12/30/2024 16:19,17.1,16.5,8.3,5.8,218610,13.6,1,32,40.80216667,31,3.373833333,0,75.83333333,0,952.2916667,14.5,660.5,3,24,13,14479.145,-13.625,6396900.167,0.293833333,20.89566667,0.252,1256,35.705704,51.267075,12,0,0,0,0
12/30/2024 16:19,13.4,13.4,7.3,5.7,203350,13.7,1,32,40.94166667,29.83333333,3.265333333,0,73,0,960.3333333,14.5,663.5,3,24,13,14479.145,-14.1875,6398636.083,0.279833333,21.02066667,0.252,1256,35.705708,51.267075,12,0,0,0,0
12/30/2024 16:19,93.7,12.9,8.6,5.8,207800,13.73333333,1,32,41.05183333,29.83333333,3.2235,0,71.5,0,950.7083333,14.5,666.5,3,24,13,14479.145,-15.11483333,6400324.583,0.282166667,21.031,0.252,1256,35.705708,51.267082,12,90,0.261799388,0,0
12/30/2024 16:20,11.7,11.7,8.2,6.8,245210,13.7,1,32.5,41.0895,31,3.660666667,0.540666667,71.5,0,968.2083333,14.5,669.5,3,21.33333333,13,14479.145,-15.375,6402052.917,0.315833333,20.8855,0.252,1256,35.705711,51.26709,12,65.21,-0.072111187,0,0
12/30/2024 16:20,15.6,15.6,8.3,6.8,247510,13.68333333,1,33,40.32666667,34.16666667,4.875,1.474,72,2.333333333,1124.375,14.5,669,3,21.33333333,3,14479.146,-4.739333333,6404419.917,0.3895,20.5105,0.252,1256,35.7057305,51.267097,12,27.435,-0.189688201,0.388888889,0
12/30/2024 16:20,149.4,146.3,24.3,6.1,202550,13.6,1,33,40.6645,32.5,3.401166667,1.201833333,72.83333333,2.166666667,954.0833333,14.5,671.5,3,16,1,14479.15067,-4.562666667,6406371.75,0.3,20.59383333,0.252,1256,35.70578,51.267105,12,7.885,0,0,0.027777778
12/30/2024 16:20,30,28.1,14.5,12.6,462170,13.51666667,1,33,38.81816667,37.16666667,3.653166667,1.112833333,73.16666667,3.5,850,14.5,672,3,18.66666667,1,14479.156,1.843666667,6408248.917,0.329,20.42733333,0.252,1256,35.7058335,51.267113,12,6.765,0,0.222222222,0
12/30/2024 16:20,27.3,25.6,7.4,4.4,164700,13.71666667,1,32.33333333,37.4865,33.66666667,3.421333333,2.436333333,74.16666667,6,935.0833333,14.5,669,3,13.33333333,1,14479.16467,-2.479,6410126.417,0.298833333,20.83333333,0.252,1256,35.7059135,51.2671315,12,13.58,0.044069564,0.416666667,0
12/30/2024 16:20,14.6,14,5.2,4.7,175400,13.7,1,32,38.7915,33,3.322,1.400666667,75,5.5,917.875,14.5,666.5,3,16,1,14479.17467,-4.229166667,6411897.25,0.302333333,20.83333333,0.252,1256,35.706005,51.26717,12,18.935,0.001803507,0,0.083333333
12/30/2024 16:20,7.7,7.7,5.3,4.1,159700,13.66666667,1,32,39.074,29.16666667,3.448666667,2.080166667,75.83333333,6.333333333,1028.458333,14.5,666,3,10.66666667,1,14479.18583,-6,6413848.083,0.2895,20.83333333,0.252,1256,35.706097,51.2672005,12,12.79,-0.025394541,0.138888889,0
12/30/2024 16:20,5.6,5.6,4.2,3.9,148450,13.65,1,32,39.73583333,30.83333333,3.820666667,3.188166667,76.16666667,5.833333333,988.1666667,14.5,666,3,13.33333333,1,14479.195,-3.854166667,6415626.417,0.338333333,20.8645,0.252,1256,35.706188,51.2672005,12,173.055,-0.084764824,0,0.083333333
12/30/2024 16:20,6,6,4.4,3.9,153700,13.63333333,17,32.33333333,41.01783333,29.5,3.774666667,1.781166667,76.16666667,6.166666667,1069.958333,14.5,667,3,16,1,14479.20633,-11.54166667,6417583.25,0.323166667,20.7085,0.252,1256,35.706232,51.2670995,12,285.385,-0.160250314,0.055555556,0
12/30/2024 16:20,7.3,7.3,4.6,3.9,145650,13.63333333,97,33,41.31216667,30.66666667,3.483833333,0,75,1.333333333,970.875,14.5,670.5,3,24,7,14479.21433,-16.2395,6419480,0.31,20.948,0.252,1256,35.706245,51.2670175,12,275.8,-0.03726278,0,0.805555556
12/30/2024 16:21,6,6,4.4,3.8,147500,13.65,97,33,41.45783333,31.16666667,3.570833333,0,72.5,0,959.875,14.5,673.5,3,24,13,14479.215,-16.10416667,6421345.5,0.310666667,20.875,0.252,1256,35.706242,51.26701,12,180,-0.261799388,0,0.222222222
12/30/2024 16:21,7.3,7.2,4.1,3.7,140650,13.66666667,97,33,41.43616667,31,3.5385,0,71.83333333,0,961.1666667,14.5,676.5,3,24,13,14479.215,-16.1145,6423203.583,0.303333333,20.92733333,0.252,1256,35.70624,51.26701,12,180,0,0,0
12/30/2024 16:21,10.4,9.2,4.5,3.8,143350,13.7,97,33,41.53966667,31,3.466666667,0,71.5,0,949.25,14.5,679.5,3,24,13,14479.215,-16.32283333,6425021.25,0.302833333,20.93766667,0.252,1256,35.706238,51.26701,12,180,0,0,0
12/30/2024 16:21,6.8,6.8,4.8,3.7,145400,13.68333333,97,33,41.52466667,31,3.479,0,72,0,955.5833333,14.5,682,3,24,13,14479.215,-15.93733333,6426839.583,0.3035,20.94783333,0.252,1256,35.70624,51.26701,12,90,-0.523598776,0,0
12/30/2024 16:21,7.3,7.3,4.9,3.8,144900,13.7,97,33,41.557,31,3.4225,0,73,0,948.5,14.5,685,3,24,13,14479.215,-16.06233333,6428662.667,0.300666667,20.93766667,0.252,1256,35.706242,51.26701,12,0,0,0,0
12/30/2024 16:21,5.6,5.6,4.4,3.7,148400,13.7,97,33,41.41,31.33333333,3.368333333,0,73.33333333,0,942.3333333,14.5,687,3,24,13,14479.215,-15.95833333,6430018.667,0.302666667,20.896,0.252,1256,35.706242,51.26701,12,0,0,0,0
