Datetime,TSP [ug/m3],PM10 [ug/m3],PM2.5 [ug/m3],PM1 [ug/m3],TC [1/l],Battery_voltage,Electrical_load,Switch,Fuel_level,Intake_manifold_absolute_pressure,Throttle_position,Accelerator_pedal_position,Coolant_temperature,Vehicle_Speed,Engine_speed,Target_air_fuel_ratio,Estimated_catalyst_temperature,Engine_status,Status_bit,Current_gear_shift_position_(Current_gear),Cumulative_mileage,Clutch_torque,Trip_fuel_consumption,Average_fuel_consumption_rate,Pumping_and_rubbing_friction_torque_at_current_condition,RON_factor,altitude,latitude,longitude,satelites,bearing,angular_speed,Acceleration,Deceleration
2025-01-07 13:40:06,12.2,12.2,10.8,10.2,429260,13.416666666666666,1.0,32.0,32.549,34.333333333333336,3.9616666666666664,0.0,72.0,0.0,957.0,14.5,654.0,3.0,24.0,13.0,14540.719,-15.406333333333334,553781.4789999999,0.32616666666666666,20.81233333333333,0.492,1285.0,35.706192,51.267135499999995,12.0,225.0,0.2617993877991495,0.0,0.0
2025-01-07 13:40:12,12.6,12.6,10.6,9.7,413690,13.433333333333332,1.0,32.0,32.549,34.5,3.919833333333333,0.0,72.83333333333333,0.0,950.0416666666666,14.5,654.0,3.0,24.0,13.0,14540.719,-14.6355,555730.8645,0.32383333333333336,20.843500000000002,0.492,1285.0,35.706192,51.267132,12.0,270.0,0.0,0.0,0.0
2025-01-07 13:40:18,15.3,13.6,10.0,9.7,413240,13.416666666666666,1.0,32.0,32.549,34.333333333333336,3.9291666666666667,0.0,73.33333333333333,0.0,954.0833333333334,14.5,654.5,3.0,24.0,13.0,14540.719,-14.573,557683.9375,0.32283333333333336,20.833166666666667,0.492,1285.0,35.706198,51.267132,12.0,0.0,0.2617993877991495,0.0,0.0
2025-01-07 13:40:24,11.0,11.0,10.4,9.9,421300,13.4,1.0,32.0,32.549,34.333333333333336,3.9778333333333333,0.0,74.0,0.0,953.1666666666666,14.5,654.0,3.0,24.0,13.0,14540.719,-15.228833333333334,559640.9583333334,0.32633333333333336,20.833166666666667,0.492,1285.0,35.706203,51.267132,12.0,0.0,0.0,0.0,0.0
2025-01-07 13:40:30,14.0,14.0,11.1,9.9,417250,13.433333333333332,1.0,32.0,32.549,34.333333333333336,3.933666666666667,0.0,75.0,0.0,954.4166666666666,14.5,654.0,3.0,24.0,13.0,14540.719,-14.677,561598.3748333333,0.3256666666666667,20.801833333333335,0.492,1285.0,35.706221,51.267124,12.0,168.95,0.0,0.0,0.0
2025-01-07 13:40:36,12.9,12.9,10.9,10.1,429510,13.416666666666666,1.0,32.0,32.549,34.5,3.951333333333333,0.0,75.5,0.0,951.2916666666666,14.5,654.0,3.0,24.0,13.0,14540.719,-12.479166666666666,563537.9789999999,0.322,20.843666666666667,0.492,1285.0,35.706223,51.2671185,12.0,135.0,-0.2617993877991495,0.0,0.0
2025-01-07 13:40:42,14.1,14.1,10.7,10.3,430970,13.433333333333332,1.0,32.0,32.549,34.333333333333336,3.917,0.0,76.0,0.0,954.3333333333334,14.5,654.0,3.0,24.0,13.0,14540.719,-15.250166666666667,565494.4373333333,0.32016666666666665,20.854,0.492,1285.0,35.706223,51.267113,12.0,270.0,0.0,0.0,0.0
2025-01-07 13:40:48,12.1,12.1,11.2,10.2,429060,13.416666666666666,1.0,32.0,32.549,34.166666666666664,3.9293333333333336,0.0,75.5,0.0,957.5,14.5,654.5,3.0,24.0,13.0,14540.719,-14.656500000000001,567447.2706666667,0.3276666666666667,20.8225,0.492,1285.0,35.706223,51.267104999999994,12.0,270.0,0.0,0.0,0.0
2025-01-07 13:40:54,13.1,13.1,11.7,10.2,435830,13.433333333333332,1.0,32.0,32.549,34.166666666666664,3.9365,0.0,73.66666666666667,0.0,956.125,14.5,656.0,3.0,24.0,13.0,14540.719,-14.729166666666666,569408.9898333333,0.328,20.833166666666667,0.492,1285.0,35.7062245,51.267104999999994,12.0,135.0,0.2617993877991495,0.0,0.0
2025-01-07 13:41:00,12.8,12.8,10.3,10.1,427610,13.4,1.0,32.0,32.549,34.333333333333336,3.9339999999999997,0.0,71.66666666666667,0.0,955.9583333333334,14.5,657.0,3.0,24.0,13.0,14540.719,-14.7605,571379.3545,0.33066666666666666,20.875,0.492,1285.0,35.70623,51.267101,12.0,195.81000000000003,0.26179938779914946,0.0,0.0
2025-01-07 13:41:06,12.3,12.3,10.7,10.1,434920,13.4,1.0,32.0,32.549,34.333333333333336,3.923,0.0,71.0,0.0,952.0833333333334,14.5,657.0,3.0,24.0,13.0,14540.719,-14.75,573340.2396666667,0.32433333333333336,20.906499999999998,0.492,1285.0,35.70623,51.267109000000005,12.0,90.0,0.0,0.0,0.0
2025-01-07 13:41:12,13.6,13.6,11.0,10.1,424410,13.450000000000001,1.0,32.0,32.549,34.166666666666664,3.9115,0.0,71.0,0.0,954.125,14.5,657.0,3.0,24.0,13.0,14540.719,-14.780999999999999,575294.1666666666,0.3215,20.854166666666668,0.492,1285.0,35.70623,51.2671185,12.0,90.0,0.0,0.0,0.0
2025-01-07 13:41:18,12.8,12.8,11.0,10.5,445690,13.450000000000001,1.0,32.0,32.549,34.166666666666664,3.9055,0.0,71.66666666666667,0.0,952.4166666666666,14.5,657.0,3.0,24.0,13.0,14540.719,-14.697833333333334,577244.5313333333,0.3255,20.854,0.492,1285.0,35.706226,51.267135499999995,12.0,105.81,0.0,0.0,0.0
2025-01-07 13:41:24,12.3,12.3,11.3,10.4,448300,13.450000000000001,1.0,32.0,32.549,34.5,3.9194999999999998,0.0,72.0,0.0,953.25,14.5,657.0,3.0,24.0,13.0,14540.719,-14.739666666666666,579204.3748333333,0.324,20.833000000000002,0.492,1285.0,35.706226,51.26713900000001,12.0,90.0,0.0,0.0,0.0
2025-01-07 13:41:30,13.8,13.8,11.1,10.2,426610,13.466666666666667,1.0,32.0,32.58383333333333,34.333333333333336,3.917666666666667,0.0,72.66666666666667,0.0,952.5,14.5,657.0,3.0,24.0,13.0,14540.719,-15.489333333333333,581145.323,0.32266666666666666,20.81233333333333,0.492,1285.0,35.7062245,51.267147,12.0,135.0,0.2617993877991495,0.0,0.0
2025-01-07 13:41:36,13.1,13.1,11.6,10.5,444290,13.450000000000001,1.0,32.0,32.594166666666666,34.333333333333336,3.907,0.0,73.16666666666667,0.0,951.2916666666666,14.5,656.5,3.0,24.0,13.0,14540.719,-15.521,583087.8958333334,0.3216666666666667,20.854,0.492,1285.0,35.7062245,51.267147,12.0,90.0,-0.5235987755982988,0.0,0.0
2025-01-07 13:41:42,16.5,16.4,12.0,10.7,452050,13.466666666666667,1.0,32.0,32.573,34.333333333333336,3.8885,0.0,74.0,0.0,952.75,14.5,654.0,3.0,24.0,13.0,14540.719,-14.687666666666667,585028.25,0.321,20.833166666666667,0.492,1285.0,35.706226,51.2671585,12.0,90.0,0.2617993877991495,0.0,0.0
2025-01-07 13:41:48,19.7,19.7,12.4,11.1,466030,13.466666666666667,1.0,32.0,32.56183333333333,34.333333333333336,3.9265000000000003,0.0,75.0,0.0,952.3333333333334,14.5,655.0,3.0,24.0,13.0,14540.719,-14.655999999999999,586962.0311666667,0.32033333333333336,20.843666666666667,0.492,1285.0,35.706223,51.267174000000004,12.0,102.395,0.0,0.0,0.0
2025-01-07 13:41:54,34.4,34.1,22.0,11.8,480360,13.450000000000001,1.0,32.0,32.55583333333333,34.5,3.9335,0.0,75.33333333333333,0.0,951.4166666666666,14.5,654.0,3.0,24.0,13.0,14540.719,-14.531333333333334,588907.8231666667,0.3245,20.8855,0.492,1285.0,35.706223,51.26718350000001,12.0,90.0,0.0,0.0,0.0
2025-01-07 13:42:00,125.9,120.0,20.5,12.1,489030,13.466666666666667,1.0,32.0,32.55266666666667,34.666666666666664,3.9323333333333337,0.0,76.0,0.0,949.0416666666666,14.5,654.0,3.0,24.0,13.0,14540.719,-15.083166666666665,590854.4168333333,0.32633333333333336,20.82283333333333,0.492,1285.0,35.706232,51.267189,12.0,0.0,-0.2617993877991495,0.0,0.0
2025-01-07 13:42:06,26.7,26.0,12.3,11.2,475100,13.483333333333334,1.0,32.0,32.55083333333334,34.0,4.005166666666667,0.0,75.66666666666667,0.0,962.5,14.5,655.5,3.0,24.0,13.0,14540.719,-15.333666666666666,592818.4060000001,0.3265,20.81233333333333,0.492,1285.0,35.706238,51.267197,12.0,58.38,0.16982053621904816,0.0,0.0
2025-01-07 13:42:12,17.5,17.5,12.5,11.1,472290,13.466666666666667,1.0,32.5,32.6175,35.333333333333336,4.309333333333333,0.44,74.16666666666667,0.0,969.125,14.5,657.0,3.0,21.333333333333332,13.0,14540.719,-15.239666666666666,594814.0418333333,0.3601666666666667,20.6665,0.492,1285.0,35.706236,51.267197,12.0,119.19,0.3537782393792506,0.0,0.0
2025-01-07 13:42:18,14.1,14.1,11.9,10.9,467730,13.383333333333333,17.0,33.0,32.01866666666667,37.5,4.3315,0.0,72.16666666666667,3.5,913.4166666666666,14.5,654.5,3.0,24.0,1.0,14540.720333333333,-10.177,597007.2810000001,0.3615,20.604,0.492,1285.0,35.706216500000004,51.267187500000006,12.0,194.87,0.08651015325718563,0.5833333333333334,0.0
2025-01-07 13:42:24,14.7,14.7,11.7,11.0,468940,13.433333333333332,17.0,33.0,31.2995,37.666666666666664,6.4195,5.6401666666666666,71.16666666666667,8.833333333333334,1389.4583333333333,14.5,653.0,3.0,13.333333333333334,1.0,14540.729833333333,-1.8541666666666667,599378.448,0.5383333333333333,19.823,0.492,1285.0,35.706129,51.2671435,12.0,200.19500000000002,-0.03458660801035434,0.888888888888889,0.0
2025-01-07 13:42:30,16.1,16.1,11.9,11.0,470890,13.4,65.0,33.0,30.340500000000002,29.5,7.272333333333333,1.5273333333333332,71.0,13.666666666666666,2176.2916666666665,14.5,655.5,3.0,21.333333333333332,1.0,14540.752,-20.5415,603237.177,0.5893333333333334,20.125,0.492,1285.0,35.7059475,51.267073,12.0,196.74,-0.009832021452901378,0.8055555555555554,0.0
2025-01-07 13:42:36,15.6,15.6,12.1,11.0,463020,13.383333333333333,65.0,32.5,33.756,32.833333333333336,3.457333333333333,0.0,71.33333333333333,1.1666666666666667,921.375,14.5,658.5,3.0,24.0,11.0,14540.765333333335,-13.645666666666665,605737.0,0.30983333333333335,21.010666666666665,0.492,1285.0,35.705808499999996,51.267044,12.0,175.41,-0.09701121759001813,0.0,2.0833333333333335
2025-01-07 13:42:42,14.9,14.9,12.2,10.4,441430,13.466666666666667,1.0,32.0,32.977333333333334,34.166666666666664,3.7865,0.0,72.16666666666667,0.0,934.4583333333334,14.5,655.5,3.0,24.0,13.0,14540.765999999998,-14.510333333333334,607683.5416666666,0.33116666666666666,20.896,0.492,1285.0,35.7057835,51.26704800000001,12.0,180.0,0.054919693796088215,0.0,0.19444444444444445
2025-01-07 13:42:48,12.9,12.9,11.4,10.5,444890,13.5,1.0,32.0,32.7785,34.5,3.8841666666666668,0.0,72.83333333333333,0.0,950.9166666666666,14.5,654.0,3.0,24.0,13.0,14540.765999999998,-13.729333333333335,609674.0936666667,0.3273333333333333,20.843666666666667,0.492,1285.0,35.7057685,51.26704800000001,12.0,180.0,0.0,0.0,0.0
2025-01-07 13:42:54,13.7,13.7,11.7,10.9,462670,13.466666666666667,1.0,32.0,32.591,34.666666666666664,3.924166666666667,0.0,73.5,0.0,948.9583333333334,14.5,654.0,3.0,24.0,13.0,14540.765999999998,-13.604166666666666,611646.9686666667,0.3265,20.8855,0.492,1285.0,35.705759,51.26704800000001,12.0,180.0,0.0,0.0,0.0
2025-01-07 13:43:00,13.5,13.5,10.4,9.6,410790,13.483333333333334,1.0,32.0,32.52466666666667,34.333333333333336,3.929,0.0,74.5,0.0,954.5,14.5,654.0,3.0,24.0,13.0,14540.765999999998,-14.218666666666666,613613.0208333334,0.326,20.843666666666667,0.492,1285.0,35.7057495,51.26704,12.0,209.18999999999997,0.0,0.0,0.0
2025-01-07 13:43:06,14.9,14.9,11.4,10.6,454760,13.450000000000001,1.0,32.0,32.524499999999996,34.333333333333336,3.9173333333333336,0.0,75.33333333333333,0.0,952.4166666666666,14.5,654.0,3.0,24.0,13.0,14540.765999999998,-14.343666666666666,615576.8541666666,0.32516666666666666,20.833166666666667,0.492,1284.0,35.705738000000004,51.267033,12.0,207.43500000000003,0.0,0.0,0.0
2025-01-07 13:43:12,19.8,19.4,12.7,10.9,459020,13.466666666666667,1.0,32.0,32.66533333333333,34.5,3.8831666666666664,0.0,76.0,0.0,951.4583333333334,14.5,654.0,3.0,24.0,13.0,14540.765999999998,-14.343666666666666,617523.1041666666,0.324,20.875,0.492,1283.0,35.70573,51.267029,12.0,225.0,0.2617993877991495,0.0,0.0
2025-01-07 13:43:18,33.8,32.9,12.4,10.9,465230,13.466666666666667,1.0,32.0,32.6655,34.333333333333336,3.9331666666666667,0.0,76.0,0.0,953.3333333333334,14.5,654.0,3.0,24.0,13.0,14540.765999999998,-14.448,619469.9585000001,0.32233333333333336,20.8645,0.492,1283.0,35.705725,51.267025,12.0,180.0,-0.2617993877991495,0.0,0.0
2025-01-07 13:43:24,14.2,14.2,12.1,10.9,457160,13.433333333333332,1.0,32.0,32.61083333333333,34.166666666666664,3.924,0.0,75.16666666666667,0.0,957.5,14.5,654.0,3.0,24.0,13.0,14540.765999999998,-14.333166666666665,621408.8333333334,0.32183333333333336,20.843500000000002,0.492,1283.0,35.705723,51.267025,12.0,180.0,0.0,0.0,0.0
2025-01-07 13:43:30,13.5,13.5,12.0,11.0,464730,13.416666666666666,1.0,32.0,32.60166666666667,34.0,3.901,0.0,72.83333333333333,0.0,952.2916666666666,14.5,654.0,3.0,24.0,13.0,14540.765999999998,-15.458166666666665,623359.6456666667,0.3275,20.8855,0.492,1283.0,35.705723,51.267033,12.0,90.0,-0.2617993877991495,0.0,0.0
2025-01-07 13:43:36,28.1,28.1,18.2,11.4,461420,13.433333333333332,1.0,32.0,32.649166666666666,34.166666666666664,3.8480000000000003,0.0,71.16666666666667,0.0,946.875,14.5,654.0,3.0,24.0,13.0,14540.765999999998,-14.541666666666666,625313.5835000001,0.324,20.896,0.492,1283.0,35.705725,51.267033,12.0,45.0,-0.2617993877991495,0.0,0.0
2025-01-07 13:43:42,17.4,17.2,12.1,11.4,481010,13.316666666666668,1.0,32.833333333333336,32.39416666666667,41.666666666666664,5.385833333333333,2.5858333333333334,71.0,0.8333333333333334,1007.9583333333334,14.5,653.0,3.0,21.333333333333332,9.0,14540.765999999998,-7.395833333333333,627485.75,0.46449999999999997,19.791666666666668,0.492,1283.0,35.705727,51.267033,12.0,0.0,0.0,0.1388888888888889,0.0
2025-01-07 13:43:48,17.9,17.9,14.2,12.1,502210,13.366666666666667,97.0,33.0,33.20166666666666,37.166666666666664,3.9773333333333336,0.0,71.0,5.5,903.5,14.5,650.0,3.0,24.0,1.0,14540.770833333334,-8.177166666666666,630050.875,0.32883333333333337,20.697666666666667,0.492,1283.0,35.705677,51.267033,12.0,180.0,-0.5235987755982988,0.7777777777777778,0.0
2025-01-07 13:43:54,20.6,20.6,14.3,12.0,499050,13.383333333333333,97.0,33.0,34.82333333333333,38.5,4.7058333333333335,0.0,72.0,0.3333333333333333,967.1666666666666,14.5,647.0,3.0,24.0,11.0,14540.777,-12.323,632184.9271666667,0.38366666666666666,20.416666666666668,0.492,1283.0,35.705639,51.267036499999996,12.0,135.0,-0.2617993877991495,0.0,0.8611111111111112
2025-01-07 13:44:00,50.9,50.2,23.9,12.5,484270,13.383333333333333,43.666666666666664,33.0,34.782000000000004,37.666666666666664,4.550833333333333,0.0,72.33333333333333,1.0,1048.4583333333333,14.5,645.0,3.0,21.333333333333332,7.0,14540.777,-13.4895,634521.9686666667,0.38033333333333336,20.281333333333333,0.492,1283.0,35.705634999999994,51.26704,12.0,135.0,0.2617993877991495,0.11111111111111112,0.0
2025-01-07 13:44:06,46.4,46.3,21.6,13.1,540620,13.333333333333334,17.0,33.0,33.748666666666665,32.833333333333336,4.324833333333333,0.5416666666666666,73.0,6.333333333333333,1043.625,14.5,646.5,3.0,24.0,1.0,14540.782333333334,-13.7395,636688.2811666667,0.36400000000000005,20.57283333333333,0.492,1283.0,35.705577999999996,51.2670215,12.0,195.705,0.055501470213419696,0.8888888888888888,0.0
2025-01-07 13:44:12,35.0,34.2,14.8,11.5,475800,13.383333333333333,1.0,33.0,32.079,41.333333333333336,6.7775,8.899333333333333,73.83333333333333,8.0,1249.625,14.5,651.0,3.0,10.666666666666666,1.0,14540.795,7.062833333333334,639101.667,0.5925,19.49983333333333,0.492,1283.0,35.705507000000004,51.266923999999996,12.0,245.05999999999997,0.19492418862689995,0.27777777777777785,0.0
2025-01-07 13:44:18,43.8,43.8,26.2,12.8,493640,13.383333333333333,1.0,32.166666666666664,29.599166666666665,31.333333333333332,8.460166666666668,7.020166666666667,74.66666666666667,14.166666666666666,2207.2083333333335,14.5,648.0,3.0,8.0,1.0,14540.814333333334,-4.5729999999999995,643001.3335000001,0.6526666666666667,20.020833333333332,0.492,1283.0,35.705534,51.2666985,12.0,280.925,0.0466584686699818,1.0277777777777777,0.0
2025-01-07 13:44:24,44.2,43.6,17.6,12.5,506470,13.416666666666666,1.0,32.333333333333336,28.941166666666664,40.833333333333336,12.9,13.126833333333332,75.0,20.5,2819.2083333333335,14.5,656.0,3.0,10.666666666666666,1.1666666666666667,14540.841166666665,8.281,648578.1666666666,1.2285000000000001,19.666833333333333,0.492,1283.0,35.705593,51.266374500000005,12.0,282.915,0.003956079637853854,1.0555555555555556,0.0
2025-01-07 13:44:30,41.8,40.9,16.8,11.9,503570,13.416666666666666,1.0,32.166666666666664,28.221999999999998,43.166666666666664,12.715166666666667,14.765,74.83333333333333,29.5,2441.9166666666665,14.5,663.0,3.0,8.0,2.0,14540.883500000002,15.854166666666666,655512.7916666666,1.1571666666666667,19.19783333333333,0.492,1283.0,35.705681000000006,51.2659145,12.0,283.36,0.0014544410433286069,1.5,0.0
2025-01-07 13:44:36,21.7,21.7,12.7,10.9,461470,13.416666666666666,1.0,32.166666666666664,29.05933333333333,37.5,12.787833333333333,12.277666666666667,72.66666666666667,35.666666666666664,2881.2916666666665,14.5,673.5,3.0,10.666666666666666,2.0,14540.9375,5.250000000000001,662691.2710000001,1.2015,19.87516666666667,0.492,1283.0,35.7057915,51.265295,12.0,282.14,-0.0036070137874549732,1.0277777777777775,0.0
2025-01-07 13:44:42,28.1,26.2,15.0,11.5,477500,13.4,1.0,32.666666666666664,27.5555,37.833333333333336,6.928666666666667,6.380166666666667,72.0,34.333333333333336,1556.1666666666667,14.5,679.5,3.0,16.0,3.8333333333333335,14540.9975,-0.4791666666666667,667468.6353333333,0.6326666666666667,19.052,0.492,1283.0,35.7059685,51.264663500000005,12.0,294.705,0.061348323207600614,0.0,0.22222222222222143
2025-01-07 13:44:48,73.6,73.5,36.6,14.6,517400,13.416666666666666,1.0,32.0,18.405166666666666,88.33333333333333,30.201833333333337,29.46366666666667,72.5,35.5,1488.6666666666667,14.5,679.0,3.0,8.0,4.0,14541.053166666667,84.14583333333333,674306.8333333334,1.7243333333333333,14.718666666666666,0.492,1273.5,35.7063825,51.2643755,12.0,343.01500000000004,0.149720161000247,0.19444444444444406,0.0
2025-01-07 13:44:54,62.7,58.7,23.8,20.9,818310,13.416666666666666,1.0,32.0,17.455833333333334,65.66666666666667,16.143333333333334,23.016499999999997,73.5,44.166666666666664,1851.2916666666667,14.5,689.5,3.0,8.0,4.0,14541.119833333332,53.083333333333336,684012.9793333333,1.377,16.593833333333333,0.492,1274.0,35.706987,51.264479,12.0,11.33,0.04584398168571762,1.444444444444444,0.0
2025-01-07 13:45:00,76.9,76.2,28.4,14.1,512740,13.416666666666666,1.0,32.0,22.84766666666667,57.166666666666664,14.2005,21.588333333333335,74.83333333333333,47.333333333333336,1987.4166666666667,14.5,689.5,3.0,8.0,4.0,14541.196833333333,42.8125,692053.3646666667,1.266,17.61466666666667,0.492,1276.5,35.707677499999996,51.264656,12.0,12.275,0.006108652381980137,0.5277777777777786,0.0
2025-01-07 13:45:06,88.5,80.9,37.0,14.3,515850,13.383333333333333,65.0,33.0,29.757666666666665,30.833333333333332,4.973166666666667,0.0,76.0,35.833333333333336,1440.8333333333333,14.5,687.0,3.0,24.0,4.0,14541.270833333334,-21.427166666666665,697107.9898333333,0.3173333333333333,20.23966666666667,0.492,1279.0,35.708355000000005,51.2648485,12.0,12.515,-0.004712388980384703,0.0,1.9166666666666667
2025-01-07 13:45:12,152.5,139.1,37.6,14.2,514140,13.383333333333333,1.0,32.5,30.314000000000004,94.5,38.37866666666667,31.864666666666665,76.16666666666667,26.333333333333332,1505.6666666666667,14.5,688.5,3.0,8.0,3.0,14541.315166666667,91.58333333333333,703134.4583333334,1.9168333333333336,14.385333333333334,0.492,1279.0,35.7087535,51.26495,12.0,11.585,-0.0020653062815266464,0.0,1.583333333333334
2025-01-07 13:45:18,58.1,55.9,14.2,11.1,463980,13.450000000000001,1.0,32.166666666666664,26.68283333333333,67.0,21.59866666666667,24.385166666666667,72.83333333333333,44.333333333333336,2530.4166666666665,14.5,724.5,3.0,8.0,3.0,14541.375,53.71883333333333,715969.6875,1.9368333333333334,17.26033333333333,0.492,1279.0,35.709293499999994,51.2650835,12.0,11.649999999999999,0.004654211338651611,3.0000000000000004,0.0
2025-01-07 13:45:24,21.3,21.3,13.6,10.8,456460,13.433333333333332,1.0,32.5,27.885666666666665,60.0,19.588666666666665,22.694666666666667,72.0,50.166666666666664,2135.6666666666665,14.5,741.0,3.0,10.666666666666666,4.0,14541.4545,50.500166666666665,726138.5521666667,1.7325,17.375,0.492,1279.0,35.710026,51.2652775,12.0,12.229999999999999,0.0010762863720631833,0.9722222222222214,0.0
2025-01-07 13:45:30,30.8,28.8,13.6,11.2,471940,13.433333333333332,1.0,32.0,27.05366666666667,82.5,33.83866666666667,29.775833333333335,73.16666666666667,59.333333333333336,2475.6666666666665,14.5,767.5,3.0,8.0,4.0,14541.543666666666,81.99983333333334,740058.3125,2.5298333333333334,16.12483333333333,0.492,1283.0,35.710910500000004,51.265503,12.0,11.824999999999998,-0.0005817764173314931,1.5277777777777786,0.0
2025-01-07 13:45:36,21.9,21.9,13.7,11.1,468890,13.466666666666667,1.0,32.0,26.193833333333334,71.0,24.195000000000004,26.36583333333333,74.5,64.83333333333333,2708.625,14.5,790.5,3.0,8.0,4.0,14541.648333333333,63.833666666666666,754952.4793333333,2.287,16.93733333333333,0.492,1284.5,35.711780499999996,51.265751,12.0,13.37,0.004508767234318717,0.9166666666666655,0.0
2025-01-07 13:45:42,22.9,22.8,12.8,11.1,472840,13.4,1.0,32.0,25.956,52.333333333333336,16.18016666666667,20.671499999999998,76.66666666666667,64.0,2678.0833333333335,14.5,793.5,3.0,8.0,4.0,14541.754666666668,31.86466666666667,766103.9371666666,1.6273333333333333,18.218666666666667,0.492,1286.0,35.7127095,51.266199,12.0,25.145,0.043720497762457955,0.0,0.1388888888888881
2025-01-07 13:45:48,32.8,32.2,24.5,21.9,843240,13.416666666666666,1.0,32.0,28.078666666666667,27.5,8.017166666666666,4.337166666666667,74.66666666666667,61.666666666666664,2566.7083333333335,14.5,788.5,3.0,8.0,4.0,14541.86,-9.437666666666667,773171.4376666667,0.6688333333333333,20.708000000000002,0.492,1286.0,35.7135525,51.266825000000004,12.0,32.445,0.015300719775816929,0.0,0.3888888888888893
2025-01-07 13:45:54,25.6,25.6,18.0,17.0,701850,13.4,1.0,32.0,30.314833333333336,30.166666666666668,8.696166666666667,7.326833333333333,73.0,55.666666666666664,2324.5,14.5,782.5,3.0,8.0,4.0,14541.959,-2.7708333333333335,777285.9168333333,0.7268333333333333,20.1145,0.492,1286.0,35.714239,51.267545500000004,12.0,41.815,0.015155275671484045,0.0,1.0
2025-01-07 13:46:00,20.6,20.6,13.9,12.1,500660,13.450000000000001,1.0,32.0,26.801666666666666,41.333333333333336,11.660833333333334,14.865,73.5,52.333333333333336,2174.5416666666665,14.5,776.5,3.0,8.0,4.0,14542.0475,17.05216666666667,781988.2186666667,1.0451666666666666,19.166833333333333,0.492,1286.0,35.7148535,51.2682245,12.0,45.745,0.04290601077819392,0.0,0.5555555555555548
2025-01-07 13:46:06,24.5,24.1,13.9,11.8,483620,13.433333333333332,1.0,32.0,21.111166666666666,43.5,11.961833333333333,15.117166666666668,74.5,53.166666666666664,2216.0833333333335,14.5,770.5,3.0,8.0,4.0,14542.133500000002,19.1145,788754.219,1.0443333333333333,19.052,0.492,1286.0,35.7151165,51.2691365,12.0,76.99499999999999,0.07702719765468313,0.1388888888888881,0.0
2025-01-07 13:46:12,21.6,20.9,15.1,13.3,540070,13.450000000000001,1.0,32.0,24.028333333333336,46.0,12.732333333333335,15.536833333333332,76.16666666666667,55.833333333333336,2329.1666666666665,14.5,765.0,3.0,8.0,4.0,14542.225166666665,20.770666666666667,795668.125,1.1466666666666667,18.88533333333333,0.492,1286.0,35.715218,51.2701625,12.0,84.045,0.01183915009269485,0.44444444444444525,0.0
2025-01-07 13:46:18,18.7,18.7,13.6,11.9,500160,13.450000000000001,1.0,32.0,26.759833333333333,45.0,13.2965,16.641333333333332,75.16666666666667,60.0,2507.375,14.5,760.5,3.0,8.0,4.0,14542.320333333331,20.208333333333332,803677.3333333334,1.2893333333333332,18.916666666666668,0.492,1286.0,35.715288,51.2712575,12.0,85.7,0.0024143721319255253,0.6944444444444441,0.0
2025-01-07 13:46:24,21.2,21.2,16.3,13.5,553210,13.416666666666666,1.0,32.0,29.17216666666667,46.5,14.237166666666667,17.173666666666666,73.0,62.666666666666664,2619.2916666666665,14.5,757.5,3.0,8.0,4.0,14542.422,22.0,811273.1875,1.385,18.875333333333334,0.492,1286.0,35.715353,51.2724155,12.0,85.86500000000001,-0.0022107503858595397,0.44444444444444403,0.0
2025-01-07 13:46:30,22.4,22.4,15.6,12.4,521660,13.4,1.0,32.0,30.068833333333334,45.5,14.623333333333335,17.8055,73.16666666666667,67.0,2790.2916666666665,14.5,755.5,3.0,8.0,4.0,14542.529333333334,21.104000000000003,820186.198,1.3915,19.041666666666668,0.492,1286.0,35.715433,51.2736415,12.0,85.485,0.0009599310885968344,0.7222222222222227,0.0
2025-01-07 13:46:36,33.4,32.8,22.2,18.5,725720,13.433333333333332,1.0,32.0,30.869666666666664,38.833333333333336,12.93,14.381333333333332,74.66666666666667,68.83333333333333,2876.5,14.5,752.5,3.0,8.0,4.0,14542.642,9.968666666666666,827929.8438333333,1.1746666666666667,19.7395,0.492,1286.0,35.7155095,51.274927,12.0,86.02,0.0025016385945251626,0.30555555555555475,0.0
2025-01-07 13:46:42,21.7,21.7,16.2,13.4,552310,13.466666666666667,1.0,32.0,31.62,32.666666666666664,11.115499999999999,11.328000000000001,76.0,69.0,2875.0833333333335,14.5,749.5,3.0,8.0,4.0,14542.756500000001,1.1666666666666667,834176.4686666667,0.98,20.2915,0.492,1286.0,35.715576000000006,51.2762375,12.0,86.555,0.001512618685061782,0.027777777777778567,0.0
2025-01-07 13:46:48,38.2,35.7,20.5,17.6,687610,13.466666666666667,1.0,32.0,32.60766666666667,32.333333333333336,10.964833333333333,11.067666666666668,75.0,69.0,2877.7916666666665,14.5,746.5,3.0,8.0,4.0,14542.870499999999,0.46866666666666656,840155.0208333334,0.9731666666666666,20.406333333333333,0.492,1286.0,35.715641,51.27754000000001,12.0,86.49000000000001,5.817764173325664e-05,0.0,0.0
2025-01-07 13:46:54,36.7,36.7,21.9,13.4,540720,13.483333333333334,1.0,32.0,32.933,43.0,14.882166666666668,16.443833333333334,73.0,70.33333333333333,2939.9583333333335,14.5,746.5,3.0,8.0,4.0,14542.985666666667,19.468999999999998,846623.8018333333,1.4736666666666667,19.37483333333333,0.492,1286.0,35.715703999999995,51.278852,12.0,86.73,0.0013380857598623431,0.22222222222222143,0.0
2025-01-07 13:47:00,31.9,31.6,15.9,12.5,523220,13.483333333333334,1.0,32.0,32.997166666666665,26.5,9.774,5.809666666666668,73.66666666666667,73.33333333333333,3046.75,13.716666666666667,749.5,3.0,10.666666666666666,4.0,14543.105333333333,-16.19783333333333,854077.9791666666,0.6693333333333333,21.270833333333332,0.492,1286.0,35.7157705,51.28022000000001,12.0,86.485,-0.0010762863720631833,0.5,0.0
2025-01-07 13:47:06,33.4,33.4,22.4,13.4,543730,13.466666666666667,1.0,32.0,33.43983333333333,27.166666666666668,9.662666666666667,7.547000000000001,75.16666666666667,72.0,3003.25,14.5,747.0,3.0,8.0,4.0,14543.225833333332,-7.5,858721.1038333332,0.8186666666666667,21.156166666666667,0.492,1286.0,35.715841,51.2815915,12.0,86.265,-0.001279908118129169,0.0,0.22222222222222143
2025-01-07 13:47:12,34.2,34.0,15.3,13.1,549750,13.433333333333332,1.0,32.0,32.71216666666667,45.166666666666664,15.952833333333333,18.412333333333333,76.16666666666667,74.33333333333333,3099.375,14.5,750.0,3.0,8.0,4.0,14543.346333333333,22.24983333333333,866186.6978333333,1.5921666666666667,19.291666666666668,0.492,1286.0,35.715914,51.282954999999994,12.0,85.90000000000002,-0.003985168458720317,0.3888888888888881,0.0
2025-01-07 13:47:18,37.4,36.7,17.8,13.4,547290,13.450000000000001,1.0,32.0,33.6095,28.0,10.784166666666666,6.647666666666667,74.0,75.16666666666667,3139.2916666666665,14.316666666666668,751.0,3.0,13.333333333333334,4.0,14543.4715,-15.5625,873186.7603333333,0.6733333333333333,21.13533333333333,0.492,1286.0,35.716003,51.2843915,12.0,85.935,0.003490658503988627,0.13888888888889048,0.0
2025-01-07 13:47:24,46.1,43.6,19.8,13.7,556020,13.5,1.0,32.0,33.634166666666665,36.666666666666664,12.945333333333332,13.591999999999999,73.0,73.33333333333333,3056.1666666666665,14.5,750.0,3.0,8.0,4.0,14543.593833333332,7.5,878529.948,1.1783333333333335,20.17716666666667,0.492,1286.0,35.716076,51.2857875,12.0,86.49000000000001,0.0020362174606600183,0.0,0.30555555555555713
2025-01-07 13:47:30,116.5,77.5,21.3,14.3,572980,13.450000000000001,1.0,32.0,33.4115,37.666666666666664,13.415999999999999,14.847833333333334,74.16666666666667,74.33333333333333,3100.7083333333335,14.5,748.0,3.0,8.0,4.0,14543.716833333334,9.822833333333334,886093.6248333333,1.2248333333333334,20.00016666666667,0.492,1286.0,35.716152,51.2871855,12.0,85.99000000000001,-0.002094395102393275,0.16666666666666666,0.0
2025-01-07 13:47:36,65.7,61.6,19.1,13.7,563300,13.466666666666667,1.0,32.0,33.300666666666665,43.833333333333336,15.763,19.350166666666667,75.5,75.83333333333333,3156.2083333333335,14.5,747.5,3.0,8.0,4.0,14543.839833333333,20.458166666666667,894299.4585000001,1.5991666666666668,19.4585,0.492,1286.0,35.716221,51.28860649999999,12.0,86.58,5.817764173309184e-05,0.25,0.0
2025-01-07 13:47:42,119.3,81.0,20.1,13.5,558030,13.483333333333334,1.0,32.0,33.3015,32.666666666666664,12.266666666666666,12.508166666666668,76.33333333333333,77.16666666666667,3216.5,14.5,749.0,3.0,8.0,4.0,14543.966833333334,2.1771666666666665,902903.4998333333,1.1028333333333333,20.781166666666667,0.492,1286.0,35.7162875,51.290062,12.0,86.87,0.001134464013796275,0.2222222222222238,0.0
2025-01-07 13:47:48,125.7,112.8,25.4,14.4,568160,13.450000000000001,1.0,32.0,33.73066666666667,30.5,11.3835,11.307833333333333,73.33333333333333,75.33333333333333,3141.3333333333335,14.5,746.0,3.0,8.0,4.0,14544.092499999999,-1.3641666666666667,908753.8541666666,0.9660000000000001,20.916666666666668,0.492,1286.0,35.716358,51.291511500000006,12.0,86.68,0.0012207987023543053,0.0,0.30555555555555713
2025-01-07 13:47:54,41.3,41.2,22.7,13.8,561640,13.466666666666667,1.0,32.0,33.76316666666667,43.333333333333336,15.486500000000001,18.831,73.66666666666667,74.66666666666667,3122.3333333333335,14.5,745.5,3.0,8.0,4.0,14544.217499999999,20.354333333333333,915561.3333333334,1.5534999999999999,19.56233333333333,0.492,1286.0,35.7164175,51.292923,12.0,87.09499999999998,0.0007853981633973954,0.0,0.11111111111110954
2025-01-07 13:48:00,29.5,28.9,16.1,13.4,551960,13.466666666666667,1.0,32.0,33.1745,48.166666666666664,17.582,22.040000000000003,75.0,78.5,3273.5416666666665,14.5,757.5,3.0,8.0,4.0,14544.3445,28.781166666666667,926455.9686666667,1.8086666666666666,19.25016666666667,0.492,1286.0,35.716484,51.2943765,12.0,86.55,-0.0026470826988580567,0.6388888888888881,0.0
2025-01-07 13:48:06,21.3,21.3,15.1,13.4,561090,13.483333333333334,1.0,32.0,32.81966666666667,43.833333333333336,16.219166666666666,12.385666666666665,76.66666666666667,81.66666666666667,3401.125,14.5,765.0,3.0,8.0,4.0,14544.477833333332,20.041666666666668,937358.2603333333,1.6013333333333335,20.041666666666668,0.492,1286.0,35.716562,51.2958945,12.0,86.495,0.0013962634015955164,0.5277777777777786,0.0
2025-01-07 13:48:12,23.0,23.0,15.4,13.3,548450,13.483333333333334,1.0,32.0,33.2675,35.833333333333336,13.711166666666665,0.0,74.66666666666667,81.5,3395.0416666666665,14.5,764.0,3.0,8.0,4.0,14544.612666666668,6.833166666666666,945465.9061666667,1.2765,20.781000000000002,0.492,1286.0,35.716635000000004,51.2974455,12.0,86.67500000000001,-5.817764173317409e-05,0.0,0.027777777777778567
2025-01-07 13:48:18,23.6,23.5,15.1,13.5,562340,13.483333333333334,1.0,32.0,31.355,38.0,14.399500000000002,0.0,73.83333333333333,81.0,3390.4583333333335,14.5,761.0,3.0,8.0,4.0,14544.748,10.677166666666666,953456.7291666666,1.3555,20.562166666666666,0.492,1286.0,35.716705,51.298986500000005,12.0,86.71499999999999,-0.0009599310885969177,0.0,0.08333333333333333
2025-01-07 13:48:24,30.7,30.1,17.3,13.7,559930,13.466666666666667,1.0,32.0,33.07533333333333,36.833333333333336,13.588666666666667,0.0,74.83333333333333,79.66666666666667,3325.6666666666665,14.5,760.0,3.0,10.666666666666666,4.0,14544.880833333335,2.416666666666666,960344.2813333333,1.1483333333333334,20.6145,0.492,1286.0,35.716770000000004,51.300522,12.0,86.98,-0.0003490658503988783,0.0,0.22222222222222143
2025-01-07 13:48:30,26.8,26.2,16.5,13.6,568420,13.466666666666667,1.0,32.0,33.26166666666666,33.333333333333336,12.534666666666666,0.0,76.5,78.66666666666667,3274.4583333333335,14.5,760.0,3.0,8.0,4.0,14545.013,3.4895,967890.1563333333,1.1286666666666667,20.906000000000002,0.492,1286.0,35.716837,51.302017,12.0,86.935,0.001105375192929728,0.0,0.16666666666666666
2025-01-07 13:48:36,29.2,28.9,16.0,12.8,540820,13.5,1.0,32.0,33.216,42.0,15.516,0.0,74.83333333333333,78.83333333333333,3273.25,14.5,762.0,3.0,8.0,4.0,14545.143166666667,18.927,976364.9581666667,1.524,19.88533333333333,0.492,1286.0,35.7169,51.303505,12.0,86.91000000000001,-0.0012217304763960763,0.027777777777776198,0.0
2025-01-07 13:48:42,36.7,33.2,16.6,13.5,569870,13.516666666666666,1.0,32.0,33.03783333333333,40.5,14.958333333333334,0.0,73.66666666666667,78.33333333333333,3262.0833333333335,14.5,759.5,3.0,8.0,4.0,14545.273500000001,16.677,985279.0416666666,1.4196666666666669,19.968999999999998,0.492,1286.0,35.716970499999995,51.304992999999996,12.0,86.92500000000001,0.003054326190990109,0.0,0.08333333333333333
2025-01-07 13:48:48,20.4,20.4,15.4,13.3,556870,13.483333333333334,1.0,32.0,32.464666666666666,44.5,16.256333333333334,0.0,74.5,78.0,3250.3333333333335,14.5,760.0,3.0,8.0,4.0,14545.400333333333,23.010666666666665,994472.4688333333,1.6391666666666669,19.603833333333334,0.492,1286.0,35.7170185,51.306465,12.0,87.795,0.0011053751929297289,0.0,0.05555555555555477
2025-01-07 13:48:54,30.9,29.1,16.7,13.9,588440,13.533333333333333,1.0,32.0,31.519499999999997,44.666666666666664,16.347166666666666,0.0,76.5,78.16666666666667,3264.375,14.5,763.0,3.0,8.0,4.0,14545.528,23.697833333333335,1004393.875,1.6371666666666667,19.656499999999998,0.492,1286.0,35.7170695,51.307938,12.0,87.64999999999999,0.0011053751929297284,0.027777777777778567,0.0
2025-01-07 13:49:00,29.9,29.3,17.6,14.4,605410,13.5,1.0,32.0,30.777833333333334,44.833333333333336,16.454166666666666,0.0,75.33333333333333,78.33333333333333,3269.9166666666665,14.5,766.0,3.0,8.0,4.0,14545.658000000001,23.781499999999998,1014328.5625,1.7065000000000001,19.6355,0.492,1286.0,35.717073500000005,51.309428999999994,12.0,90.71499999999999,0.010530153153699132,0.027777777777776198,0.0
2025-01-07 13:49:06,89.5,86.6,31.5,22.1,906670,13.450000000000001,1.0,32.0,30.87,43.166666666666664,15.842833333333333,0.0,74.0,78.83333333333333,3270.875,14.5,768.0,3.0,8.0,4.0,14545.788999999999,20.69783333333333,1024154.6355,1.5628333333333335,19.801666666666666,0.492,1286.0,35.717022,51.310925,12.0,92.885,0.005265076576849566,0.08333333333333333,0.0
2025-01-07 13:49:12,31.0,31.0,21.2,17.5,700940,13.466666666666667,1.0,32.0,31.072333333333333,43.0,15.814333333333332,0.0,74.83333333333333,78.0,3258.125,14.5,768.0,3.0,8.0,4.0,14545.918,20.32283333333333,1033598.4583333334,1.5759999999999998,19.770666666666667,0.492,1286.0,35.7169135,51.312416000000006,12.0,95.755,0.007417649320975852,0.0,0.1388888888888881
2025-01-07 13:49:18,29.8,29.1,15.7,14.4,605310,13.466666666666667,1.0,32.0,30.8085,43.0,15.771500000000001,0.0,76.33333333333333,78.0,3252.9166666666665,14.5,768.0,3.0,8.0,4.0,14546.047,20.67716666666667,1042978.0936666667,1.5576666666666668,19.75,0.492,1286.0,35.716747500000004,51.313885,12.0,98.745,0.009570222065102297,0.0,0.0
2025-01-07 13:49:24,19.7,19.7,14.9,13.5,581210,13.416666666666666,1.0,32.0,31.037666666666667,41.5,15.3225,0.0,74.66666666666667,78.83333333333333,3282.625,14.5,769.0,3.0,8.0,4.0,14546.177833333333,17.44783333333333,1052358.4478333334,1.4814999999999998,19.968500000000002,0.492,1286.0,35.716516500000004,51.315349499999996,12.0,101.58999999999999,0.0069813170079774155,0.1388888888888881,0.0
2025-01-07 13:49:30,20.4,20.2,15.6,14.1,594720,13.466666666666667,1.0,32.0,31.548333333333332,36.333333333333336,13.823333333333332,0.0,74.0,79.0,3283.9583333333335,14.5,766.5,3.0,8.0,4.0,14546.3085,9.645666666666665,1060594.2291666667,1.2888333333333333,20.406499999999998,0.492,1286.0,35.716238,51.3168105,12.0,103.77499999999999,0.006544984694978737,0.027777777777778567,0.0
2025-01-07 13:49:36,36.6,36.5,18.6,15.0,620280,13.416666666666666,1.0,32.0,31.97283333333333,36.5,13.784666666666666,0.0,75.33333333333333,78.83333333333333,3276.9583333333335,14.5,763.5,3.0,8.0,4.0,14546.438833333334,9.499833333333333,1068203.5208333333,1.261,20.3855,0.492,1286.0,35.715928999999996,51.3182565,12.0,104.745,0.0,0.0,0.027777777777778567
2025-01-07 13:49:42,20.3,20.3,15.5,13.6,573430,13.483333333333334,33.0,32.166666666666664,32.18083333333333,34.0,12.519,0.0,75.66666666666667,77.5,3229.7916666666665,14.5,760.5,3.0,13.333333333333334,4.0,14546.5685,-7.927333333333334,1075416.1041666667,0.8101666666666666,20.666999999999998,0.492,1286.0,35.715618,51.319702500000005,12.0,104.96499999999999,0.001512618685061698,0.0,0.22222222222222143
2025-01-07 13:49:48,22.0,22.0,16.5,14.0,588190,13.416666666666666,49.0,32.833333333333336,32.87616666666667,35.0,13.383166666666666,6.139166666666667,73.5,68.33333333333333,2844.9583333333335,14.5,765.5,3.0,21.333333333333332,4.0,14546.6915,-9.958333333333334,1080263.6666666667,1.0105000000000002,20.406499999999998,0.492,1286.0,35.7153305,51.321048999999995,12.0,105.08,0.0036651914291880665,0.0,1.5277777777777786
2025-01-07 13:49:54,23.3,23.3,17.3,13.8,580210,13.516666666666666,17.0,32.333333333333336,31.497500000000002,36.0,11.863,10.8725,73.83333333333333,66.5,2779.75,14.4,773.5,3.0,16.0,4.0,14546.802000000001,1.0208333333333333,1086856.5,1.1648333333333334,19.98966666666667,0.492,1286.0,35.7150345,51.3222735,12.0,106.73,0.0017744180728609417,0.0,0.30555555555555475
2025-01-07 13:50:00,22.5,22.5,16.7,14.2,586740,13.483333333333334,49.0,32.666666666666664,33.10833333333333,30.166666666666668,9.305333333333333,0.7040000000000001,75.16666666666667,64.16666666666667,2660.4166666666665,14.283333333333333,770.5,3.0,24.0,4.0,14546.912166666667,-28.125,1091572.3333333333,0.5221666666666667,20.42716666666667,0.492,1286.0,35.7147445,51.3234785,12.0,106.84499999999998,0.0037815467126543303,0.0,0.3888888888888881
2025-01-07 13:50:06,21.5,21.5,17.5,14.3,598130,13.5,17.0,32.0,32.63733333333334,33.833333333333336,10.244833333333334,6.795333333333335,76.0,58.166666666666664,2436.875,14.433333333333332,766.5,3.0,18.666666666666668,4.0,14547.013666666666,-15.531166666666666,1094682.4583333333,0.7206666666666667,19.906166666666667,0.492,1286.0,35.714439,51.324577500000004,12.0,109.925,0.011460995421429422,0.0,1.000000000000001
2025-01-07 13:50:12,19.8,19.8,14.7,13.5,576340,13.466666666666667,1.0,32.0,32.810833333333335,35.0,10.336,11.073833333333333,74.0,61.166666666666664,2555.5416666666665,14.5,762.5,3.0,8.0,4.0,14547.111333333334,5.625166666666666,1099865.2291666667,0.9436666666666667,20.01033333333333,0.492,1286.0,35.7141435,51.3256395,12.0,108.00999999999999,-0.010559241974565682,0.5,0.0
2025-01-07 13:50:18,20.6,20.6,16.2,13.6,579110,13.5,1.0,32.0,33.571666666666665,34.666666666666664,11.126666666666667,12.7265,73.0,63.333333333333336,2639.5416666666665,14.5,759.0,3.0,8.0,4.0,14547.215000000002,5.927,1105031.625,0.9901666666666666,19.989333333333335,0.492,1286.0,35.713834999999996,51.326765,12.0,109.015,0.004276056667386105,0.3611111111111119,0.0
2025-01-07 13:50:24,18.9,18.9,15.4,13.7,577750,13.483333333333334,1.0,32.0,33.321,35.0,11.031666666666666,12.494833333333332,73.5,63.666666666666664,2653.5833333333335,14.5,756.0,3.0,8.0,4.0,14547.320166666666,5.8855,1111001.4375,1.018,20.06266666666667,0.492,1286.0,35.713522000000005,51.327909000000005,12.0,108.33999999999999,-0.003287036757922641,0.05555555555555477,0.0
2025-01-07 13:50:30,23.9,22.2,15.7,13.5,575390,13.5,1.0,32.0,27.300166666666666,44.666666666666664,12.864166666666668,12.077333333333334,74.83333333333333,59.666666666666664,2479.1666666666665,14.5,752.5,3.0,13.333333333333334,4.0,14547.423833333334,6.573,1117743.8541666667,0.9338333333333333,19.07283333333333,0.492,1286.0,35.713083000000005,51.3289355,12.0,123.05499999999999,0.05984129516678949,0.0,0.6666666666666666
2025-01-07 13:50:36,24.4,24.4,17.1,13.6,579610,13.5,81.0,32.333333333333336,29.947833333333335,31.333333333333332,8.0395,0.0,75.83333333333333,51.666666666666664,2157.4583333333335,13.950000000000001,748.0,3.0,24.0,4.0,14547.516833333333,-31.697833333333335,1119903.0208333333,0.2531666666666667,19.823,0.492,1286.0,35.712534,51.3297615,12.0,129.07,-0.0025253222998261747,0.0,1.3333333333333333
2025-01-07 13:50:42,24.8,24.6,16.1,14.0,593910,13.483333333333334,97.0,33.0,33.75216666666667,27.0,4.4115,0.0,75.5,37.166666666666664,1539.4583333333333,14.5,744.0,3.0,24.0,4.0,14547.593,-24.75,1122153.875,0.4098333333333333,20.0625,0.492,1286.0,35.712086,51.330415499999994,12.0,132.615,0.02373647782712296,0.0,2.4166666666666665
2025-01-07 13:50:48,24.1,23.7,15.9,15.0,631990,13.549999999999999,33.0,33.0,23.913666666666668,27.166666666666668,4.167333333333334,0.0,73.33333333333333,32.0,1335.5416666666667,14.5,746.0,3.0,24.0,4.0,14547.648500000001,-21.729,1124376.2291666667,0.37133333333333335,20.385666666666665,0.492,1264.5,35.7116185,51.330518500000004,12.0,185.42499999999998,0.20385445663293766,0.0,0.8611111111111107
2025-01-07 13:50:54,43.5,41.6,25.1,20.2,858020,13.483333333333334,97.0,33.0,25.0305,26.5,3.77,0.0,72.83333333333333,29.666666666666668,1262.8333333333333,14.5,747.0,3.0,24.0,4.0,14547.702,-24.49983333333333,1126709.8125,0.33116666666666666,20.635166666666667,0.492,1242.5,35.7111395,51.330247500000006,12.0,201.04,-0.03624467079974893,0.0,0.3888888888888887
2025-01-07 13:51:00,27.9,27.3,16.2,15.0,646110,13.433333333333332,33.0,32.666666666666664,31.856833333333338,27.5,3.329,1.595,73.0,26.333333333333332,1123.8333333333333,14.5,753.5,3.0,21.333333333333332,4.0,14547.747333333333,-21.25,1128479.9791666667,0.3215,20.948,0.492,1241.0,35.710751,51.330318500000004,12.0,159.16,-0.1379682773701517,0.0,0.5555555555555559
2025-01-07 13:51:06,25.7,25.6,18.3,15.8,652300,13.483333333333334,65.0,32.833333333333336,34.87233333333334,28.166666666666668,4.3533333333333335,0.0,73.66666666666667,29.833333333333332,1274.2083333333333,14.5,753.5,3.0,24.0,4.0,14547.794833333333,-20.396,1130647.5208333333,0.3525,20.3855,0.492,1238.0,35.7104855,51.3307455,12.0,117.96499999999999,-0.11711159280881948,0.5833333333333334,0.0
2025-01-07 13:51:12,20.7,20.6,16.0,14.7,620680,13.466666666666667,17.0,33.0,36.93033333333333,41.0,5.867166666666667,6.4254999999999995,74.5,25.166666666666668,1083.9166666666667,14.5,755.0,3.0,16.0,4.0,14547.841166666667,2.0416666666666665,1132807.4375,0.47783333333333333,19.57283333333333,0.492,1237.5,35.710524,51.331241500000004,12.0,73.28500000000001,-0.11940960965727866,0.0,0.7777777777777773
2025-01-07 13:51:18,50.6,50.4,41.6,38.1,1647220,13.466666666666667,1.0,32.833333333333336,33.45933333333333,63.0,19.973333333333333,22.937,75.66666666666667,23.833333333333332,1028.3333333333333,14.5,745.0,3.0,10.666666666666666,4.0,14547.881500000001,43.21883333333333,1136876.625,0.827,17.093500000000002,0.492,1239.5,35.710752500000005,51.331604,12.0,47.294999999999995,-0.05657775658548283,0.0,0.22222222222222263
2025-01-07 13:51:24,40.1,40.1,26.7,20.7,879700,13.450000000000001,1.0,32.166666666666664,31.680999999999997,80.5,27.885,25.6725,76.5,25.833333333333332,1113.2083333333333,14.5,733.0,3.0,10.666666666666666,4.0,14547.9225,61.812333333333335,1142830.0416666667,1.1028333333333333,15.312333333333333,0.492,1241.5,35.711075,51.33185749999999,12.0,25.595000000000002,-0.08453211343825862,0.3333333333333333,0.0
2025-01-07 13:51:30,33.6,33.6,17.7,13.9,581670,13.4,1.0,32.333333333333336,31.0915,84.83333333333333,35.81116666666667,29.804166666666664,77.0,26.5,1124.9166666666667,14.466666666666667,722.5,3.0,8.0,4.0,14547.966166666667,79.9895,1149350.5625,1.3866666666666667,14.635333333333334,0.492,1243.5,35.711473500000004,51.331844499999995,12.0,168.8,-0.1136500231256974,0.11111111111111131,0.0
2025-01-07 13:51:36,42.5,41.1,20.0,14.9,607370,13.466666666666667,33.0,32.666666666666664,30.697000000000003,64.5,25.140666666666664,16.387333333333334,75.0,27.0,1130.7916666666667,14.5,714.5,3.0,16.0,4.0,14548.011666666667,34.66683333333334,1156671.5208333333,0.8723333333333333,17.25,0.492,1246.0,35.711774999999996,51.33147449999999,12.0,304.43,-0.12516919618886008,0.08333333333333333,0.0
2025-01-07 13:51:42,38.1,37.2,20.7,14.4,580210,13.383333333333333,1.0,32.5,30.334333333333333,97.33333333333333,92.45549999999999,53.300333333333334,72.5,23.833333333333332,1019.0416666666666,14.483333333333334,707.0,3.0,8.0,4.0,14548.053333333335,78.84383333333334,1161732.0208333333,1.2838333333333334,13.854166666666666,0.492,1248.5,35.711918000000004,51.3310545,12.0,293.26,0.010006554378100815,0.0,0.527777777777778
2025-01-07 13:51:48,25.8,25.8,17.8,13.9,587440,13.5,1.0,32.0,25.67866666666667,128.0,97.99733333333334,48.786,72.0,36.0,1499.9583333333333,13.35,707.5,3.0,8.0,4.0,14548.100833333332,134.2815,1172616.9583333333,3.1833333333333336,15.677,0.492,1251.5,35.7121965,51.3305705,12.0,308.02000000000004,0.03889175349860698,2.027777777777778,0.0
2025-01-07 13:51:54,20.7,20.7,15.9,13.5,581920,13.549999999999999,1.0,32.0,20.05,113.16666666666667,35.90316666666667,34.11516666666667,73.33333333333333,51.333333333333336,2144.3333333333335,13.383333333333333,756.0,3.0,8.0,4.0,14548.1745,123.854,1197723.6666666667,3.9125,17.448,0.492,1257.5,35.7126995,51.329942499999994,12.0,316.455,0.024609142453119986,2.555555555555556,0.0
2025-01-07 13:52:00,21.1,21.1,16.4,13.9,588040,13.5,1.0,32.0,20.639,61.333333333333336,17.592666666666666,22.348,75.33333333333333,52.0,2170.9583333333335,14.5,771.0,3.0,8.0,4.0,14548.259833333335,53.645833333333336,1210894.4166666667,1.5981666666666667,17.4585,0.492,1262.5,35.713377,51.329423999999996,12.0,332.09499999999997,0.045931248148317505,0.11111111111111072,0.0
2025-01-07 13:52:06,21.1,21.1,15.9,14.1,597130,13.516666666666666,27.666666666666668,32.0,23.26816666666667,34.5,9.2425,1.8468333333333333,76.83333333333333,51.833333333333336,2152.8333333333335,14.5,767.5,3.0,21.333333333333332,4.0,14548.346833333335,-26.239500000000003,1216751.7708333333,0.1895,19.583666666666666,0.492,1262.5,35.7141495,51.329195,12.0,351.795,0.062046454908398364,0.0,0.027777777777777384
2025-01-07 13:52:12,18.3,18.3,14.9,13.6,577550,13.466666666666667,1.0,32.0,27.445333333333334,33.166666666666664,9.113333333333333,7.057166666666667,74.66666666666667,51.0,2131.375,14.466666666666667,761.5,3.0,13.333333333333334,4.0,14548.432333333332,-7.0938333333333325,1218850.9166666667,0.6653333333333333,19.802,0.492,1260.0,35.7149315,51.3292805,12.0,8.755,0.042789655494727664,0.0,0.13888888888888928
2025-01-07 13:52:18,18.2,18.2,14.0,12.7,533600,13.433333333333332,33.0,32.333333333333336,29.115,41.166666666666664,9.413333333333332,8.150666666666668,73.0,45.666666666666664,1912.5416666666667,14.5,757.0,3.0,13.333333333333334,4.0,14548.513666666666,6.583166666666666,1223667.75,0.7745000000000001,18.8855,0.492,1262.5,35.715645,51.329536499999996,12.0,18.01,0.019344065876270505,0.0,0.8888888888888893
2025-01-07 13:52:24,17.3,17.3,14.1,12.9,552010,13.466666666666667,43.666666666666664,32.833333333333336,30.6125,35.0,6.578500000000001,4.149833333333333,73.16666666666667,35.666666666666664,1501.5,14.5,752.0,3.0,21.333333333333332,4.0,14548.582,-4.0625,1227760.9375,0.5481666666666667,19.322666666666667,0.492,1265.5,35.7162265,51.329784499999995,12.0,19.605,0.005206898935116393,0.0,1.6666666666666667
2025-01-07 13:52:30,20.7,20.6,14.9,13.7,572230,13.35,65.0,33.0,33.1905,34.0,3.2453333333333334,0.7863333333333333,74.16666666666667,18.833333333333332,812.0416666666666,14.5,750.0,3.0,24.0,4.0,14548.629,-6.447833333333333,1229973.8333333333,0.262,20.93733333333333,0.492,1267.0,35.7165545,51.329919499999995,12.0,17.595000000000002,-0.005643231248114992,0.0,2.8055555555555554
2025-01-07 13:52:36,17.0,17.0,14.3,13.3,572530,12.083333333333334,33.0,33.0,35.03516666666667,51.333333333333336,2.9691666666666667,2.904166666666667,75.16666666666667,10.166666666666666,523.625,14.5,745.0,3.0,16.0,3.1666666666666665,14548.652833333334,18.583333333333332,1231606.8333333333,0.2828333333333333,18.69783333333333,0.492,1267.0,35.716728,51.329895,12.0,313.42,-0.314653775313711,0.0,1.4444444444444444
2025-01-07 13:52:42,17.1,17.1,14.9,13.2,566560,12.0,97.0,33.0,35.59166666666667,51.0,4.006666666666667,0.0,76.33333333333333,9.833333333333334,594.875,14.5,739.0,3.0,24.0,3.0,14548.672,21.572833333333335,1233280.8958333333,0.3325,18.44783333333333,0.492,1267.0,35.716606,51.3297885,12.0,199.84500000000003,-0.21711895894809455,0.0,0.05555555555555536
2025-01-07 13:52:48,17.7,17.6,13.5,12.8,547090,13.216666666666667,97.0,32.5,36.79716666666666,38.333333333333336,4.406333333333333,0.0,77.16666666666667,1.3333333333333333,941.5,14.5,732.5,3.0,24.0,9.0,14548.683333333332,-9.187666666666667,1235396.5625,0.33266666666666667,20.353833333333334,0.492,1267.0,35.7165225,51.32975,12.0,203.68999999999997,0.023414870193017436,0.0,1.4166666666666667
2025-01-07 13:52:54,17.2,17.2,14.5,13.5,567760,13.4,97.0,32.0,36.84883333333333,35.166666666666664,4.062166666666667,0.0,78.0,0.0,958.25,14.5,729.5,3.0,24.0,13.0,14548.684,-13.812333333333333,1237266.6875,0.31683333333333336,20.73966666666667,0.492,1267.0,35.716511,51.329746,12.0,180.0,-0.06809692964864542,0.0,0.2222222222222222
2025-01-07 13:53:00,17.0,17.0,14.4,13.3,563050,13.35,49.0,32.0,36.733,35.0,4.0680000000000005,0.0,77.66666666666667,0.0,956.3333333333334,14.5,726.5,3.0,24.0,13.0,14548.684,-13.1145,1239175.3958333333,0.31916666666666665,20.76033333333333,0.492,1267.0,35.716508999999995,51.329735,12.0,225.0,0.0,0.0,0.0
2025-01-07 13:53:06,18.2,18.2,15.5,13.5,579660,13.433333333333332,1.0,32.0,36.88183333333333,34.833333333333336,4.0088333333333335,0.0,75.0,0.0,952.75,14.5,723.5,3.0,24.0,13.0,14548.684,-12.531333333333334,1241085.8958333333,0.31316666666666665,20.81233333333333,0.492,1266.5,35.716511,51.329746,12.0,65.87,-0.331990712550188,0.0,0.0
2025-01-07 13:53:12,18.0,18.0,15.2,13.6,580910,13.433333333333332,1.0,32.0,36.66416666666667,34.5,4.067833333333334,0.0,72.5,0.0,960.0,14.5,720.5,3.0,24.0,13.0,14548.684,-12.4165,1242968.8333333333,0.31433333333333335,20.791666666666668,0.492,1267.0,35.716508999999995,51.32975,12.0,93.75,0.16219926515200633,0.0,0.0
2025-01-07 13:53:18,23.3,23.3,15.4,13.6,575490,13.450000000000001,1.0,32.0,36.57383333333333,34.666666666666664,4.0575,0.0,72.0,0.0,958.0,14.5,717.5,3.0,24.0,13.0,14548.684,-12.729,1244869.25,0.31383333333333335,20.802,0.492,1267.0,35.716507,51.329754,12.0,121.63,0.0,0.0,0.0
2025-01-07 13:53:24,17.1,17.1,14.2,12.9,554110,13.416666666666666,1.0,32.0,36.792,34.833333333333336,4.051833333333334,0.0,72.5,0.0,952.5,14.5,714.5,3.0,24.0,13.0,14548.684,-12.239666666666666,1246774.5833333333,0.31716666666666665,20.81233333333333,0.492,1267.0,35.716505000000005,51.329761999999995,12.0,60.815,-0.3538073282001171,0.0,0.0
2025-01-07 13:53:30,19.2,19.1,14.0,13.2,562090,13.433333333333332,1.0,32.0,37.008833333333335,34.5,4.046333333333333,0.0,73.16666666666667,0.0,954.25,14.5,711.5,3.0,24.0,13.0,14548.684,-14.385166666666668,1248676.5,0.318,20.781000000000002,0.492,1268.0,35.716507,51.329761999999995,12.0,0.0,0.0,0.0,0.0
2025-01-07 13:53:36,19.1,18.5,14.0,12.8,548950,13.483333333333334,1.0,32.0,37.124,34.5,4.024333333333334,0.0,74.16666666666667,0.0,954.4166666666666,14.5,708.5,3.0,24.0,13.0,14548.684,-13.874833333333333,1250571.1458333333,0.313,20.833166666666667,0.492,1268.0,35.716508999999995,51.329761999999995,12.0,0.0,0.0,0.0,0.0
2025-01-07 13:53:42,20.5,19.9,14.7,13.3,561540,13.466666666666667,1.0,32.0,37.1855,34.5,4.0216666666666665,0.0,75.16666666666667,0.0,955.0416666666666,14.5,705.5,3.0,24.0,13.0,14548.684,-13.416833333333335,1252465.125,0.315,20.802,0.492,1268.0,35.716511,51.329761999999995,12.0,0.0,0.0,0.0,0.0
2025-01-07 13:53:48,20.0,20.0,14.3,13.1,558580,13.466666666666667,1.0,32.0,37.19833333333333,34.5,4.030166666666666,0.0,76.0,0.0,948.75,14.5,702.5,3.0,24.0,13.0,14548.684,-13.291833333333335,1254348.2708333333,0.3135,20.833000000000002,0.492,1268.0,35.716513,51.329761999999995,12.0,0.0,0.0,0.0,0.0
2025-01-07 13:53:54,23.5,23.2,14.4,12.6,536160,13.450000000000001,1.0,32.0,37.07816666666667,34.666666666666664,4.049666666666666,0.0,76.83333333333333,0.0,954.3333333333334,14.5,699.5,3.0,24.0,13.0,14548.684,-13.125333333333336,1256233.0,0.3176666666666667,20.781000000000002,0.492,1268.0,35.716518,51.329761999999995,12.0,0.0,0.0,0.0,0.0
2025-01-07 13:54:00,17.5,17.3,13.7,12.9,549550,13.483333333333334,1.0,32.0,37.05166666666667,34.333333333333336,4.056666666666667,0.0,77.0,0.0,956.0833333333334,14.5,696.5,3.0,24.0,13.0,14548.684,-13.968666666666666,1258137.4791666667,0.31316666666666665,20.781166666666667,0.492,1268.0,35.716526,51.329758,12.0,135.0,-0.2617993877991495,0.0,0.0
2025-01-07 13:54:06,20.5,20.5,15.2,13.2,562290,13.483333333333334,1.0,32.0,37.12733333333333,34.5,4.0633333333333335,0.0,76.33333333333333,0.0,955.125,14.5,693.5,3.0,24.0,13.0,14548.684,-13.301833333333333,1260031.4166666667,0.316,20.81233333333333,0.492,1268.0,35.716526,51.329754,12.0,270.0,0.0,0.0,0.0
2025-01-07 13:54:12,19.5,19.5,14.8,13.3,572780,13.483333333333334,1.0,32.0,37.11483333333334,34.166666666666664,4.066166666666667,0.0,73.66666666666667,0.0,953.5416666666666,14.5,690.5,3.0,24.0,13.0,14548.684,-13.375,1261932.7916666667,0.31383333333333335,20.833166666666667,0.492,1268.0,35.716526,51.32975,12.0,270.0,0.0,0.0,0.0
2025-01-07 13:54:18,19.3,19.3,16.7,13.7,576500,13.466666666666667,1.0,32.0,37.16283333333333,34.0,4.037166666666667,0.0,72.0,0.0,959.4166666666666,14.5,687.5,3.0,24.0,13.0,14548.684,-13.645833333333334,1263837.6458333333,0.3173333333333333,20.82283333333333,0.492,1268.0,35.716526,51.329746,12.0,270.0,0.0,0.0,0.0
2025-01-07 13:54:24,18.4,18.4,16.2,14.1,587190,13.483333333333334,1.0,32.0,37.13966666666666,34.333333333333336,4.028833333333334,0.0,71.83333333333333,0.0,954.25,14.5,684.5,3.0,24.0,13.0,14548.684,-13.854166666666666,1265738.6458333333,0.31516666666666665,20.843500000000002,0.492,1268.0,35.716522000000005,51.329746,12.0,225.0,-0.2617993877991495,0.0,0.0
2025-01-07 13:54:30,28.9,28.9,19.8,14.0,582720,13.466666666666667,1.0,32.0,37.18566666666667,34.666666666666664,4.0408333333333335,0.0,72.5,0.0,950.0416666666666,14.5,681.5,3.0,24.0,13.0,14548.684,-14.406333333333334,1267634.6041666667,0.319,20.86466666666667,0.492,1268.0,35.716516500000004,51.329735,12.0,225.0,0.0,0.0,0.0
2025-01-07 13:54:36,26.5,26.5,18.4,14.6,604460,13.4,1.0,32.5,37.218333333333334,36.0,4.3355,0.0,73.0,0.0,952.375,14.5,678.5,3.0,24.0,13.0,14548.684,-13.729166666666666,1269564.25,0.3426666666666667,20.6665,0.492,1268.0,35.716513,51.329735,12.0,180.0,0.0,0.0,0.0
2025-01-07 13:54:42,29.3,29.3,16.8,13.3,554320,13.366666666666667,1.0,32.666666666666664,35.658833333333334,42.833333333333336,7.011500000000001,8.7785,74.0,5.333333333333333,1229.75,14.5,674.0,3.0,8.0,3.0,14548.685833333331,8.6875,1272134.7916666667,0.605,19.302,0.492,1268.0,35.71649,51.329731,12.0,184.39499999999998,0.0255690735417169,0.8888888888888888,0.0
2025-01-07 13:54:48,29.8,27.5,16.3,13.6,557070,13.483333333333334,1.0,32.5,32.707,40.0,9.9745,10.788000000000002,74.66666666666667,18.5,1989.5,14.5,671.5,3.0,13.333333333333334,1.6666666666666667,14548.705,6.75,1276203.1458333333,0.7721666666666667,18.94783333333333,0.492,1268.0,35.7163045,51.3296795,12.0,193.6,0.021525727441263413,2.1944444444444446,0.0
2025-01-07 13:54:54,26.4,26.4,19.6,15.1,601150,13.466666666666667,1.0,32.333333333333336,32.0695,35.333333333333336,8.9215,6.563833333333334,75.5,31.0,2151.625,14.5,669.0,3.0,13.333333333333334,2.5,14548.746833333333,0.14600000000000005,1281138.6041666667,0.7478333333333333,19.635666666666665,0.492,1268.0,35.715942500000004,51.3295215,12.0,200.36,0.01335176877775663,2.0833333333333335,0.0
2025-01-07 13:55:00,22.3,22.3,15.6,13.7,571680,13.466666666666667,1.0,32.0,33.00633333333333,35.166666666666664,9.8225,9.175666666666666,76.0,37.333333333333336,2138.7916666666665,14.083333333333334,667.0,3.0,13.333333333333334,3.0,14548.803999999998,-5.781333333333333,1284856.6458333333,0.7948333333333334,19.6875,0.492,1268.0,35.715435,51.329304,12.0,198.71,-0.006143652144424259,1.055555555555556,0.0
2025-01-07 13:55:06,27.2,27.2,16.2,13.1,554920,13.433333333333332,1.0,32.0,32.901999999999994,38.833333333333336,11.4255,13.832333333333333,73.66666666666667,41.5,2361.7916666666665,14.5,664.0,3.0,8.0,3.0,14548.869166666665,11.989833333333335,1290079.0,1.0073333333333332,19.604333333333333,0.492,1268.0,35.714838,51.3291115,12.0,192.465,-0.027401669256310934,0.6944444444444441,0.0
2025-01-07 13:55:12,26.6,25.8,15.3,13.3,562090,13.5,1.0,32.0,31.566999999999997,39.666666666666664,10.915166666666666,13.71,72.0,38.333333333333336,2161.7083333333335,14.5,663.0,3.0,8.0,3.0,14548.9375,12.083333333333334,1295857.1875,0.9944999999999999,19.3645,0.492,1268.0,35.7142125,51.329072999999994,12.0,179.335,-0.03889175349860698,0.0,0.5277777777777773
2025-01-07 13:55:18,22.8,22.2,14.7,12.9,548650,13.483333333333334,1.0,32.166666666666664,31.174166666666665,45.166666666666664,12.640500000000001,15.092,72.33333333333333,41.833333333333336,2378.25,14.5,666.0,3.0,10.666666666666666,3.0,14549.002,17.25016666666667,1302992.2916666667,1.0761666666666667,18.968833333333333,0.492,1268.0,35.7136175,51.3291955,12.0,167.88000000000002,-0.03205588059496247,0.5833333333333334,0.0
2025-01-07 13:55:24,17.4,17.4,14.7,12.7,546640,13.433333333333332,33.0,32.333333333333336,32.967333333333336,33.833333333333336,8.257333333333333,1.8428333333333333,73.33333333333333,47.0,1926.5833333333333,14.5,665.5,3.0,21.333333333333332,4.166666666666667,14549.076833333333,-26.635333333333335,1307205.5208333333,0.21733333333333335,19.541666666666668,0.492,1265.0,35.712934499999996,51.329589999999996,12.0,151.475,-0.05105088062083418,0.8611111111111107,0.0
2025-01-07 13:55:30,19.8,19.8,15.4,12.7,539170,13.4,97.0,32.0,36.398,35.166666666666664,7.7651666666666666,0.0,74.33333333333333,41.333333333333336,1736.5,14.5,662.5,3.0,24.0,4.0,14549.152333333333,-38.64566666666666,1307560.625,0.0,19.218666666666667,0.492,1258.5,35.7123585,51.33017900000001,12.0,135.525,-0.044564073567588534,0.0,0.9444444444444441
2025-01-07 13:55:36,21.5,21.2,14.3,12.5,543080,13.35,65.0,32.5,39.83866666666666,35.166666666666664,4.6405,0.0,75.33333333333333,24.833333333333332,1104.6666666666667,14.116666666666667,660.5,3.0,24.0,3.6666666666666665,14549.208333333334,-22.604,1308228.9791666667,0.33383333333333337,20.26033333333333,0.492,1254.0,35.712021,51.330599,12.0,140.975,0.05395976270749131,0.0,2.7500000000000004
2025-01-07 13:55:42,19.8,19.8,14.3,13.4,570270,13.416666666666666,49.0,32.0,36.01016666666667,30.333333333333332,4.418166666666667,1.7085,76.0,20.666666666666668,1168.5416666666667,14.5,671.5,3.0,21.333333333333332,3.0,14549.244666666666,-17.520833333333332,1310462.7083333333,0.3996666666666666,20.50016666666667,0.492,1251.5,35.711712,51.330648499999995,12.0,183.665,0.12836896648418294,0.0,0.6944444444444441
2025-01-07 13:55:48,23.6,23.6,16.2,13.8,586530,13.433333333333332,49.0,32.0,30.1575,37.166666666666664,6.7155,1.8513333333333335,75.83333333333333,24.0,1375.25,14.5,672.5,3.0,18.666666666666668,3.0,14549.2825,-17.1875,1313119.5416666667,0.29183333333333333,19.323,0.492,1249.5,35.711405,51.330433,12.0,214.30499999999998,0.0611447014615347,0.5555555555555554,0.0
2025-01-07 13:55:54,20.9,20.9,15.0,13.0,541720,13.5,1.0,32.0,30.75883333333333,33.666666666666664,6.083833333333334,1.24,73.0,23.666666666666668,1361.2083333333333,14.183333333333332,669.5,3.0,21.333333333333332,3.0,14549.3215,-20.281333333333333,1314480.7083333333,0.47433333333333333,19.6355,0.492,1247.5,35.7110785,51.330257499999995,12.0,196.64499999999998,-0.0820011530793565,0.0,0.05555555555555536
2025-01-07 13:56:00,22.4,22.3,16.5,13.9,562240,13.416666666666666,33.0,32.0,32.737500000000004,35.0,7.2748333333333335,1.9261666666666664,71.0,27.0,1553.375,13.516666666666666,666.5,3.0,24.0,3.0,14549.363333333333,-31.864499999999996,1316579.0833333333,0.41100000000000003,19.208166666666667,0.492,1244.5,35.7106915,51.33037149999999,12.0,156.395,-0.12234758056480251,0.5555555555555554,0.0
2025-01-07 13:56:06,26.6,26.6,16.0,13.6,553110,13.4,33.0,32.0,33.7465,36.0,6.983333333333333,0.14183333333333334,71.0,26.0,1476.3333333333333,14.5,663.5,3.0,24.0,3.0,14549.4095,-38.08316666666666,1317655.3541666667,0.0295,19.3125,0.492,1242.5,35.710394,51.3307325,12.0,131.475,-0.04584398168571769,0.0,0.16666666666666666
2025-01-07 13:56:12,24.1,23.9,17.3,13.8,565660,13.433333333333332,1.0,32.0,27.4175,38.666666666666664,7.9078333333333335,7.94,71.0,27.5,1558.0416666666667,13.833333333333334,660.5,3.0,10.666666666666666,3.0,14549.453166666666,6.354,1319851.8541666667,0.7665000000000001,19.145833333333332,0.492,1239.5,35.7100675,51.3309535,12.0,161.58,0.12985249634837814,0.25,0.0
2025-01-07 13:56:18,18.9,18.9,13.8,12.9,549050,13.466666666666667,1.0,32.0,25.74116666666667,35.666666666666664,8.919666666666666,7.874333333333333,71.5,34.5,1963.5833333333333,13.950000000000001,658.0,3.0,8.0,3.0,14549.5025,-0.3019999999999996,1323836.8333333333,0.8173333333333334,19.5105,0.492,1237.5,35.70957,51.330985999999996,12.0,177.92499999999998,0.012595459435225697,1.1666666666666667,0.0
2025-01-07 13:56:24,19.8,19.8,15.2,13.3,561140,13.4,1.0,32.166666666666664,28.198333333333334,32.666666666666664,8.717333333333334,7.19,72.0,41.5,2217.5833333333335,14.5,657.0,3.0,10.666666666666666,3.3333333333333335,14549.5665,-9.916666666666666,1328205.8958333333,0.7075,19.968833333333333,0.492,1235.0,35.708958,51.331008999999995,12.0,178.30499999999998,0.0006108652381980398,1.1666666666666667,0.0
2025-01-07 13:56:30,22.5,22.5,14.6,13.4,561090,13.466666666666667,1.0,32.0,29.161166666666663,44.333333333333336,11.883833333333333,15.3025,73.33333333333333,49.666666666666664,2078.375,14.5,655.5,3.0,8.0,4.0,14549.641833333333,24.447833333333335,1333458.1458333333,1.1078333333333334,18.854166666666668,0.492,1231.5,35.708235,51.3310395,12.0,177.89999999999998,-0.0017744180728609417,1.3611111111111107,0.0
2025-01-07 13:56:36,25.4,25.3,16.4,13.8,567260,13.5,1.0,32.0,30.453,30.166666666666668,8.646666666666667,3.5216666666666665,74.33333333333333,55.833333333333336,2337.875,14.5,653.0,3.0,13.333333333333334,4.0,14549.7305,-14.354,1338195.1875,0.47766666666666663,20.31266666666667,0.492,1228.0,35.7073895,51.331070000000004,12.0,178.33,8.726646259971983e-05,1.0277777777777786,0.0
2025-01-07 13:56:42,20.3,20.3,15.4,12.9,535500,13.483333333333334,1.0,32.0,32.3305,33.0,9.661666666666667,3.8569999999999998,75.66666666666667,56.5,2363.5416666666665,14.5,651.0,3.0,18.666666666666668,4.0,14549.824166666667,-21.479166666666668,1340341.625,0.4025,19.88533333333333,0.492,1224.0,35.706512499999995,51.3310965,12.0,178.62,0.00031997702953233354,0.11111111111111072,0.0
2025-01-07 13:56:48,23.1,21.4,13.8,12.5,533750,13.450000000000001,97.0,32.0,36.69766666666667,34.166666666666664,8.141166666666667,0.0,75.83333333333333,46.333333333333336,1924.2916666666667,14.5,648.0,3.0,24.0,4.0,14549.914166666667,-37.78116666666667,1341969.5,0.0,19.4895,0.492,1221.5,35.705706,51.3311235,12.0,178.625,0.001716240431127767,0.0,1.694444444444444
2025-01-07 13:56:54,20.6,20.6,17.1,13.7,564200,13.466666666666667,33.0,32.5,38.6845,48.5,10.246666666666668,10.734,73.5,26.833333333333332,1336.1666666666667,13.85,647.5,3.0,16.0,3.5,14549.970666666666,15.958333333333334,1343433.8958333333,0.9193333333333333,18.69783333333333,0.492,1219.0,35.705223,51.3311445,12.0,176.92999999999998,-0.010035643198967445,0.0,3.2500000000000004
2025-01-07 13:57:00,23.3,21.6,14.8,12.8,536510,13.5,1.0,32.333333333333336,33.2405,51.166666666666664,13.056833333333335,13.660166666666667,71.66666666666667,40.333333333333336,2032.0,14.5,661.0,3.0,10.666666666666666,3.3333333333333335,14550.026166666668,21.75,1351151.0833333333,1.068,18.2395,0.492,1216.5,35.704681,51.331165,12.0,178.85000000000002,0.009686577348568565,2.2500000000000004,0.0
2025-01-07 13:57:06,28.4,27.5,15.8,13.0,547240,13.5,1.0,32.0,32.1195,42.5,10.876333333333333,13.71,72.0,47.0,1969.25,14.5,663.0,3.0,8.0,4.0,14550.098166666668,18.875,1356768.6875,0.9516666666666667,19.093666666666667,0.492,1214.5,35.703984999999996,51.331188,12.0,178.49,0.00034906585039887975,1.1111111111111107,0.0
2025-01-07 13:57:12,21.2,20.9,14.4,12.8,548300,13.483333333333334,33.0,32.0,32.50066666666667,35.0,9.177999999999999,5.561833333333333,72.5,49.0,2051.875,14.5,660.5,3.0,16.0,4.0,14550.179833333334,-12.812833333333336,1361600.375,0.42050000000000004,19.624666666666666,0.492,1213.5,35.7032225,51.3312095,12.0,178.37,-0.00372336907092124,0.3333333333333333,0.0
2025-01-07 13:57:18,17.2,17.2,14.8,12.8,541170,13.466666666666667,65.0,32.5,36.550333333333334,35.166666666666664,5.992166666666667,2.3106666666666666,73.0,31.833333333333332,1347.7083333333333,13.9,657.5,3.0,21.333333333333332,4.0,14550.2495,-23.843833333333333,1362717.4166666667,0.2881666666666667,19.75,0.492,1212.5,35.7026155,51.331238000000006,12.0,178.005,0.001687151610261139,0.0,2.861111111111111
2025-01-07 13:57:24,20.4,20.4,14.4,13.0,540420,13.5,1.0,32.333333333333336,32.27183333333333,60.666666666666664,17.697333333333333,18.581,74.0,36.833333333333336,2047.7916666666667,14.5,670.5,3.0,13.333333333333334,3.1666666666666665,14550.300666666668,40.312333333333335,1369333.2083333333,1.4606666666666666,17.375,0.492,1212.0,35.7021125,51.331256499999995,12.0,178.18999999999997,-0.0015998851476614194,0.8333333333333339,0.0
2025-01-07 13:57:30,20.7,20.7,16.0,13.0,541170,13.5,1.0,32.0,31.036666666666665,49.333333333333336,11.8115,14.542,75.16666666666667,46.5,1932.7083333333333,14.5,680.0,3.0,8.0,4.0,14550.371166666666,28.656166666666667,1376854.625,0.9900000000000001,18.552,0.492,1211.5,35.701435,51.33128,12.0,178.67,0.0036070137874548917,1.6111111111111107,0.0
2025-01-07 13:57:36,38.4,29.8,15.1,13.4,560140,13.483333333333334,33.0,32.0,33.597500000000004,34.5,7.964333333333333,0.0,76.0,46.166666666666664,1936.25,14.5,678.5,3.0,24.0,4.0,14550.449833333332,-37.729166666666664,1380205.4375,0.0,19.43733333333333,0.492,1210.5,35.700699,51.3312985,12.0,178.59,-0.0027052603405911483,0.0,0.05555555555555595
2025-01-07 13:57:42,23.9,23.9,16.6,13.3,553160,13.450000000000001,49.0,32.5,37.041666666666664,33.333333333333336,5.1194999999999995,0.21466666666666667,75.0,26.5,1274.5,14.0,675.5,3.0,21.333333333333332,3.5,14550.511666666667,-22.822999999999997,1380919.1041666667,0.3818333333333333,19.968999999999998,0.492,1208.5,35.7001785,51.3312875,12.0,183.625,0.023009257305458566,0.0,3.2777777777777772
2025-01-07 13:57:48,25.3,25.2,17.9,13.6,561940,13.316666666666668,49.0,32.833333333333336,33.06366666666667,39.0,4.263,3.8070000000000004,72.33333333333333,13.166666666666666,931.9583333333334,14.5,675.0,3.0,18.666666666666668,2.1666666666666665,14550.547,0.9893333333333333,1383411.9791666667,0.42816666666666664,20.11466666666667,0.492,1204.5,35.699957,51.3311675,12.0,222.715,0.14908020694118232,0.0,2.2222222222222223
2025-01-07 13:57:54,19.6,19.5,14.0,13.0,548600,13.483333333333334,1.0,32.0,25.732666666666663,62.666666666666664,13.015,21.968166666666665,71.83333333333333,18.833333333333332,1557.625,14.5,670.0,3.0,8.0,2.0,14550.567000000001,49.604000000000006,1387781.3541666667,1.2046666666666666,16.88533333333333,0.492,1207.0,35.699896,51.330919,12.0,256.315,0.06917321602070858,0.9444444444444443,0.0
2025-01-07 13:58:00,25.2,25.2,15.3,13.1,546890,13.5,1.0,32.333333333333336,21.133666666666667,53.666666666666664,15.184166666666664,20.088833333333334,72.0,33.333333333333336,2291.3333333333335,14.5,680.5,3.0,10.666666666666666,2.6666666666666665,14550.612666666668,25.770833333333332,1395719.0416666667,1.4348333333333334,18.052,0.492,1209.0,35.699855500000005,51.330362,12.0,265.97499999999997,0.016726071998278993,2.4166666666666674,0.0
2025-01-07 13:58:06,20.3,20.3,14.0,12.9,542980,13.5,1.0,32.0,21.236333333333334,48.0,13.271166666666666,15.897666666666666,72.33333333333333,41.333333333333336,2351.25,14.5,687.0,3.0,8.0,3.0,14550.674333333334,25.156333333333333,1403761.5416666667,1.2083333333333333,18.812166666666666,0.492,1209.5,35.699830999999996,51.329626,12.0,267.90500000000003,0.003316125578789186,1.3333333333333333,0.0
2025-01-07 13:58:12,20.3,20.3,15.5,12.9,545690,13.483333333333334,1.0,32.0,24.395666666666667,40.333333333333336,11.660833333333334,12.707166666666666,73.66666666666667,44.0,2500.625,14.5,686.0,3.0,8.0,3.0,14550.746833333333,11.385333333333334,1410575.7708333333,1.0361666666666667,19.593999999999998,0.492,1210.0,35.6998195,51.328801999999996,12.0,269.41,0.004712388980384703,0.44444444444444403,0.0
2025-01-07 13:58:18,17.5,17.5,15.5,14.3,608530,13.483333333333334,1.0,32.0,26.796666666666667,38.666666666666664,11.468666666666666,11.068166666666668,75.16666666666667,45.333333333333336,2581.9583333333335,14.5,684.0,3.0,8.0,3.0,14550.820333333335,9.718833333333334,1417072.0625,1.0378333333333334,19.73966666666667,0.492,1210.0,35.699806,51.327951500000005,12.0,268.68,-0.0023561944901923522,0.22222222222222263,0.0
2025-01-07 13:58:24,29.9,29.7,18.1,13.3,562590,13.483333333333334,1.0,32.0,28.314333333333334,35.666666666666664,10.247,6.578499999999999,76.0,44.166666666666664,2506.7916666666665,13.583333333333334,685.0,3.0,16.0,3.0,14550.895833333334,-10.468833333333334,1422834.3125,0.8845000000000001,19.968833333333333,0.492,1210.5,35.6997735,51.327097,12.0,266.835,-0.005555964785515355,0.0,0.19444444444444522
2025-01-07 13:58:30,20.8,20.8,15.8,13.5,576140,13.466666666666667,1.0,32.0,28.41633333333333,36.333333333333336,10.473833333333333,8.536833333333334,73.83333333333333,42.166666666666664,2393.125,14.5,685.5,3.0,10.666666666666666,3.0,14550.966833333334,5.593833333333333,1427894.1666666667,0.8648333333333333,19.843500000000002,0.492,1211.5,35.699747,51.3262825,12.0,267.985,0.003170681474456458,0.0,0.3333333333333333
2025-01-07 13:58:36,21.3,21.3,15.2,13.2,552710,13.450000000000001,1.0,32.0,29.180166666666665,30.833333333333332,8.034,4.452,72.0,39.333333333333336,2244.3333333333335,13.933333333333332,685.0,3.0,10.666666666666666,3.0,14551.0365,-14.250166666666667,1432458.5416666667,0.5968333333333333,20.18766666666667,0.492,1212.0,35.699722,51.325503999999995,12.0,267.90000000000003,0.0018035068937274875,0.0,0.47222222222222143
2025-01-07 13:58:42,25.7,25.1,14.9,13.2,547190,13.483333333333334,1.0,32.0,29.306166666666666,34.166666666666664,8.708833333333333,3.9851666666666667,72.33333333333333,35.166666666666664,2008.5833333333333,13.15,682.5,3.0,16.0,3.0,14551.098166666665,-13.4165,1436179.7708333333,0.4768333333333333,19.6875,0.492,1213.0,35.699707,51.3248005,12.0,268.445,-0.0005526875964648644,0.0,0.6944444444444452
2025-01-07 13:58:48,21.1,21.1,15.9,13.6,584530,13.450000000000001,1.0,32.0,30.28016666666667,33.833333333333336,7.135666666666666,4.5365,73.0,31.0,1789.5833333333333,13.950000000000001,680.0,3.0,10.666666666666666,3.0,14551.154333333332,-4.666666666666667,1439506.8541666667,0.6044999999999999,19.5,0.492,1213.5,35.69969,51.3241825,10.5,267.72499999999997,-0.003636102608321519,0.0,0.6944444444444441
2025-01-07 13:58:54,17.1,17.1,15.5,14.4,601300,13.450000000000001,1.0,32.0,29.471,41.166666666666664,8.551833333333333,5.562333333333334,74.0,30.166666666666668,1729.875,14.233333333333334,677.0,3.0,16.0,3.0,14551.2045,-6.750166666666666,1443533.5833333333,0.5619999999999999,18.81233333333333,0.492,1214.0,35.6996555,51.323599,12.0,265.44,-0.004654211338651612,0.0,0.1388888888888887
2025-01-07 13:59:00,26.5,24.8,15.7,13.9,581560,13.466666666666667,1.0,32.0,29.027,49.166666666666664,10.734499999999999,14.539166666666667,75.16666666666667,30.5,1749.8333333333333,14.5,674.0,3.0,8.0,3.0,14551.254500000001,25.031166666666667,1447851.3125,0.9428333333333333,18.145833333333332,0.492,1214.0,35.699631000000004,51.323034500000006,12.0,267.615,0.007795803992241358,0.05555555555555536,0.0
2025-01-07 13:59:06,20.7,20.1,14.6,13.1,556570,13.450000000000001,1.0,32.0,28.4285,35.166666666666664,8.326333333333332,8.306166666666666,76.16666666666667,33.333333333333336,1902.8333333333333,14.5,671.0,3.0,10.666666666666666,3.0,14551.3085,0.5938333333333338,1452740.6666666667,0.5786666666666667,19.479166666666668,0.492,1214.0,35.699621,51.322405,12.0,269.12,0.0029088820866572163,0.4722222222222226,0.0
2025-01-07 13:59:12,22.7,22.7,15.8,13.5,555620,13.466666666666667,33.0,32.0,30.303833333333333,35.666666666666664,6.977,0.0,75.16666666666667,27.166666666666668,1528.0833333333333,13.916666666666666,668.0,3.0,24.0,3.0,14551.361333333334,-35.98983333333334,1454906.875,0.029166666666666664,19.375,0.492,1214.5,35.6996075,51.3218305,12.0,266.59499999999997,-0.01727875959474386,0.0,1.027777777777778
2025-01-07 13:59:18,21.0,21.0,15.6,13.3,564900,13.450000000000001,1.0,32.0,31.5265,40.666666666666664,5.898500000000001,7.264833333333333,72.5,18.666666666666668,1073.2916666666667,14.283333333333333,667.0,3.0,18.666666666666668,3.0,14551.397833333334,5.103833333333333,1456543.1041666667,0.5750000000000001,19.552,0.492,1215.0,35.6995625,51.321431999999994,12.0,261.34999999999997,-0.007388560500109389,0.0,1.4166666666666667
2025-01-07 13:59:24,19.5,19.5,14.5,12.5,525480,13.466666666666667,1.0,32.0,27.581833333333332,64.83333333333333,15.2245,18.8285,72.0,28.0,1606.6666666666667,14.5,664.0,3.0,8.0,3.0,14551.433666666666,49.145833333333336,1462338.5208333333,1.1191666666666666,16.718833333333333,0.492,1215.5,35.6995335,51.320988,12.0,266.68,0.019431332338870223,1.5555555555555554,0.0
2025-01-07 13:59:30,18.1,18.1,13.8,12.6,532300,13.483333333333334,1.0,32.0,28.571166666666667,37.833333333333336,8.957333333333333,8.576500000000001,72.33333333333333,32.333333333333336,1849.2916666666667,14.5,663.0,3.0,10.666666666666666,3.0,14551.486333333334,7.427,1467388.8125,0.7066666666666667,19.229166666666668,0.492,1216.0,35.6995085,51.320373499999995,12.0,266.90000000000003,-0.0025889050571248824,0.7222222222222227,0.0
2025-01-07 13:59:36,16.6,16.6,14.1,12.5,534000,13.483333333333334,1.0,32.0,28.285,47.666666666666664,11.566333333333333,16.720499999999998,73.0,34.5,1957.2916666666667,14.416666666666666,661.0,3.0,10.666666666666666,3.0,14551.541666666666,27.395666666666667,1472678.1041666667,1.0536666666666668,18.625,0.492,1216.5,35.69948,51.319742,12.0,267.065,0.003112503832723202,0.3611111111111107,0.0
2025-01-07 13:59:42,21.3,21.3,15.5,12.9,537010,13.466666666666667,6.333333333333333,32.0,28.492333333333335,43.666666666666664,11.856,13.128833333333333,74.16666666666667,36.666666666666664,2085.3333333333335,13.966666666666667,662.5,3.0,13.333333333333334,3.0,14551.600833333332,11.510333333333334,1478661.1666666667,1.0291666666666666,18.927,0.492,1217.5,35.699476,51.3190425,12.0,270.41,0.009628399706835392,0.3611111111111107,0.0
2025-01-07 13:59:48,20.9,20.9,15.2,13.1,546840,13.466666666666667,1.0,32.0,28.123166666666666,46.166666666666664,12.7365,12.527833333333334,75.33333333333333,39.666666666666664,2268.2083333333335,14.5,665.5,3.0,13.333333333333334,3.0,14551.664666666666,12.5835,1485363.0416666667,0.9246666666666666,18.906333333333333,0.492,1218.0,35.6994955,51.3183195,12.0,272.175,0.003345214399655898,0.5,0.0
2025-01-07 13:59:54,25.6,25.6,16.3,13.3,542380,13.483333333333334,1.0,32.0,30.129833333333334,40.333333333333336,11.072833333333334,13.634833333333333,76.0,37.666666666666664,2134.6666666666665,14.5,665.0,3.0,8.0,3.0,14551.729166666666,10.552,1489532.9375,0.9045,19.260166666666667,0.492,1219.5,35.699503,51.317585,12.0,270.0,-0.008028514559174055,0.0,0.3333333333333333
2025-01-07 14:00:00,27.8,27.5,15.8,13.4,545440,13.5,1.0,32.0,29.637,39.666666666666664,11.490666666666668,14.504666666666665,73.5,40.0,2276.625,14.5,663.0,3.0,8.0,3.0,14551.793666666666,15.760333333333334,1495572.2916666667,1.0431666666666668,19.510666666666665,0.492,1220.5,35.6994665,51.316841000000004,12.0,265.715,-0.010035643198967362,0.3888888888888893,0.0
2025-01-07 14:00:06,22.4,22.2,15.8,13.2,548040,13.483333333333334,1.0,32.0,30.024833333333333,41.666666666666664,11.924999999999999,15.282499999999999,72.0,41.833333333333336,2372.2916666666665,14.5,660.0,3.0,8.0,3.0,14551.861333333334,16.156000000000002,1501760.0833333333,1.0996666666666666,19.3855,0.492,1221.0,35.699411500000004,51.316061,12.0,264.575,-0.00555596478551519,0.30555555555555597,0.0
2025-01-07 14:00:12,23.4,23.3,15.9,13.1,540970,13.466666666666667,1.0,32.0,28.846999999999998,48.333333333333336,14.6945,19.346999999999998,72.66666666666667,46.166666666666664,2618.5,14.5,667.5,3.0,8.0,3.0,14551.9335,26.895666666666667,1509617.8541666667,1.4295,18.791833333333333,0.492,1222.0,35.6993505,51.315222,12.0,265.625,0.009162978572970163,0.7222222222222214,0.0
2025-01-07 14:00:18,25.0,25.0,17.1,13.1,546390,13.433333333333332,1.0,32.0,27.230500000000003,51.0,17.59166666666667,21.051666666666666,74.0,49.666666666666664,2822.8333333333335,14.5,680.0,3.0,8.0,3.0,14552.013666666666,32.395833333333336,1517708.6041666667,1.7331666666666667,18.729166666666668,0.492,1222.5,35.6993235,51.3142985,12.0,268.26500000000004,0.003927485821946999,0.5833333333333334,0.0
2025-01-07 14:00:24,23.7,23.7,15.4,12.6,529840,13.483333333333334,1.0,32.333333333333336,25.798166666666663,46.833333333333336,15.0775,16.635666666666665,75.5,56.666666666666664,2654.6666666666665,14.5,716.5,3.0,13.333333333333334,3.6666666666666665,14552.101499999999,22.31233333333333,1528329.3333333333,1.4623333333333335,18.9375,0.492,1223.5,35.6992835,51.313261000000004,12.0,266.965,-0.004101523742186747,1.1666666666666667,0.0
2025-01-07 14:00:30,23.0,22.7,14.7,12.0,507280,13.5,1.0,32.0,26.974500000000003,40.666666666666664,11.5815,9.901333333333334,76.83333333333333,58.666666666666664,2445.5416666666665,14.5,716.0,3.0,8.0,4.0,14552.197833333334,10.239666666666666,1536289.0416666667,1.036,19.333166666666667,0.492,1225.0,35.699245499999996,51.3121625,12.0,267.84499999999997,0.003403392041388989,0.3333333333333333,0.0
2025-01-07 14:00:36,24.1,24.1,16.2,12.7,525420,13.5,1.0,32.0,29.021666666666665,43.166666666666664,12.671,0.0,73.66666666666667,57.5,2417.4583333333335,14.5,713.0,3.0,8.0,4.0,14552.293666666666,19.48966666666667,1542440.0416666667,1.2045000000000001,19.166666666666668,0.492,1225.0,35.699215,51.31106,12.0,268.01,-0.0004363323129986816,0.0,0.19444444444444406
2025-01-07 14:00:42,19.6,19.6,14.9,13.0,532450,13.466666666666667,1.0,32.0,30.18733333333333,40.166666666666664,11.874,0.0,73.0,58.0,2432.4583333333335,14.5,710.0,3.0,8.0,4.0,14552.390666666666,13.531166666666666,1549292.8958333333,1.082,19.604,0.492,1226.0,35.6991825,51.3099535,12.0,267.835,-0.0011053751929297289,0.08333333333333333,0.0
2025-01-07 14:00:48,21.5,21.5,16.2,13.1,541870,13.5,1.0,32.0,30.760166666666667,42.5,12.396500000000001,0.0,74.0,58.0,2409.625,14.5,707.0,3.0,8.0,4.0,14552.487500000001,17.395833333333332,1555884.1875,1.1445,19.364833333333333,0.492,1226.0,35.699158000000004,51.308859000000005,12.0,268.77500000000003,0.004043346100453656,0.0,0.0
2025-01-07 14:00:54,23.2,23.1,15.9,13.5,562790,13.483333333333334,1.0,32.0,30.659999999999997,44.0,12.792833333333334,0.0,75.5,58.0,2425.0,14.5,704.0,3.0,8.0,4.0,14552.582666666667,19.541833333333333,1562957.5416666667,1.1881666666666666,19.156333333333333,0.492,1226.5,35.6991325,51.3077565,12.0,268.02500000000003,-0.004043346100453656,0.0,0.0
2025-01-07 14:01:00,23.3,23.2,16.0,13.5,560290,13.5,1.0,32.0,30.419,41.666666666666664,12.128833333333333,0.0,76.33333333333333,58.166666666666664,2430.2916666666665,14.5,701.0,3.0,8.0,4.0,14552.679833333334,15.5105,1569864.2916666667,1.1015,19.416333333333334,0.492,1227.5,35.6991005,51.306650499999996,12.0,268.09,0.0014835298641951537,0.027777777777777384,0.0
2025-01-07 14:01:06,22.7,22.7,16.6,13.6,566760,13.5,1.0,32.0,31.195333333333334,38.166666666666664,11.071833333333332,0.0,74.33333333333333,58.666666666666664,2451.5416666666665,14.5,698.0,3.0,8.0,4.0,14552.776666666667,9.343833333333334,1576462.75,0.9721666666666667,19.728833333333334,0.492,1227.5,35.699071499999995,51.305542,12.0,268.03000000000003,-0.0014544410433286073,0.08333333333333333,0.0
2025-01-07 14:01:12,20.0,20.0,15.3,13.4,550350,13.483333333333334,1.0,32.0,32.45133333333333,26.833333333333332,7.795166666666667,0.0,73.0,59.166666666666664,2471.0416666666665,14.5,695.0,3.0,8.0,4.0,14552.874333333333,-7.572833333333333,1581220.5,0.6773333333333333,20.7395,0.492,1226.5,35.699039500000005,51.3044145,12.0,268.125,0.001512618685061865,0.08333333333333333,0.0
2025-01-07 14:01:18,21.0,21.0,16.2,12.8,541570,13.483333333333334,1.0,32.0,33.38283333333333,26.833333333333332,7.7945,0.0,73.5,59.0,2463.4166666666665,14.5,692.0,3.0,8.0,4.0,14552.972666666667,-7.885166666666667,1585261.4791666667,0.6595,20.76033333333333,0.492,1225.0,35.699013,51.303293499999995,12.0,268.55,0.0025598162362583366,0.0,0.027777777777777384
2025-01-07 14:01:24,18.9,18.9,15.5,12.9,539770,13.483333333333334,1.0,32.0,33.251666666666665,34.833333333333336,10.363333333333333,0.0,74.66666666666667,58.166666666666664,2427.1666666666665,14.5,689.0,3.0,8.0,4.0,14553.070166666666,5.7605,1589689.125,0.9338333333333333,20.020666666666667,0.492,1224.0,35.698994,51.3021795,12.0,269.05,0.0029379709075237604,0.0,0.13888888888888928
2025-01-07 14:01:30,25.9,24.1,17.2,14.1,591000,13.466666666666667,1.0,32.0,32.461333333333336,32.333333333333336,9.443166666666666,0.0,75.83333333333333,58.833333333333336,2445.2916666666665,14.5,686.0,3.0,8.0,4.0,14553.167333333333,0.7395,1595187.25,0.8025000000000001,20.06233333333333,0.492,1224.0,35.699051000000004,51.3010655,12.0,275.315,0.01995493111446854,0.1111111111111119,0.0
2025-01-07 14:01:36,23.2,23.2,16.4,12.8,540920,13.450000000000001,1.0,32.0,32.058,34.833333333333336,10.308833333333332,0.0,75.33333333333333,58.0,2433.875,14.5,683.0,3.0,8.0,4.0,14553.264333333333,4.791833333333333,1600220.2291666667,0.8965000000000001,19.8645,0.492,1223.0,35.6992605,51.3000125,10.0,286.935,0.03688462485881352,0.0,0.13888888888888928
2025-01-07 14:01:42,33.5,30.5,15.4,12.5,529790,13.483333333333334,1.0,32.0,32.25733333333333,37.666666666666664,11.120166666666668,0.0,73.0,57.833333333333336,2423.9583333333335,14.5,680.0,3.0,8.0,4.0,14553.360666666667,10.156166666666666,1605670.0,1.0171666666666666,19.646,0.492,1225.0,35.6994495,51.29892900000001,12.0,278.995,-0.03662282547101444,0.0,0.027777777777777384
2025-01-07 14:01:48,23.9,23.7,15.6,12.4,529340,13.483333333333334,1.0,32.0,31.2315,62.333333333333336,18.301,0.0,73.0,56.333333333333336,2357.5,14.5,687.0,3.0,8.0,4.0,14553.457,54.0105,1614102.5833333333,1.8821666666666665,17.479166666666668,0.492,1229.0,35.699605999999996,51.2978515,12.0,281.415,0.014078989299421018,0.0,0.25
2025-01-07 14:01:54,22.9,22.9,15.9,12.4,519960,13.5,1.0,32.0,28.9255,65.66666666666667,19.016166666666667,0.0,74.16666666666667,57.166666666666664,2387.75,14.5,709.5,3.0,8.0,4.0,14553.550833333333,57.250166666666665,1625745.7916666667,1.9181666666666668,17.291666666666668,0.492,1233.0,35.699793,51.296797,12.0,282.51,0.0022689280275925493,0.1388888888888881,0.0
2025-01-07 14:02:00,20.9,20.9,15.1,12.6,518560,13.483333333333334,1.0,32.0,28.63033333333333,53.333333333333336,15.013166666666665,0.0,75.66666666666667,58.5,2435.625,14.5,717.5,3.0,8.0,4.0,14553.645166666667,34.34366666666667,1636266.0,1.4488333333333332,18.291666666666668,0.492,1235.5,35.6999875,51.295725,12.0,282.47499999999997,-0.0013962634015955162,0.22222222222222263,0.0
2025-01-07 14:02:06,26.2,26.2,19.9,15.1,612450,13.450000000000001,1.0,32.0,29.11283333333333,42.833333333333336,12.557166666666667,0.0,76.5,59.0,2452.0416666666665,14.5,715.5,3.0,8.0,4.0,14553.742833333332,17.2915,1643936.0833333333,1.1616666666666666,19.302333333333333,0.492,1236.0,35.7001475,51.29480950000001,12.0,282.14,-0.0004363323129985162,0.08333333333333333,0.0
2025-01-07 14:02:12,22.8,22.8,15.8,13.2,556470,13.450000000000001,1.0,32.0,30.111166666666666,40.5,11.894333333333334,0.0,73.66666666666667,59.0,2459.25,14.5,712.5,3.0,8.0,4.0,14553.8405,13.135666666666667,1650725.5625,1.0683333333333334,19.604166666666668,0.492,1236.0,35.7003425,51.2937105,12.0,282.57,0.0028507044449241244,0.0,0.0
2025-01-07 14:02:18,18.1,18.1,14.5,13.1,552010,13.450000000000001,1.0,32.0,30.788666666666668,38.0,11.155666666666667,0.0,73.33333333333333,58.333333333333336,2443.0416666666665,14.5,709.5,3.0,8.0,4.0,14553.9375,9.458333333333334,1656841.3125,0.9873333333333333,19.729333333333333,0.492,1236.0,35.700546499999994,51.292616,12.0,282.84499999999997,-0.0009599310885970005,0.0,0.11111111111111072
2025-01-07 14:02:24,22.1,22.1,16.4,13.4,563850,13.416666666666666,1.0,32.0,30.997666666666664,40.166666666666664,11.7795,0.0,74.5,58.0,2425.0833333333335,14.5,706.5,3.0,8.0,4.0,14554.0345,13.062666666666667,1662976.2291666667,1.0681666666666667,19.6355,0.492,1236.0,35.700744500000006,51.291532499999995,12.0,282.69,5.8177641733256706e-05,0.0,0.05555555555555595
2025-01-07 14:02:30,21.4,21.4,15.3,13.1,556020,13.450000000000001,1.0,32.0,30.985666666666663,42.166666666666664,12.3215,0.0,75.66666666666667,58.0,2428.2083333333335,14.5,703.5,3.0,8.0,4.0,14554.130833333335,16.406166666666667,1669538.0833333333,1.1278333333333335,19.395666666666667,0.492,1236.0,35.700943,51.29045300000001,12.0,282.83,0.0008144869842639412,0.0,0.0
2025-01-07 14:02:36,21.7,21.7,15.4,13.1,547090,13.433333333333332,1.0,32.0,31.1725,38.166666666666664,11.123166666666668,0.0,76.0,57.5,2404.875,14.5,700.5,3.0,8.0,4.0,14554.226666666667,11.135333333333334,1675714.2291666667,1.0071666666666668,19.552,0.492,1236.0,35.7011435,51.289381,12.0,282.815,-0.0018035068937274875,0.0,0.08333333333333333
2025-01-07 14:02:42,25.3,24.7,15.7,12.4,509380,13.416666666666666,1.0,32.0,30.812166666666666,45.0,12.942833333333333,0.0,73.5,57.0,2394.125,14.5,698.0,3.0,8.0,4.0,14554.322833333334,21.50016666666667,1682809.8958333333,1.2146666666666668,19.051833333333335,0.492,1236.0,35.701336000000005,51.288317,12.0,282.51,-0.0005817764173314102,0.0,0.08333333333333333
2025-01-07 14:02:48,47.9,45.3,17.1,12.7,518960,13.416666666666666,1.0,32.0,30.9575,44.166666666666664,12.827166666666665,0.0,73.5,57.0,2387.2083333333335,14.5,695.0,3.0,8.0,4.0,14554.418,20.833333333333332,1689988.2708333333,1.1928333333333334,19.125,0.492,1236.0,35.7015285,51.28726,12.0,282.73999999999995,0.0011053751929297302,0.0,0.0
2025-01-07 14:02:54,30.7,30.7,17.4,13.0,534800,13.4,1.0,32.0,30.525666666666666,48.5,13.902333333333333,0.0,74.83333333333333,57.833333333333336,2417.2916666666665,14.5,693.0,3.0,8.0,4.0,14554.512499999999,27.5835,1697610.4375,1.3251666666666668,18.645666666666667,0.492,1236.0,35.7017215,51.286201500000004,12.0,282.8,0.001687151610261139,0.13888888888888928,0.0
2025-01-07 14:03:00,26.5,26.5,17.2,12.9,524620,13.433333333333332,1.0,32.0,30.269000000000002,43.0,12.636666666666668,0.0,76.0,58.166666666666664,2440.0416666666665,14.5,691.0,3.0,8.0,4.0,14554.609333333334,18.416666666666668,1705098.8125,1.1663333333333334,19.25,0.492,1236.0,35.701942499999994,51.285123999999996,12.0,284.59499999999997,0.00500327718905049,0.05555555555555477,0.0
2025-01-07 14:03:06,33.2,30.9,15.5,12.1,508980,13.416666666666666,1.0,32.0,30.338166666666666,43.5,12.707666666666666,0.0,75.16666666666667,58.0,2422.7083333333335,14.5,688.0,3.0,8.0,4.0,14554.707,19.3125,1712117.3541666667,1.1811666666666667,19.208166666666667,0.492,1236.0,35.7021485,51.2840445,12.0,282.93,-0.003374303220522443,0.0,0.027777777777777384
2025-01-07 14:03:12,26.0,24.8,14.9,13.9,577150,13.433333333333332,1.0,32.0,29.629,48.0,13.784833333333333,0.0,73.16666666666667,58.166666666666664,2419.8333333333335,14.5,685.0,3.0,8.0,4.0,14554.802166666666,26.479333333333333,1719699.625,1.3138333333333334,18.645500000000002,0.492,1236.0,35.7023485,51.282976,12.0,282.895,-0.0009308422677302896,0.027777777777777384,0.0
2025-01-07 14:03:18,24.9,24.7,14.2,12.1,507120,13.5,1.0,32.0,30.040666666666667,35.166666666666664,9.896500000000001,0.0,73.83333333333333,56.166666666666664,2334.9583333333335,14.5,682.0,3.0,13.333333333333334,4.0,14554.898500000001,-7.239833333333334,1725433.625,0.6255000000000001,19.81233333333333,0.492,1236.0,35.702549,51.2819005,12.0,282.66,-0.0030543261909899443,0.0,0.3333333333333333
2025-01-07 14:03:24,24.9,24.6,14.7,12.5,523270,13.483333333333334,1.0,32.0,30.291833333333333,45.333333333333336,12.775666666666666,0.0,74.83333333333333,53.666666666666664,2246.4166666666665,14.5,682.0,3.0,8.0,4.0,14554.987500000001,24.24983333333333,1730603.1041666667,1.1835,18.9165,0.492,1236.0,35.702724499999995,51.28089500000001,12.0,281.77500000000003,-0.004072434921320201,0.0,0.4166666666666667
2025-01-07 14:03:30,23.4,23.2,14.6,12.6,530790,13.483333333333334,33.0,32.0,31.043666666666667,34.833333333333336,9.985833333333334,0.328,76.0,53.333333333333336,2201.9583333333335,14.266666666666666,682.5,3.0,18.666666666666668,4.0,14555.0775,-18.479166666666668,1736861.2916666667,0.37233333333333335,19.6875,0.492,1236.0,35.702896,51.27988250000001,12.0,281.95,0.002065306281526565,0.0,0.05555555555555477
2025-01-07 14:03:36,19.5,19.5,14.6,12.2,502710,13.5,1.0,32.0,32.978500000000004,53.666666666666664,13.913833333333335,16.213166666666666,74.5,43.333333333333336,1825.75,14.383333333333333,681.5,3.0,10.666666666666666,4.0,14555.158333333333,29.072833333333335,1739815.7916666667,1.1855,17.718666666666667,0.492,1236.0,35.703050499999996,51.2789995,12.0,282.505,0.0035779249665884288,0.0,1.6666666666666667
2025-01-07 14:03:42,23.3,23.1,15.6,12.3,513090,13.5,1.0,32.0,30.495333333333335,50.333333333333336,13.269333333333334,14.6755,73.0,50.333333333333336,2104.2916666666665,14.383333333333333,691.5,3.0,10.666666666666666,4.0,14555.2345,31.1665,1748411.0,1.139,18.4165,0.492,1236.0,35.703213,51.2781335,12.0,282.92,-0.0012217304763960767,1.1666666666666667,0.0
2025-01-07 14:03:48,30.1,23.3,14.5,12.7,531240,13.483333333333334,1.0,32.0,30.66033333333333,37.0,9.8885,9.358833333333333,73.16666666666667,49.666666666666664,2082.4166666666665,13.966666666666667,689.0,3.0,13.333333333333334,4.0,14555.318333333335,0.4166666666666667,1753697.9583333333,0.8075,19.448,0.492,1236.0,35.703388,51.2771895,12.0,282.885,0.00029088820866578647,0.0,0.1111111111111119
2025-01-07 14:03:54,17.8,17.8,14.8,12.7,534400,13.466666666666667,17.0,32.0,31.562,43.833333333333336,11.5525,10.602833333333335,74.5,48.0,1994.4583333333333,14.5,688.0,3.0,16.0,4.0,14555.400500000002,2.208666666666668,1758631.0208333333,0.7265,18.781333333333333,0.492,1236.0,35.703554000000004,51.276285,12.0,282.985,0.002879793265790671,0.0,0.2777777777777774
2025-01-07 14:04:00,17.2,17.2,14.7,12.9,532600,13.450000000000001,1.0,32.0,31.6605,51.333333333333336,13.043666666666667,18.005499999999998,75.66666666666667,45.333333333333336,1901.0,14.5,687.0,3.0,8.0,4.0,14555.476499999999,36.677166666666665,1763289.1666666667,1.2698333333333334,17.927,0.492,1236.0,35.703718,51.275427,12.0,283.215,-0.00031997702953233333,0.0,0.44444444444444403
2025-01-07 14:04:06,29.1,22.4,14.8,12.3,511790,13.466666666666667,1.0,32.0,29.799666666666667,45.833333333333336,12.019166666666665,17.814166666666665,75.66666666666667,50.0,2085.5,14.5,686.5,3.0,8.0,4.0,14555.555833333332,26.635166666666667,1770484.2291666667,1.0635000000000001,18.770833333333332,0.492,1236.0,35.70389,51.274544,12.0,283.76500000000004,0.0033452143996558965,0.7777777777777773,0.0
2025-01-07 14:04:12,23.4,23.2,14.6,12.2,508730,13.466666666666667,1.0,32.0,30.200833333333332,36.333333333333336,9.9645,11.942166666666665,73.5,50.333333333333336,2104.6666666666665,14.5,683.5,3.0,8.0,4.0,14555.639833333333,10.812666666666667,1775980.7916666667,0.8423333333333334,19.708333333333332,0.492,1236.0,35.7040825,51.2736205,12.0,284.165,-0.0026761715197246854,0.05555555555555595,0.0
2025-01-07 14:04:18,23.1,22.5,13.9,11.6,498950,13.483333333333334,1.0,32.0,29.491833333333332,48.333333333333336,14.126166666666668,19.492,73.0,50.666666666666664,2111.625,14.5,682.5,3.0,8.0,4.0,14555.722666666667,34.3955,1781421.0,1.3521666666666665,18.552,0.492,1236.0,35.704252000000004,51.27268949999999,12.0,282.195,-0.0051778101142499295,0.05555555555555477,0.0
2025-01-07 14:04:24,19.3,19.3,13.1,11.7,486980,13.516666666666666,1.0,32.0,28.209,67.0,20.544333333333334,26.352666666666664,73.66666666666667,58.5,2441.2916666666665,14.5,705.0,3.0,8.0,4.0,14555.8125,60.26,1791973.625,2.0141666666666667,17.156000000000002,0.492,1236.0,35.7044165,51.2716845,12.0,281.46999999999997,0.001018108730330091,1.305555555555556,0.0
2025-01-07 14:04:30,20.2,20.1,12.7,10.9,469740,13.483333333333334,1.0,32.0,28.70866666666667,53.166666666666664,16.436833333333336,21.970333333333333,75.33333333333333,65.16666666666667,2718.8333333333335,14.5,721.0,3.0,8.0,4.0,14555.915333333332,35.19766666666667,1802902.125,1.649,18.37483333333333,0.492,1236.0,35.7046245,51.2705305,12.0,282.565,0.0006108652381979556,1.1111111111111118,0.0
2025-01-07 14:04:36,17.4,17.2,12.5,11.7,496450,13.5,1.0,32.0,29.453666666666667,35.5,10.885,7.177666666666667,76.5,65.83333333333333,2750.625,14.25,723.0,3.0,8.0,4.0,14556.024666666666,-2.2185,1811001.8125,1.0031666666666668,20.12483333333333,0.492,1236.0,35.704851,51.269306,12.0,283.09999999999997,0.0031125038327232007,0.11111111111110954,0.0
2025-01-07 14:04:42,17.3,17.3,12.7,11.3,490530,13.433333333333332,65.0,32.0,31.614833333333333,32.833333333333336,9.575166666666666,0.0,74.16666666666667,56.833333333333336,2373.9166666666665,14.5,721.5,3.0,24.0,4.0,14556.128833333334,-37.65633333333333,1813848.625,0.0,19.8335,0.492,1236.0,35.705078,51.2681485,12.0,284.3,0.007650359887908465,0.0,1.499999999999999
2025-01-07 14:04:48,20.1,20.0,13.1,11.5,486570,13.450000000000001,49.0,32.0,34.3495,37.5,7.525333333333333,3.0248333333333335,73.0,35.333333333333336,1482.375,14.5,717.5,3.0,21.333333333333332,4.0,14556.205666666667,-24.989166666666666,1813938.9375,0.18600000000000003,18.979166666666668,0.492,1236.0,35.7052935,51.2673165,12.0,289.16,0.013700834628155592,0.0,3.5833333333333335
2025-01-07 14:04:54,20.1,19.9,12.8,11.6,489880,13.416666666666666,17.0,32.0,32.90333333333333,42.333333333333336,7.176666666666667,4.827999999999999,73.0,31.5,1319.6666666666667,14.5,712.0,3.0,18.666666666666668,4.0,14556.259666666667,7.687333333333332,1817223.2291666667,0.6669999999999999,18.718999999999998,0.492,1236.0,35.705479000000004,51.26674499999999,12.0,291.16,-0.007621271067041926,0.0,0.6388888888888893
2025-01-07 14:05:00,30.6,23.9,14.3,11.6,483820,13.416666666666666,86.33333333333333,32.5,34.539833333333334,34.0,3.985333333333333,0.0,73.83333333333333,18.166666666666668,1024.9583333333333,14.5,709.5,3.0,24.0,2.6666666666666665,14556.304666666669,-12.781333333333334,1820076.5,0.3285,20.625,0.492,1236.0,35.705601,51.266248999999995,12.0,286.96999999999997,0.000319977029532334,0.0,2.222222222222222
2025-01-07 14:05:06,18.9,18.9,12.9,11.7,489230,13.4,97.0,32.0,35.726333333333336,34.333333333333336,3.875666666666667,0.0,74.83333333333333,0.5,956.25,14.5,706.5,3.0,24.0,11.0,14556.316,-14.802,1822004.3541666667,0.31833333333333336,20.81233333333333,0.492,1236.0,35.705635,51.266113,12.0,285.16,-0.008930268006037634,0.0,2.9444444444444446
2025-01-07 14:05:12,18.1,18.1,13.0,11.4,483870,13.4,97.0,32.0,33.733666666666664,34.0,3.8656666666666664,0.0,76.0,0.0,952.7083333333334,14.5,703.5,3.0,24.0,13.0,14556.316,-14.125166666666667,1823919.9166666667,0.31616666666666665,20.8645,0.492,1236.0,35.705637,51.266113,12.0,142.58,0.217700735365426,0.0,0.08333333333333333
2025-01-07 14:05:18,18.7,18.7,14.3,12.0,503420,13.4,97.0,32.0,32.8315,34.166666666666664,3.8993333333333333,0.0,76.83333333333333,0.0,949.375,14.5,700.5,3.0,24.0,13.0,14556.316,-13.198,1825794.3958333333,0.3095,20.854,0.492,1236.0,35.705639,51.266117,12.0,45.0,0.2617993877991495,0.0,0.0
2025-01-07 14:05:24,24.6,22.9,14.5,11.6,488280,13.383333333333333,97.0,32.0,32.378166666666665,34.333333333333336,3.9006666666666665,0.0,77.16666666666667,0.0,949.75,14.5,697.5,3.0,24.0,13.0,14556.316,-13.7605,1827677.1666666667,0.31516666666666665,20.854,0.492,1236.0,35.705641,51.266121,12.0,45.0,-0.2617993877991495,0.0,0.0
2025-01-07 14:05:30,24.0,23.8,14.8,12.1,501560,13.4,33.0,32.666666666666664,31.983333333333334,40.0,4.264166666666667,2.695833333333333,76.33333333333333,0.5,893.0416666666666,14.5,694.5,3.0,18.666666666666668,9.0,14556.316,-2.864333333333333,1829662.8333333333,0.37166666666666665,20.07283333333333,0.492,1236.0,35.705645,51.266121,12.0,0.0,0.0,0.08333333333333333,0.0
2025-01-07 14:05:36,39.0,38.8,19.4,13.0,513490,13.416666666666666,1.0,32.5,28.638833333333334,44.333333333333336,10.263499999999999,13.287166666666666,73.5,13.666666666666666,1916.6666666666667,14.5,690.0,3.0,13.333333333333334,1.1666666666666667,14556.327333333335,17.291666666666668,1833568.4583333333,0.8945,18.583333333333332,0.492,1236.0,35.705658,51.2660105,12.0,276.60499999999996,-0.23800473233029332,2.194444444444444,0.0
2025-01-07 14:05:42,32.2,32.2,20.3,12.4,506720,13.416666666666666,1.0,32.166666666666664,27.478166666666667,45.5,11.6025,17.175666666666668,72.0,23.666666666666668,1972.4166666666667,14.5,688.0,3.0,8.0,2.0,14556.359333333334,19.32283333333333,1838827.2291666667,1.0746666666666667,18.5625,0.492,1236.0,35.705715,51.2656495,12.0,282.10999999999996,0.017307848415610404,1.666666666666667,0.0
2025-01-07 14:05:48,45.2,43.2,15.7,11.8,485920,13.450000000000001,1.0,32.333333333333336,28.370166666666666,36.166666666666664,9.103,7.624666666666666,72.16666666666667,31.833333333333332,2140.75,14.5,689.5,3.0,13.333333333333334,2.6666666666666665,14556.407666666666,-2.646,1845063.1458333333,0.7306666666666667,19.395666666666667,0.492,1236.0,35.705814499999995,51.2651155,12.0,282.91,-0.00034906585039888,1.3611111111111107,0.0
2025-01-07 14:05:54,36.5,35.8,18.9,12.2,495300,13.450000000000001,1.0,32.0,22.881666666666664,50.166666666666664,12.379,17.388333333333332,73.33333333333333,33.0,1859.4583333333333,14.5,687.0,3.0,8.0,3.0,14556.460333333334,31.729166666666668,1849577.7708333333,1.1168333333333333,18.104166666666668,0.492,1236.0,35.706022499999996,51.264579499999996,12.0,303.21999999999997,0.08994263411944114,0.19444444444444464,0.0
2025-01-07 14:06:00,33.4,33.1,16.3,12.1,509430,13.466666666666667,1.0,32.0,15.548,60.333333333333336,16.497,20.349166666666665,74.5,39.333333333333336,2235.9583333333335,14.5,692.5,3.0,8.0,3.0,14556.5195,47.3435,1857807.625,1.5263333333333333,17.645833333333332,0.492,1236.0,35.706517999999996,51.264396500000004,12.0,174.55500000000004,0.14494959437812902,1.055555555555556,0.0
2025-01-07 14:06:06,36.2,35.5,17.3,12.8,530940,13.450000000000001,1.0,32.333333333333336,17.50583333333333,61.166666666666664,15.776499999999999,20.12516666666667,76.16666666666667,44.333333333333336,1908.4166666666667,14.5,701.0,3.0,10.666666666666666,3.8333333333333335,14556.589833333333,48.167,1866174.3958333333,1.4701666666666666,17.104333333333333,0.492,1236.0,35.707161,51.26453,12.0,11.385,0.022631102634193143,0.8333333333333334,0.0
2025-01-07 14:06:12,35.1,34.5,19.3,13.1,520210,13.466666666666667,1.0,32.0,22.476333333333333,36.666666666666664,8.6755,5.562833333333333,76.66666666666667,44.833333333333336,1863.7083333333333,14.5,701.5,3.0,16.0,4.0,14556.667333333333,-13.041833333333335,1872363.3541666667,0.36683333333333334,19.229166666666668,0.492,1236.0,35.7078495,51.264717,12.0,12.415,-0.0003199770295322507,0.08333333333333333,0.0
2025-01-07 14:06:18,25.0,25.0,16.3,13.2,531790,13.383333333333333,81.0,32.5,28.90733333333333,34.666666666666664,5.281166666666667,0.0,73.66666666666667,28.0,1206.9166666666667,14.066666666666668,698.0,3.0,24.0,3.6666666666666665,14556.729166666666,-25.031166666666667,1873362.1666666667,0.206,20.083333333333332,0.492,1236.0,35.708431499999996,51.2648715,12.0,11.985,-0.001745329251994313,0.0,2.805555555555556
2025-01-07 14:06:24,25.9,24.1,16.1,12.9,521160,13.466666666666667,1.0,32.166666666666664,28.080833333333334,60.5,16.463833333333334,23.52,72.16666666666667,24.166666666666668,2024.25,14.5,699.5,3.0,8.0,2.0,14556.767666666667,50.61483333333334,1878211.5625,1.619,17.135833333333334,0.492,1236.0,35.7087725,51.26496699999999,12.0,13.19,0.002763437982324405,0.0,0.6388888888888887
2025-01-07 14:06:30,29.3,27.3,14.0,12.5,518510,13.450000000000001,1.0,32.333333333333336,23.613333333333333,56.0,16.244333333333334,20.958833333333335,72.83333333333333,36.833333333333336,2242.4166666666665,14.5,712.5,3.0,10.666666666666666,2.8333333333333335,14556.820333333335,40.6145,1887452.4791666667,1.5221666666666664,17.958333333333332,0.492,1236.0,35.70924350000001,51.265093,12.0,12.18,-0.0012508192972626234,2.111111111111111,0.0
2025-01-07 14:06:36,40.8,32.3,13.8,12.0,504570,13.466666666666667,1.0,32.166666666666664,23.690833333333334,57.666666666666664,16.098333333333333,16.721999999999998,74.0,46.5,2342.4166666666665,14.5,730.0,3.0,10.666666666666666,3.3333333333333335,14556.8905,30.729333333333333,1898060.25,1.3778333333333332,17.906166666666667,0.492,1236.0,35.709881,51.26527050000001,12.0,13.020000000000001,0.0037524578917878687,1.6111111111111107,0.0
2025-01-07 14:06:42,41.7,41.7,30.1,14.7,545140,13.5,1.0,32.0,25.344166666666666,46.5,12.329833333333333,17.1975,75.66666666666667,48.833333333333336,2044.75,14.5,729.5,3.0,8.0,4.0,14556.9695,30.552333333333333,1905730.9791666667,1.1033333333333333,18.57283333333333,0.492,1236.0,35.7106095,51.2654705,12.0,12.085,-0.005701408889848166,0.3888888888888893,0.0
2025-01-07 14:06:48,36.3,35.7,17.9,13.3,527180,13.466666666666667,1.0,32.0,26.292333333333332,66.5,19.239166666666666,25.973,77.0,49.666666666666664,2089.8333333333335,14.5,731.0,3.0,8.0,4.0,14557.050833333333,62.052166666666665,1913379.3958333333,1.8053333333333332,16.843833333333333,0.492,1236.0,35.711355000000005,51.265646000000004,12.0,10.569999999999999,-0.002850704444924125,0.1388888888888881,0.0
2025-01-07 14:06:54,24.8,24.8,15.3,12.6,513990,13.483333333333334,1.0,32.0,24.769333333333332,79.5,26.882666666666665,30.286666666666665,74.33333333333333,55.5,2325.625,14.5,751.0,3.0,8.0,4.0,14557.138833333333,81.07283333333334,1926107.6041666667,2.3554999999999997,16.051833333333335,0.492,1236.0,35.712146999999995,51.265858,12.0,12.87,0.007475826962709107,0.9722222222222227,0.0
2025-01-07 14:07:00,25.1,25.0,15.2,12.5,520560,13.466666666666667,1.0,32.333333333333336,25.005,51.833333333333336,12.991333333333335,14.5585,73.16666666666667,56.0,2141.5833333333335,14.5,761.0,3.0,10.666666666666666,4.333333333333333,14557.233833333334,22.4585,1937281.0,1.1215,18.1875,0.492,1236.0,35.713003,51.266113,12.0,13.775,0.0020653062815266464,0.08333333333333333,0.0
2025-01-07 14:07:06,24.1,23.8,16.3,13.5,547840,13.466666666666667,1.0,32.0,27.15216666666667,62.666666666666664,13.7945,19.928833333333333,74.5,51.0,1667.25,14.5,756.5,3.0,8.0,5.0,14557.3215,47.5315,1944485.4583333333,1.2396666666666667,16.354333333333333,0.492,1236.0,35.71381,51.266346,12.0,12.375,-0.00913388975210362,0.0,0.8333333333333334
2025-01-07 14:07:12,31.1,30.9,18.4,12.7,520310,13.483333333333334,1.0,32.0,28.363833333333332,63.333333333333336,14.332333333333333,21.879500000000004,75.66666666666667,51.5,1689.5416666666667,14.5,751.5,3.0,8.0,5.0,14557.4055,49.65633333333333,1951983.0833333333,1.218,16.333166666666667,0.492,1236.0,35.714592,51.266411000000005,12.0,180.905,-0.034266630980822166,0.08333333333333333,0.0
2025-01-07 14:07:18,28.7,28.6,16.3,11.9,488530,13.483333333333334,1.0,32.0,29.371166666666667,56.5,13.048499999999999,19.742166666666666,76.83333333333333,56.333333333333336,1834.4583333333333,14.5,747.0,3.0,8.0,5.0,14557.496166666666,39.875,1959349.2083333333,1.1255,17.2395,0.492,1236.0,35.7154235,51.266361499999995,12.0,356.87000000000006,-0.0044215007717189145,0.8055555555555559,0.0
2025-01-07 14:07:24,35.6,35.4,16.6,12.1,484570,13.483333333333334,1.0,32.0,29.605166666666666,54.166666666666664,13.541333333333334,21.486,74.66666666666667,59.5,1943.9583333333333,14.5,742.5,3.0,8.0,5.0,14557.591166666667,42.03116666666667,1966052.0416666667,1.2433333333333334,17.656333333333333,0.492,1236.0,35.7163145,51.2662925,12.0,356.23499999999996,-0.0019489509980603794,0.5277777777777773,0.0
2025-01-07 14:07:30,22.3,22.1,13.9,11.5,477650,13.5,1.0,32.0,30.45866666666667,41.833333333333336,10.624333333333333,9.9015,73.0,61.833333333333336,2017.7083333333333,14.5,738.5,3.0,16.0,5.0,14557.692000000001,0.23966666666666706,1972668.5833333333,0.5964999999999999,18.88533333333333,0.492,1236.0,35.7172625,51.266222,12.0,356.315,-0.0027052603405912303,0.3888888888888893,0.0
2025-01-07 14:07:36,22.2,22.2,13.9,11.5,481310,13.466666666666667,1.0,32.0,32.126,35.833333333333336,8.412333333333335,8.169333333333334,73.66666666666667,57.333333333333336,1870.6666666666667,14.016666666666666,732.5,3.0,13.333333333333334,5.0,14557.792333333333,-0.5834999999999996,1975212.1666666667,0.7145,19.270833333333332,0.492,1236.0,35.7181835,51.26610350000001,12.0,353.31,-0.008115781021773691,0.0,0.75
2025-01-07 14:07:42,37.9,37.9,21.2,12.7,490430,13.483333333333334,1.0,32.0,31.989,46.333333333333336,10.837166666666667,15.443666666666667,74.83333333333333,57.666666666666664,1881.7916666666667,14.5,726.5,3.0,8.0,5.0,14557.886833333332,23.093999999999998,1980435.2083333333,0.9308333333333333,18.5625,0.492,1236.0,35.719057,51.2659415,12.0,350.555,-0.010326531407632985,0.05555555555555477,0.0
2025-01-07 14:07:48,26.4,26.4,15.5,11.7,469740,13.450000000000001,1.0,32.0,32.044666666666664,51.166666666666664,12.805833333333332,18.736333333333334,75.83333333333333,59.166666666666664,1927.3333333333333,14.5,721.5,3.0,8.0,5.0,14557.982333333333,35.58316666666666,1986567.1666666667,1.1523333333333332,18.01033333333333,0.492,1236.0,35.7199385,51.2656935,12.0,345.79999999999995,-0.015707963267949068,0.25,0.0
2025-01-07 14:07:54,35.1,35.0,18.3,12.3,488180,13.416666666666666,1.0,32.0,31.028499999999998,52.0,12.757666666666665,19.960166666666666,75.33333333333333,60.333333333333336,1978.8333333333333,14.5,718.0,3.0,8.0,5.0,14558.082,36.416666666666664,1993602.7916666667,1.1121666666666667,17.968999999999998,0.492,1296.0,35.7209035,51.265348499999995,12.0,344.425,0.00415970138391984,0.19444444444444522,0.0
2025-01-07 14:08:00,50.3,47.8,18.7,13.0,497950,13.466666666666667,1.0,32.0,31.6665,39.0,9.455166666666665,5.055666666666666,73.16666666666667,59.0,1930.75,14.5,713.5,3.0,8.0,5.0,14558.182333333332,13.739333333333335,1999451.2708333333,0.7735,19.197666666666667,0.492,1296.0,35.7217275,51.26507,12.0,343.72,-0.01175188363009521,0.0,0.22222222222222263
2025-01-07 14:08:06,38.3,37.5,17.3,12.7,507530,13.450000000000001,1.0,32.0,31.486,53.5,12.600833333333334,0.0,73.0,57.0,1871.0416666666667,14.5,709.0,3.0,8.0,5.0,14558.277333333333,36.59383333333333,2005022.8541666667,1.1268333333333334,17.520666666666667,0.492,1296.5,35.722569,51.26468500000001,12.0,338.78000000000003,-0.009570222065102135,0.0,0.3333333333333333
2025-01-07 14:08:12,39.6,37.7,16.5,11.9,486520,13.466666666666667,1.0,32.0,30.872833333333332,54.0,12.728166666666667,0.0,74.0,58.0,1887.1666666666667,14.5,706.0,3.0,8.0,5.0,14558.373,37.3645,2011814.5,1.146,17.541333333333334,0.492,1297.0,35.723383,51.264244,12.0,335.29,-0.01131555131709653,0.16666666666666666,0.0
2025-01-07 14:08:18,35.2,35.2,19.5,12.2,501010,13.450000000000001,1.0,32.0,31.06533333333333,52.5,12.3315,0.0,75.33333333333333,58.0,1892.9583333333333,14.5,703.0,3.0,8.0,5.0,14558.468833333332,35.198,2018487.75,1.0823333333333334,17.677333333333333,0.492,1297.0,35.724184,51.263771,12.0,334.2,-0.0022107503858596225,0.0,0.0
2025-01-07 14:08:24,39.3,38.6,19.8,13.2,514240,13.433333333333332,1.0,32.0,30.7915,55.166666666666664,13.128833333333333,0.0,76.33333333333333,57.333333333333336,1873.2916666666667,14.5,700.0,3.0,8.0,5.0,14558.566333333334,39.979,2025029.5208333333,1.1711666666666667,17.364333333333335,0.492,1297.0,35.724987000000006,51.263294,12.0,334.385,0.0015417075059284107,0.0,0.11111111111111072
2025-01-07 14:08:30,37.8,36.1,21.9,13.0,510830,13.416666666666666,1.0,32.0,30.652666666666665,58.333333333333336,14.011333333333333,0.0,74.66666666666667,57.833333333333336,1887.125,14.5,697.0,3.0,8.0,5.0,14558.660166666667,45.927166666666665,2032409.4583333333,1.2501666666666666,17.18766666666667,0.492,1297.0,35.725792,51.262817500000004,12.0,334.615,0.00322885911618955,0.08333333333333333,0.0
2025-01-07 14:08:36,42.4,42.4,22.2,13.0,501860,13.4,1.0,32.0,30.562166666666666,56.833333333333336,13.559,0.0,72.83333333333333,58.0,1893.8333333333333,14.5,694.0,3.0,8.0,5.0,14558.757166666668,43.041666666666664,2039827.4166666667,1.2065,17.291333333333334,0.492,1297.0,35.726602500000006,51.2623575,12.0,335.61499999999995,0.004101523742186582,0.027777777777777384,0.0
2025-01-07 14:08:42,51.9,51.5,21.7,13.3,516900,13.433333333333332,1.0,32.0,30.767666666666667,55.833333333333336,13.340833333333334,0.0,73.16666666666667,58.0,1894.5416666666667,14.5,691.0,3.0,8.0,5.0,14558.852166666666,41.489666666666665,2047051.125,1.1905,17.375,0.492,1297.0,35.727415,51.261898,12.0,334.58,-0.008843001543437829,0.0,0.0
2025-01-07 14:08:48,46.5,45.1,15.9,12.2,498800,13.416666666666666,1.0,32.0,30.4365,55.0,13.049833333333334,0.0,74.33333333333333,58.166666666666664,1899.625,14.5,688.0,3.0,8.0,5.0,14558.949166666667,39.677,2054202.5416666667,1.1658333333333333,17.458333333333332,0.492,1297.0,35.72822,51.2614135,12.0,334.125,0.0018907733563271242,0.027777777777777384,0.0
2025-01-07 14:08:54,36.8,35.9,17.4,12.5,494390,13.433333333333332,1.0,32.0,30.648833333333332,49.0,11.616166666666667,0.0,75.66666666666667,58.0,1899.4166666666667,14.5,685.0,3.0,8.0,5.0,14559.045666666667,30.125,2060670.5833333333,1.0196666666666665,17.9585,0.492,1297.0,35.729032499999995,51.260929000000004,12.0,334.13000000000005,-0.00043633231299851637,0.0,0.027777777777777384
2025-01-07 14:09:00,31.4,30.8,16.3,12.0,492140,13.450000000000001,1.0,32.0,31.118,51.833333333333336,12.196333333333333,0.0,76.66666666666667,58.0,1888.75,14.5,682.0,3.0,8.0,5.0,14559.140666666666,34.145833333333336,2066852.1041666667,1.0705,17.666666666666668,0.492,1297.0,35.729831499999996,51.260428999999995,12.0,332.71,-0.004130612563053294,0.0,0.0
2025-01-07 14:09:06,27.5,27.4,14.8,11.9,496500,13.416666666666666,1.0,32.0,30.912000000000003,52.0,12.355833333333335,0.0,74.16666666666667,58.0,1894.9166666666667,14.5,679.0,3.0,8.0,5.0,14559.235666666667,34.948,2073337.375,1.0885,17.708666666666666,0.492,1297.0,35.730633000000005,51.25993350000001,12.0,333.8,0.005235987755983023,0.0,0.0
2025-01-07 14:09:12,24.2,24.2,16.0,12.1,498350,13.4,1.0,32.0,30.677666666666667,52.0,12.346000000000002,0.0,73.0,58.0,1904.9583333333333,14.5,676.0,3.0,8.0,5.0,14559.328833333333,35.177,2079866.6458333333,1.0941666666666665,17.73966666666667,0.492,1297.0,35.731449000000005,51.259471999999995,12.0,335.995,0.007563093425308662,0.0,0.0
2025-01-07 14:09:18,34.2,30.7,15.1,12.4,512090,13.4,1.0,32.0,30.42233333333333,52.0,12.348999999999998,0.0,73.33333333333333,58.0,1897.0833333333333,14.5,673.0,3.0,8.0,5.0,14559.4245,35.17683333333333,2086409.8333333333,1.0976666666666668,17.698333333333334,0.492,1311.5,35.7324275,51.2590045,12.0,339.57,0.009075712110370527,0.0,0.0
2025-01-07 14:09:24,18.4,18.4,13.5,12.0,495800,13.450000000000001,1.0,32.0,29.554166666666664,53.333333333333336,12.520166666666666,0.0,74.5,58.0,1881.75,14.5,670.0,3.0,8.0,5.0,14559.522166666668,36.312666666666665,2092974.4375,1.1201666666666668,17.604166666666668,0.492,1312.0,35.7331295,51.258695499999995,12.0,340.555,0.004566944876051808,0.0,0.0
2025-01-07 14:09:30,34.7,27.7,15.7,11.9,498300,13.5,1.0,32.0,22.988500000000002,57.833333333333336,13.772333333333334,0.0,76.0,57.833333333333336,1879.5,14.5,667.0,3.0,8.0,5.0,14559.616500000002,44.448,2099882.7083333335,1.2343333333333333,17.166333333333334,0.492,1314.0,35.734069999999996,51.258560499999994,12.0,178.65499999999997,0.07548549014875472,0.0,0.027777777777777384
2025-01-07 14:09:36,18.9,18.9,14.2,11.8,492440,13.5,1.0,32.0,17.406833333333335,55.5,13.233166666666667,0.0,76.83333333333333,58.0,1895.6666666666667,14.5,664.0,3.0,8.0,5.0,14559.713666666668,41.062666666666665,2107277.0416666665,1.1793333333333333,17.343833333333333,0.492,1316.0,35.734823,51.2589075,12.0,28.62,0.07961610271180801,0.027777777777777384,0.0
2025-01-07 14:09:42,26.0,26.0,16.7,12.1,497450,13.483333333333334,1.0,32.0,13.927833333333334,51.5,12.272166666666665,0.0,74.0,58.333333333333336,1900.125,14.5,661.0,3.0,8.0,5.0,14559.809833333333,34.374833333333335,2114104.6666666665,1.0738333333333332,17.73966666666667,0.492,1316.0,35.7353995,51.2597275,12.0,56.395,0.084241225229593,0.05555555555555595,0.0
2025-01-07 14:09:48,23.7,23.7,15.0,11.9,494690,13.516666666666666,1.0,32.0,14.965000000000002,38.333333333333336,9.2635,0.0,73.0,59.0,1923.0,14.5,658.0,3.0,8.0,5.0,14559.907500000001,12.0105,2119658.8333333335,0.7461666666666668,19.3855,0.492,1316.0,35.7356015,51.2607935,12.0,82.455,0.06515895874112175,0.11111111111111072,0.0
2025-01-07 14:09:54,22.7,22.7,15.6,12.8,518250,13.5,1.0,32.0,21.44366666666667,28.0,6.494666666666667,0.0,73.33333333333333,59.0,1928.5,14.5,655.0,3.0,8.0,5.0,14560.005333333334,-5.833166666666667,2123382.7083333335,0.5166666666666667,19.94783333333333,0.492,1316.0,35.7356545,51.2619115,12.0,86.685,0.00029088820866570515,0.0,0.0
2025-01-07 14:10:00,19.0,19.0,13.4,11.6,483220,13.5,1.0,32.0,25.491333333333333,34.333333333333336,8.269166666666665,0.0,74.5,57.833333333333336,1891.5833333333333,14.5,652.0,3.0,8.0,5.0,14560.102833333332,6.0731666666666655,2126543.2916666665,0.714,19.406166666666667,0.492,1316.0,35.735712,51.2630255,12.0,86.375,8.726646259971972e-05,0.0,0.19444444444444406
2025-01-07 14:10:06,25.8,25.8,18.1,13.5,535050,13.5,1.0,32.0,26.9315,48.0,11.37,0.0,75.66666666666667,57.666666666666664,1879.2083333333333,14.5,649.0,3.0,8.0,5.0,14560.197999999999,28.375,2131853.0,0.9968333333333333,18.093833333333333,0.492,1316.0,35.7357655,51.2641165,12.0,86.51,-0.0003781546712654248,0.0,0.027777777777778567
2025-01-07 14:10:12,27.1,27.1,16.3,12.1,500360,13.466666666666667,1.0,32.0,26.8755,57.166666666666664,13.576166666666666,0.0,76.33333333333333,57.166666666666664,1874.2916666666667,14.5,648.0,3.0,8.0,5.0,14560.293666666666,43.291500000000006,2138479.8333333335,1.2211666666666667,17.17716666666667,0.492,1316.0,35.735817000000004,51.26520200000001,12.0,86.53500000000001,-0.0013671745807289704,0.0,0.08333333333333333
2025-01-07 14:10:18,28.2,28.1,15.9,12.8,526180,13.5,1.0,32.0,27.417666666666666,55.833333333333336,13.309333333333333,0.0,74.33333333333333,58.0,1890.375,14.5,648.0,3.0,8.0,5.0,14560.389166666666,41.635333333333335,2145739.2916666665,1.2018333333333333,17.375,0.492,1316.0,35.7358685,51.2662965,12.0,86.78500000000001,0.0012829655017037335,0.13888888888888928,0.0
2025-01-07 14:10:24,22.1,22.1,16.3,12.6,526430,13.5,17.0,32.0,27.882500000000004,54.0,12.514333333333333,0.0,72.66666666666667,58.0,1889.75,14.5,646.0,3.0,8.0,5.0,14560.485,35.416666666666664,2152762.6666666665,1.097,17.625,0.492,1316.0,35.735921999999995,51.2673895,12.0,86.59500000000001,0.0005817764173314928,0.0,0.0
2025-01-07 14:10:30,25.6,25.6,18.2,12.7,527480,13.516666666666666,17.0,32.0,26.657333333333337,55.0,14.120333333333335,12.876,73.0,51.833333333333336,1699.0416666666667,14.5,643.5,3.0,13.333333333333334,5.0,14560.5775,23.104166666666668,2157957.5,0.9546666666666667,17.135666666666665,0.492,1316.0,35.735893499999996,51.268432499999996,12.0,95.56,0.039298996990738966,0.0,1.0277777777777775
2025-01-07 14:10:36,28.4,28.3,18.3,13.4,537110,13.566666666666668,1.0,32.0,23.447666666666667,100.66666666666667,45.211999999999996,32.48833333333334,73.83333333333333,58.333333333333336,1918.9166666666667,14.166666666666666,669.5,3.0,8.0,5.0,14560.666833333335,107.35416666666667,2167787.5416666665,2.811833333333334,16.7915,0.492,1316.0,35.735626,51.26939000000001,12.0,113.145,0.0514290352920996,1.0833333333333333,0.0
2025-01-07 14:10:42,22.8,22.7,14.4,13.0,534500,13.516666666666666,1.0,32.0,23.2325,33.833333333333336,9.344666666666667,1.2238333333333333,75.5,66.0,2147.3333333333335,14.5,707.0,3.0,21.333333333333332,5.0,14560.770666666665,-26.62483333333333,2179277.1666666665,0.20350000000000001,19.5105,0.492,1316.0,35.7350385,51.270357,12.0,130.155,0.04241150082346216,1.2777777777777775,0.0
2025-01-07 14:10:48,22.0,22.0,15.5,13.3,550600,13.483333333333334,1.0,32.0,23.87483333333333,40.5,10.122166666666667,11.849499999999999,76.5,63.5,2080.875,14.299999999999999,704.5,3.0,13.333333333333334,5.0,14560.878333333334,10.281,2182398.5416666665,0.9898333333333333,19.06233333333333,0.492,1316.0,35.734325500000004,51.271201999999995,12.0,138.70000000000002,0.02961241964217047,0.0,0.4166666666666667
2025-01-07 14:10:54,21.8,21.8,15.0,12.8,540770,13.533333333333333,1.0,32.0,26.308166666666665,34.166666666666664,9.079333333333333,3.779,74.33333333333333,63.666666666666664,2086.9166666666665,14.25,702.0,3.0,16.0,5.0,14560.983666666667,-7.281166666666667,2187038.0833333335,0.6361666666666667,19.67716666666667,0.492,1316.0,35.73357,51.271972500000004,12.0,137.98499999999999,-0.02783800156930954,0.027777777777777384,0.0
2025-01-07 14:11:00,18.6,18.5,13.9,12.4,514640,13.5,1.0,32.0,30.435666666666666,33.833333333333336,8.805166666666667,0.0,72.0,59.833333333333336,1950.9583333333333,14.5,699.0,3.0,21.333333333333332,5.0,14561.087333333335,-27.656166666666667,2189202.1666666665,0.1815,19.479333333333333,0.492,1316.0,35.732949999999995,51.2728745,12.0,129.35,-0.010297442586766521,0.0,0.6388888888888881
2025-01-07 14:11:06,25.7,25.1,16.4,13.0,526580,13.483333333333334,1.0,32.0,32.55116666666667,37.166666666666664,8.872166666666667,0.0,72.0,58.833333333333336,1921.125,14.5,695.5,3.0,8.0,5.0,14561.184166666666,10.208333333333334,2193001.5416666665,0.761,19.302,0.492,1316.0,35.7324105,51.2737715,12.0,124.995,-0.017802358370342178,0.0,0.16666666666666666
2025-01-07 14:11:12,20.2,20.2,14.6,12.6,527730,13.5,33.0,32.0,34.18666666666667,32.333333333333336,7.180666666666667,0.0,72.83333333333333,55.166666666666664,1795.5,14.5,692.5,3.0,18.666666666666668,5.0,14561.279999999999,-23.927000000000003,2195842.0833333335,0.23750000000000002,19.354166666666668,0.492,1316.0,35.731997,51.274746,12.0,114.795,-0.0317359035654303,0.0,0.6111111111111119
2025-01-07 14:11:18,24.9,24.9,16.0,13.1,548300,13.5,1.0,32.0,32.12383333333333,45.0,10.4685,0.0,73.66666666666667,55.666666666666664,1817.9166666666667,14.5,690.0,3.0,8.0,5.0,14561.369833333332,19.9375,2200117.1666666665,0.9093333333333332,18.4585,0.492,1316.0,35.7316305,51.2756805,12.0,117.61,0.021525727441263413,0.08333333333333333,0.0
2025-01-07 14:11:24,55.6,53.6,33.6,16.2,588590,13.483333333333334,1.0,32.0,32.221333333333334,25.833333333333332,5.582999999999999,0.0,74.66666666666667,56.5,1844.0833333333333,14.5,687.0,3.0,8.0,5.0,14561.463666666668,-10.0625,2203443.4583333335,0.451,20.166999999999998,0.492,1316.0,35.7311855,51.276604,12.0,121.125,0.005061454830783582,0.13888888888888928,0.0
2025-01-07 14:11:30,26.5,25.9,15.3,13.4,551150,13.466666666666667,1.0,32.0,32.29,26.833333333333332,5.8805000000000005,0.0,75.83333333333333,56.0,1832.5833333333333,14.5,684.0,3.0,8.0,5.0,14561.557166666666,-8.218666666666666,2206178.25,0.47150000000000003,20.01033333333333,0.492,1316.0,35.73069,51.277479,12.0,126.75999999999999,0.021612993903863138,0.0,0.08333333333333333
2025-01-07 14:11:36,28.7,28.7,18.3,12.9,538110,13.483333333333334,17.0,32.0,32.3165,28.833333333333332,6.4559999999999995,0.0,76.0,56.666666666666664,1848.0416666666667,14.5,681.0,3.0,10.666666666666666,5.0,14561.649833333335,-11.572999999999999,2209079.7083333335,0.40349999999999997,19.74983333333333,0.492,1316.0,35.7301045,51.278271,12.0,134.10999999999999,0.020885773382198835,0.11111111111111072,0.0
2025-01-07 14:11:42,36.8,36.6,18.5,13.2,541620,13.5,97.0,32.0,34.72483333333333,34.666666666666664,6.79,0.0,73.83333333333333,46.666666666666664,1530.7083333333333,14.5,678.0,3.0,24.0,5.0,14561.741,-37.146,2210297.75,0.0,19.32283333333333,0.492,1316.0,35.729476999999996,51.2789385,12.0,140.86499999999998,0.017947802474674986,0.0,1.6666666666666667
2025-01-07 14:11:48,22.2,22.2,16.2,13.3,537410,13.483333333333334,33.0,32.5,36.32333333333333,44.833333333333336,10.597,10.056,71.5,30.833333333333332,1348.0,14.066666666666668,675.5,3.0,18.666666666666668,4.0,14561.802666666668,13.718666666666666,2211909.75,1.0136666666666667,18.948,0.492,1316.0,35.7290195,51.279371,12.0,142.96,0.0045087672343187175,0.0,2.638888888888889
2025-01-07 14:11:54,18.3,18.3,13.8,12.5,531640,13.5,1.0,32.333333333333336,30.691999999999997,58.166666666666664,17.928,20.358999999999998,71.16666666666667,45.0,2324.5833333333335,14.5,698.0,3.0,13.333333333333334,3.3333333333333335,14561.864,44.395833333333336,2220988.5833333335,1.6656666666666666,17.68733333333333,0.492,1316.0,35.728563,51.279785000000004,12.0,143.56,-0.0011344640137963572,2.361111111111111,0.0
2025-01-07 14:12:00,20.0,19.9,14.2,12.7,539620,13.450000000000001,1.0,32.0,29.609166666666667,56.166666666666664,17.348333333333333,23.1815,72.0,54.666666666666664,2280.8333333333335,14.5,705.5,3.0,8.0,4.0,14561.946000000002,46.562666666666665,2229183.0,1.6988333333333332,17.8855,0.492,1316.0,35.7279395,51.280351499999995,12.0,143.66,0.0009308422677302893,1.6111111111111107,0.0
2025-01-07 14:12:06,20.5,20.5,14.4,12.8,534750,13.5,1.0,32.166666666666664,29.419,52.5,14.125166666666667,14.808333333333332,73.33333333333333,64.66666666666667,2270.4166666666665,14.5,720.0,3.0,10.666666666666666,4.666666666666667,14562.046166666667,32.15633333333333,2238690.7916666665,1.333,18.281000000000002,0.492,1316.0,35.727197499999996,51.2810325,12.0,143.2,-0.001454441043328608,1.6666666666666679,0.0
2025-01-07 14:12:12,23.7,23.7,16.7,13.6,559880,13.5,1.0,32.0,30.793499999999998,32.333333333333336,8.997333333333334,0.0,74.5,68.16666666666667,2219.4166666666665,14.266666666666666,717.5,3.0,21.333333333333332,5.0,14562.157,-26.864666666666665,2244473.0416666665,0.20350000000000001,19.781000000000002,0.492,1316.0,35.726366000000006,51.28179550000001,12.0,143.29999999999998,-0.0002036217460659852,0.5833333333333334,0.0
2025-01-07 14:12:18,32.0,31.4,20.0,13.7,555370,13.433333333333332,49.0,32.0,33.395833333333336,32.333333333333336,8.27,0.0,76.0,62.5,2037.5416666666667,14.5,714.5,3.0,24.0,5.0,14562.266333333333,-37.270833333333336,2245015.25,0.0,19.531499999999998,0.492,1316.0,35.725544,51.282543000000004,12.0,143.665,0.0011635528346629028,0.0,0.9444444444444452
2025-01-07 14:12:24,28.5,28.5,19.6,13.2,546740,13.433333333333332,97.0,32.333333333333336,38.42416666666667,33.0,5.103666666666666,0.0,76.16666666666667,37.833333333333336,1250.125,14.1,710.5,3.0,24.0,5.0,14562.354166666666,-26.031333333333336,2245251.7083333335,0.18316666666666667,20.0,0.492,1316.0,35.724895499999995,51.283142,12.0,143.125,-0.00017453292519944,0.0,4.111111111111111
2025-01-07 14:12:30,23.0,23.0,15.2,13.0,553760,13.483333333333334,1.0,32.333333333333336,36.7885,51.333333333333336,11.042666666666667,15.530000000000001,75.0,27.666666666666668,1511.25,14.5,707.5,3.0,10.666666666666666,3.1666666666666665,14562.403,29.520833333333332,2248393.5833333335,1.0655,17.843833333333333,0.492,1316.0,35.724529,51.283476,12.0,143.32500000000002,-0.0019489509980602983,0.0,1.6944444444444446
2025-01-07 14:12:36,20.6,20.6,15.5,13.3,553410,13.483333333333334,1.0,32.333333333333336,31.242,60.833333333333336,18.144833333333334,18.201666666666668,72.33333333333333,43.833333333333336,2222.4166666666665,14.5,718.0,3.0,10.666666666666666,3.3333333333333335,14562.462333333335,44.614666666666665,2257163.875,1.6111666666666666,17.6875,0.492,1316.0,35.7240885,51.283874499999996,12.0,143.875,0.0025307274153917917,2.6944444444444446,0.0
2025-01-07 14:12:42,24.8,24.5,15.7,13.1,548750,13.483333333333334,1.0,32.0,29.686833333333336,48.0,14.067833333333333,8.943666666666667,72.0,53.5,2231.125,14.5,720.5,3.0,10.666666666666666,4.0,14562.540333333332,25.427000000000003,2264936.75,1.2573333333333334,18.541833333333333,0.492,1316.0,35.7234765,51.284437,12.0,143.26000000000002,-0.00017453292519943828,1.6111111111111107,0.0
2025-01-07 14:12:48,20.8,20.6,15.3,13.2,560090,13.5,1.0,32.0,29.914,28.333333333333332,7.796333333333333,0.0,72.16666666666667,58.833333333333336,2440.0416666666665,14.5,719.0,3.0,8.0,4.0,14562.635333333334,-6.145499999999999,2271182.7916666665,0.6651666666666666,20.6145,0.492,1316.0,35.722763,51.2850585,12.0,145.43,0.008464846872172487,0.8888888888888893,0.0
2025-01-07 14:12:54,25.1,25.1,18.2,14.4,606270,13.5,1.0,32.0,30.200333333333333,23.0,6.279333333333334,0.0,73.0,58.0,2422.1666666666665,14.5,713.5,3.0,8.0,4.0,14562.7305,-14.375,2274716.7083333335,0.5588333333333333,21.1355,0.492,1316.0,35.721968,51.2855875,12.0,153.84,0.025569073541716905,0.0,0.13888888888888928
2025-01-07 14:13:00,24.1,24.1,19.2,15.2,635710,13.5,1.0,32.0,29.05966666666667,23.333333333333332,6.441833333333332,0.0,74.16666666666667,57.333333333333336,2392.9166666666665,14.5,708.5,3.0,8.0,4.0,14562.828166666666,-13.500333333333336,2278074.125,0.5763333333333334,21.041666666666668,0.492,1316.0,35.721117,51.2859455,12.0,163.455,0.02693624812244579,0.0,0.11111111111111072
2025-01-07 14:13:06,30.3,30.3,21.8,16.3,669240,13.5,1.0,32.0,29.578166666666664,25.333333333333332,7.2253333333333325,0.0,75.33333333333333,57.166666666666664,2394.3333333333335,14.5,705.0,3.0,8.0,4.0,14562.923166666667,-9.593666666666666,2281636.375,0.6123333333333333,20.7085,0.492,1316.0,35.7202475,51.2861655,12.0,170.50500000000002,0.024405520707054085,0.0,0.027777777777778567
2025-01-07 14:13:12,35.2,34.5,17.4,12.9,531540,13.5,1.0,32.0,30.234333333333336,31.0,9.242166666666666,0.0,75.83333333333333,57.5,2414.375,14.5,702.0,3.0,8.0,4.0,14563.018333333333,0.125,2285696.7916666665,0.7911666666666667,20.13533333333333,0.492,1316.0,35.719362,51.286259,12.0,175.82000000000002,0.008406669230439314,0.05555555555555595,0.0
2025-01-07 14:13:18,34.0,32.2,16.3,12.5,520760,13.483333333333334,1.0,32.0,30.28316666666667,35.833333333333336,10.6715,0.0,73.5,57.5,2402.0416666666665,14.5,699.0,3.0,8.0,4.0,14563.113166666668,8.604166666666666,2290610.875,0.9853333333333333,19.781499999999998,0.492,1316.0,35.718467499999996,51.286333000000006,12.0,176.045,-0.0012799081181291683,0.0,0.0
2025-01-07 14:13:24,33.7,33.1,19.0,13.0,540870,13.5,1.0,32.0,28.527833333333334,44.166666666666664,12.838500000000002,0.0,72.0,57.333333333333336,2391.875,14.5,696.0,3.0,8.0,4.0,14563.209666666668,21.31233333333333,2297373.125,1.2158333333333333,19.093999999999998,0.492,1316.0,35.7175805,51.286406,12.0,176.165,-0.00011635528346626695,0.0,0.027777777777777384
2025-01-07 14:13:30,29.3,29.2,16.5,12.5,522920,13.5,1.0,32.0,29.4755,33.666666666666664,10.168166666666666,0.0,72.33333333333333,58.166666666666664,2427.8333333333335,14.5,693.0,3.0,16.0,4.0,14563.304666666665,-13.625,2302920.125,0.5033333333333333,19.93733333333333,0.492,1316.0,35.716686,51.286474,12.0,176.71,0.0028797932657906706,0.1388888888888881,0.0
2025-01-07 14:13:36,28.1,27.9,17.9,12.5,526580,13.5,1.0,32.0,30.32166666666667,37.166666666666664,10.788666666666666,0.0,73.16666666666667,58.166666666666664,2422.625,14.5,690.5,3.0,8.0,4.0,14563.401666666667,9.145833333333334,2307975.4583333335,0.9751666666666666,19.656166666666667,0.492,1316.0,35.71579,51.286542999999995,12.0,176.205,-0.002559816236258419,0.0,0.0
2025-01-07 14:13:42,95.1,90.6,36.9,18.1,625460,13.533333333333333,1.0,32.0,31.367166666666666,30.333333333333332,8.982833333333334,0.0,74.33333333333333,58.666666666666664,2447.5416666666665,14.5,687.5,3.0,18.666666666666668,4.0,14563.5,-28.510333333333335,2311871.5,0.21,20.26033333333333,0.492,1316.0,35.714884000000005,51.286624999999994,12.0,175.905,0.0012799081181292511,0.08333333333333333,0.0
2025-01-07 14:13:48,65.8,63.5,25.2,15.5,579210,13.5,1.0,32.0,32.05466666666667,32.666666666666664,9.4825,0.0,75.5,57.833333333333336,2415.7083333333335,14.5,684.5,3.0,21.333333333333332,4.0,14563.595166666666,-32.469,2312217.0,0.12133333333333333,19.9895,0.492,1316.0,35.7139855,51.2866575,12.0,179.985,0.019402243518003594,0.0,0.1388888888888881
2025-01-07 14:13:54,32.3,32.3,21.0,13.6,541620,13.483333333333334,1.0,32.0,30.120500000000003,26.5,7.685833333333334,0.0,75.66666666666667,58.333333333333336,2430.0,14.5,683.0,3.0,8.0,4.0,14563.691333333334,-7.520833333333333,2314987.5416666665,0.6973333333333334,20.645666666666667,0.492,1316.0,35.7130965,51.286518,12.0,189.705,0.02856522209097383,0.08333333333333333,0.0
2025-01-07 14:14:00,41.3,40.5,23.4,13.7,534400,13.466666666666667,81.0,32.0,30.343333333333334,31.833333333333332,8.163666666666666,0.0,73.16666666666667,50.833333333333336,2106.875,14.5,680.0,3.0,21.333333333333332,4.0,14563.787166666667,-33.13516666666666,2317824.5833333335,0.104,19.791833333333333,0.492,1316.0,35.712258999999996,51.286177,12.0,201.26999999999998,0.03289945640009312,0.0,1.25
2025-01-07 14:14:06,61.6,37.1,13.9,11.8,505920,13.5,33.0,32.5,33.0615,58.833333333333336,27.775166666666667,28.62966666666667,72.0,22.666666666666668,1457.9166666666667,13.483333333333334,682.0,3.0,16.0,2.6666666666666665,14563.846333333333,33.801833333333335,2319590.4166666665,1.7896666666666665,19.354166666666668,0.492,1316.0,35.711779,51.285864000000004,12.0,210.795,0.02277654673852603,0.0,4.694444444444445
2025-01-07 14:14:12,21.6,21.6,15.0,11.8,510180,13.483333333333334,1.0,32.333333333333336,23.86566666666667,107.33333333333333,52.858666666666664,40.632,72.0,58.666666666666664,3934.3333333333335,12.766666666666666,772.0,3.0,10.666666666666666,2.5,14563.905666666667,102.0835,2354572.25,7.587,24.958166666666667,0.492,1316.0,35.7112885,51.285509,12.0,210.22500000000002,-0.005555964785515272,6.0,0.0
2025-01-07 14:14:18,15.8,15.8,12.6,11.7,501910,13.516666666666666,33.0,32.333333333333336,26.054166666666664,33.166666666666664,11.207833333333333,5.7973333333333334,73.0,66.33333333333333,3047.0416666666665,14.299999999999999,818.0,3.0,18.666666666666668,3.8333333333333335,14564.016833333333,-15.572999999999999,2374874.4166666665,0.7591666666666667,20.843833333333333,0.492,1316.0,35.710352,51.284931,12.0,204.97,-0.020100375218801432,1.2777777777777775,0.0
2025-01-07 14:14:24,17.8,17.8,13.9,11.8,497600,13.5,1.0,32.0,30.072333333333333,41.166666666666664,12.241833333333332,15.385,74.5,58.166666666666664,2437.8333333333335,14.5,810.0,3.0,8.0,4.0,14564.117833333332,16.56266666666667,2380383.3333333335,1.2086666666666666,19.3335,0.492,1316.0,35.709463,51.284569,12.0,195.76,-0.027256225151978047,0.0,1.3611111111111107
2025-01-07 14:14:30,15.3,15.3,13.0,11.4,492740,13.483333333333334,81.0,32.0,30.923000000000002,32.666666666666664,9.3185,0.0,75.83333333333333,55.833333333333336,2323.0833333333335,14.5,803.5,3.0,24.0,4.0,14564.214833333333,-36.375,2385116.0416666665,0.0,19.73966666666667,0.492,1316.0,35.7085745,51.2843245,12.0,192.215,-0.004479678413452172,0.0,0.3888888888888881
2025-01-07 14:14:36,15.9,15.9,12.8,11.5,492740,13.466666666666667,49.0,32.666666666666664,36.105,34.0,5.901,2.711,75.83333333333333,28.666666666666668,1367.2083333333333,13.733333333333334,797.5,3.0,21.333333333333332,3.5,14564.287833333334,-19.427,2385744.4583333335,0.39433333333333326,20.031499999999998,0.492,1316.0,35.707919999999994,51.284151,12.0,192.44500000000002,0.0025307274153917917,0.0,4.527777777777778
2025-01-07 14:14:42,15.1,15.1,12.8,11.7,494990,13.483333333333334,49.0,32.166666666666664,35.744166666666665,32.666666666666664,7.562166666666666,1.4155,73.5,23.833333333333332,1854.7916666666667,14.116666666666667,792.5,3.0,21.333333333333332,2.1666666666666665,14564.330666666667,-19.458333333333332,2389054.2916666665,0.35683333333333334,19.86466666666667,0.492,1316.0,35.707530999999996,51.2840445,12.0,192.73000000000002,0.0023561944901923514,0.0,0.8055555555555559
2025-01-07 14:14:48,19.0,19.0,13.8,11.7,505820,13.450000000000001,97.0,32.0,38.156666666666666,32.833333333333336,3.6963333333333335,0.0,72.0,5.0,954.5,14.5,788.5,3.0,24.0,7.333333333333333,14564.357166666667,-14.114666666666666,2391064.4166666665,0.3325,20.927333333333333,0.492,1316.0,35.707294499999996,51.2839815,12.0,189.975,-0.015707963267948984,0.0,3.138888888888889
2025-01-07 14:14:54,18.7,18.7,13.3,11.7,503060,13.433333333333332,97.0,32.0,36.824333333333335,33.0,3.749166666666667,0.0,71.66666666666667,0.0,953.4166666666666,14.5,785.5,3.0,24.0,13.0,14564.359000000002,-13.843833333333334,2393069.6666666665,0.33,20.906499999999998,0.492,1316.0,35.707275,51.283985,12.0,90.0,-0.28591402029753765,0.0,0.8333333333333334
2025-01-07 14:15:00,17.5,17.5,12.4,11.6,493190,13.4,97.0,32.0,35.45133333333333,33.166666666666664,3.7278333333333333,0.0,72.16666666666667,0.0,952.25,14.5,782.5,3.0,24.0,13.0,14564.359000000002,-14.312666666666667,2395032.5416666665,0.3235,20.916833333333333,0.492,1316.0,35.707275,51.283985,12.0,90.0,0.0,0.0,0.0
2025-01-07 14:15:06,16.2,16.2,12.2,11.3,489480,13.416666666666666,97.0,32.0,34.800333333333334,33.666666666666664,3.7763333333333335,0.0,73.0,0.0,948.8333333333334,14.5,779.5,3.0,24.0,13.0,14564.359000000002,-14.104166666666666,2396947.5416666665,0.318,20.948166666666665,0.492,1316.0,35.707275,51.283989,12.0,90.0,0.0,0.0,0.0
2025-01-07 14:15:12,17.3,17.3,12.7,11.8,496150,13.450000000000001,49.0,33.0,34.16116666666667,36.833333333333336,4.256666666666667,0.20650000000000002,74.0,0.8333333333333334,945.0416666666666,14.5,776.0,3.0,24.0,7.0,14564.359000000002,-13.500166666666667,2398951.9583333335,0.3566666666666667,20.5105,0.492,1316.0,35.7072715,51.283993,12.0,135.0,0.2617993877991495,0.1388888888888889,0.0
2025-01-07 14:15:18,17.5,17.4,13.1,11.8,503970,13.5,81.0,33.0,34.018,35.0,3.8385,0.0,74.5,0.3333333333333333,938.5416666666666,14.5,773.0,3.0,24.0,11.0,14564.363,-16.135666666666665,2401003.875,0.325,20.86466666666667,0.492,1316.0,35.707251,51.283985,12.0,191.71,0.0,0.0,0.08333333333333333
2025-01-07 14:15:24,35.1,34.9,20.9,12.8,511640,13.466666666666667,97.0,33.0,33.864,35.0,3.9326666666666665,0.0,75.5,0.0,949.75,14.5,770.0,3.0,24.0,13.0,14564.363,-16.135166666666667,2402985.0,0.3368333333333333,20.80216666666667,0.492,1316.0,35.707249,51.283985,12.0,180.0,0.0,0.0,0.05555555555555555
2025-01-07 14:15:30,72.1,71.4,40.8,17.4,585280,13.516666666666666,97.0,32.5,33.443000000000005,34.166666666666664,3.7153333333333336,0.0,76.0,0.0,936.875,14.5,767.0,3.0,24.0,13.0,14564.363,-14.5415,2404948.0,0.31283333333333335,20.906166666666667,0.492,1316.0,35.707249,51.283985,12.0,180.0,0.0,0.0,0.0
2025-01-07 14:15:36,57.5,54.9,24.1,15.5,578950,13.466666666666667,97.0,32.0,33.26283333333333,33.333333333333336,3.7258333333333336,0.0,77.0,0.0,952.375,14.5,764.0,3.0,24.0,13.0,14564.363,-14.292000000000002,2406774.5,0.31066666666666665,20.906333333333333,0.492,1316.0,35.707249,51.283985,12.0,180.0,0.0,0.0,0.0
2025-01-07 14:15:42,43.9,42.9,19.4,13.6,544880,13.483333333333334,97.0,32.333333333333336,33.02333333333333,34.166666666666664,3.886833333333333,0.0,76.66666666666667,0.0,955.5416666666666,14.5,761.0,3.0,24.0,13.0,14564.363,-14.416666666666666,2408643.125,0.32283333333333336,20.87516666666667,0.492,1316.0,35.707249,51.283985,12.0,180.0,0.0,0.0,0.0
2025-01-07 14:15:48,21.7,21.5,13.7,11.7,493540,13.483333333333334,1.0,32.666666666666664,30.909666666666666,50.833333333333336,8.9755,12.897833333333333,74.66666666666667,5.666666666666667,1304.6666666666667,14.5,756.0,3.0,13.333333333333334,5.0,14564.364333333333,21.969000000000005,2411257.2916666665,0.8564999999999999,18.375,0.492,1316.0,35.7072315,51.2839815,12.0,184.61,0.026819892838979533,0.9444444444444445,0.0
2025-01-07 14:15:54,19.3,19.3,14.0,12.0,506720,13.483333333333334,1.0,32.5,25.491333333333333,50.5,15.045166666666667,17.002333333333333,71.66666666666667,25.833333333333332,2524.7083333333335,14.5,756.5,3.0,13.333333333333334,1.6666666666666667,14564.39,26.802166666666665,2417878.2083333335,1.4596666666666664,18.583333333333332,0.492,1316.0,35.706987500000004,51.2839185,12.0,192.035,0.00811578102177361,3.3611111111111107,0.0
2025-01-07 14:16:00,32.4,32.3,20.2,12.8,514440,13.5,1.0,32.333333333333336,23.046833333333336,65.0,25.71183333333333,13.697166666666666,71.0,46.0,2808.5833333333335,14.5,779.5,3.0,13.333333333333334,2.8333333333333335,14564.447833333334,37.5105,2429533.9166666665,1.8658333333333335,18.479166666666668,0.492,1316.0,35.7064475,51.283781000000005,12.0,191.48000000000002,-0.003025237370123482,3.361111111111111,0.0
2025-01-07 14:16:06,28.5,28.3,13.7,12.0,509330,13.5,1.0,32.0,23.498499999999996,59.166666666666664,18.347333333333335,21.244833333333332,71.83333333333333,60.666666666666664,2538.0,14.5,794.5,3.0,10.666666666666666,4.0,14564.536333333332,44.541666666666664,2441962.8333333335,1.8523333333333334,17.843999999999998,0.492,1316.0,35.705633,51.2835655,12.0,192.67,0.007475826962709025,2.444444444444444,0.0
2025-01-07 14:16:12,15.8,15.8,13.2,12.0,514090,13.483333333333334,81.0,32.0,28.860333333333333,32.166666666666664,9.6135,0.0,73.0,59.5,2481.125,14.5,790.5,3.0,24.0,4.0,14564.64,-37.625,2446953.0,0.0,20.05216666666667,0.492,1316.0,35.704688999999995,51.283283000000004,12.0,193.51,-0.0016289739685280467,0.0,0.19444444444444406
2025-01-07 14:16:18,22.1,21.9,15.1,12.4,525070,13.5,49.0,32.5,36.159666666666666,34.833333333333336,6.0005,2.3325,74.5,31.666666666666668,1375.1666666666667,14.066666666666668,784.0,3.0,21.333333333333332,3.8333333333333335,14564.718,-19.1355,2447365.9583333335,0.35633333333333334,19.781166666666667,0.492,1316.0,35.7039815,51.283094500000004,12.0,191.76,-0.00395607963785377,0.0,4.638888888888888
2025-01-07 14:16:24,25.5,23.7,14.3,12.4,518460,13.549999999999999,1.0,32.0,33.38316666666667,49.666666666666664,12.110666666666667,16.204166666666666,75.66666666666667,33.5,1908.875,14.5,779.0,3.0,8.0,3.0,14564.768166666667,30.4375,2452547.125,1.0708333333333333,18.051833333333335,0.492,1316.0,35.703539,51.2829725,12.0,192.975,0.00413061256305321,0.30555555555555536,0.0
2025-01-07 14:16:30,23.6,23.6,16.0,12.3,511590,13.483333333333334,33.0,32.0,33.29833333333333,32.5,8.0315,0.0,75.83333333333333,34.5,1941.1666666666667,14.5,773.5,3.0,24.0,3.0,14564.8275,-36.5,2455810.7916666665,0.03133333333333333,19.521,0.492,1316.0,35.702999,51.282795,12.0,196.6,0.019082266488471347,0.16666666666666666,0.0
2025-01-07 14:16:36,23.4,23.4,14.8,12.7,530190,13.516666666666666,49.0,32.0,26.562833333333334,34.333333333333336,5.246333333333333,0.8260000000000001,73.5,21.0,1192.7083333333333,14.1,768.5,3.0,21.333333333333332,3.0,14564.874333333333,-21.8125,2456208.875,0.25966666666666666,20.104333333333333,0.492,1316.0,35.7026655,51.282499,12.0,229.53,0.1245292421297954,0.0,2.25
2025-01-07 14:16:42,18.6,18.4,13.3,12.2,515100,13.5,1.0,32.0,20.200666666666667,63.333333333333336,14.510833333333332,21.248,72.0,23.833333333333332,1361.625,14.5,761.0,3.0,8.0,3.0,14564.908833333333,52.10433333333333,2460631.625,1.2003333333333333,16.426833333333335,0.492,1316.0,35.702631000000004,51.28212550000001,12.0,272.03000000000003,0.10466157747792659,0.47222222222222204,0.0
2025-01-07 14:16:48,22.6,20.9,14.2,12.0,511440,13.5,1.0,32.0,21.443833333333334,47.333333333333336,11.036166666666666,16.130666666666666,72.0,32.5,1850.5,14.5,754.5,3.0,8.0,3.0,14564.956333333334,26.323166666666665,2466988.7916666665,0.951,18.354,0.492,1316.0,35.702718499999996,51.2815955,12.0,282.46999999999997,0.013788101090755232,1.4444444444444446,0.0
2025-01-07 14:16:54,21.5,21.4,15.4,12.6,530340,13.466666666666667,1.0,32.333333333333336,22.76816666666667,46.333333333333336,10.677,15.177833333333334,72.16666666666667,36.166666666666664,1688.2916666666667,14.5,748.5,3.0,13.333333333333334,3.6666666666666665,14565.013666666666,23.302333333333337,2472582.0833333335,0.9101666666666667,17.968833333333333,0.492,1316.0,35.702836999999995,51.280945,12.0,282.67,0.00020362174606598492,0.6111111111111107,0.0
2025-01-07 14:17:00,19.2,19.2,14.5,12.2,513890,13.483333333333334,1.0,32.0,23.056166666666666,53.166666666666664,11.219,14.106666666666667,73.33333333333333,40.666666666666664,1694.4583333333333,14.5,743.0,3.0,8.0,4.0,14565.076833333333,30.823166666666665,2478709.0833333335,0.9361666666666667,17.3645,0.492,1316.0,35.702968500000004,51.28023149999999,12.0,282.7,-0.0010762863720631833,0.75,0.0
2025-01-07 14:17:06,21.2,21.2,13.6,11.9,512290,13.450000000000001,1.0,32.0,23.891333333333336,54.166666666666664,12.88,19.304166666666667,74.0,44.333333333333336,1856.6666666666667,14.5,738.0,3.0,8.0,4.0,14565.147166666668,37.41683333333334,2485205.7083333335,1.1373333333333333,17.74983333333333,0.492,1316.0,35.703104,51.27944349999999,12.0,281.42,-0.006632251157578373,0.6111111111111119,0.0
2025-01-07 14:17:12,18.9,18.9,14.2,11.9,510230,13.5,1.0,32.0,26.153666666666666,42.666666666666664,10.304666666666668,10.779666666666666,75.5,45.0,1885.2916666666667,14.116666666666667,733.0,3.0,13.333333333333334,4.0,14565.223166666668,5.478999999999999,2490640.8333333335,0.8424999999999999,18.781000000000002,0.492,1316.0,35.70324299999999,51.278597,12.0,281.90500000000003,0.005526875964648644,0.11111111111111072,0.0
2025-01-07 14:17:18,17.6,17.6,13.8,12.4,527280,13.5,1.0,32.0,28.05333333333333,39.333333333333336,8.830499999999999,6.110166666666667,76.0,43.666666666666664,1825.7083333333333,14.5,727.5,3.0,16.0,4.0,14565.2975,-8.197833333333334,2495252.375,0.4543333333333333,18.906166666666667,0.492,1316.0,35.703396000000005,51.2777615,12.0,282.775,0.0007563093425308498,0.0,0.22222222222222263
2025-01-07 14:17:24,17.7,17.7,13.1,12.2,523270,13.433333333333332,97.0,32.166666666666664,31.206333333333333,33.833333333333336,5.282666666666667,0.0,73.83333333333333,29.666666666666668,1245.0833333333333,14.049999999999999,722.5,3.0,24.0,4.0,14565.361333333334,-25.198000000000004,2496356.5833333335,0.22,20.114833333333333,0.492,1316.0,35.703533,51.27705,12.0,283.60999999999996,0.002705260340591231,0.0,2.3333333333333326
2025-01-07 14:17:30,113.2,24.4,13.8,12.7,544030,13.483333333333334,17.0,32.5,30.855,53.333333333333336,12.2475,15.379166666666668,72.0,16.5,1273.3333333333333,14.5,719.0,3.0,13.333333333333334,2.1666666666666665,14565.397166666668,32.958333333333336,2499130.2083333335,1.081,18.239833333333333,0.492,1316.0,35.703613499999996,51.276661,12.0,283.875,-0.003926990816987142,0.0,2.1944444444444446
2025-01-07 14:17:36,24.9,24.9,18.3,15.3,616460,13.466666666666667,1.0,32.333333333333336,25.770166666666668,51.166666666666664,11.385666666666665,11.045833333333334,72.0,29.666666666666668,1901.2083333333333,14.5,720.5,3.0,10.666666666666666,2.6666666666666665,14565.434333333333,25.281000000000002,2506114.875,0.9776666666666666,17.958333333333332,0.492,1316.0,35.7036935,51.2762335,12.0,283.235,0.004217879025652929,2.1944444444444446,0.0
2025-01-07 14:17:42,19.4,19.4,16.0,13.6,561390,13.466666666666667,1.0,32.0,26.6435,36.5,9.198833333333333,7.875,72.33333333333333,35.0,1984.8333333333333,14.5,716.5,3.0,10.666666666666666,3.0,14565.490333333333,2.156333333333334,2511893.125,0.6098333333333333,19.5625,0.492,1316.0,35.7038075,51.275622999999996,12.0,282.7,-0.0033161255787891863,0.8888888888888887,0.0
2025-01-07 14:17:48,17.0,17.0,13.5,12.1,511740,13.466666666666667,97.0,32.0,30.99983333333334,35.0,6.142833333333333,0.0,73.33333333333333,25.333333333333332,1441.7083333333333,14.116666666666667,712.5,3.0,24.0,3.0,14565.542333333333,-30.93766666666667,2513363.25,0.12783333333333333,19.63533333333333,0.492,1316.0,35.7039185,51.275024,12.0,282.91,0.0005817764173314102,0.0,1.6111111111111114
2025-01-07 14:17:54,18.9,18.8,12.7,11.8,495400,13.466666666666667,1.0,32.0,31.478166666666667,55.666666666666664,8.978,16.246166666666667,74.16666666666667,19.0,1104.7916666666667,14.5,707.0,3.0,8.0,3.0,14565.576666666666,36.7295,2515966.0416666665,0.8481666666666666,17.5105,0.492,1316.0,35.704004000000005,51.274654,12.0,287.305,0.012537281793492608,0.0,1.0555555555555554
2025-01-07 14:18:00,17.0,17.0,13.3,11.9,491940,13.483333333333334,1.0,32.0,28.4195,46.0,9.168000000000001,12.144333333333334,75.16666666666667,28.0,1609.2083333333333,14.5,699.5,3.0,8.0,3.0,14565.617166666665,21.218666666666667,2521625.4166666665,0.7416666666666667,18.0105,0.492,1316.0,35.704086,51.2742065,12.0,281.705,-0.015417075059283277,1.5,0.0
2025-01-07 14:18:06,16.8,16.8,12.9,11.9,501760,13.466666666666667,1.0,32.0,27.261,48.333333333333336,11.453000000000001,17.207,76.0,32.333333333333336,1843.0,14.5,696.0,3.0,8.0,3.0,14565.666166666668,28.770833333333332,2526508.125,1.0251666666666666,18.021,0.492,1316.0,35.70418,51.273652999999996,12.0,281.75,-0.0008435758051306522,0.7222222222222227,0.0
2025-01-07 14:18:12,22.3,20.5,14.2,11.6,493090,13.483333333333334,1.0,32.0,27.788166666666665,31.5,7.722166666666666,6.012999999999999,75.33333333333333,35.166666666666664,1999.0833333333333,14.5,693.0,3.0,8.0,3.0,14565.723166666665,-0.6873333333333331,2531581.7916666665,0.5978333333333333,19.92716666666667,0.492,1316.0,35.704298,51.273019500000004,12.0,283.505,0.0070976722914436,0.47222222222222143,0.0
2025-01-07 14:18:18,23.2,22.6,14.7,12.0,498450,13.466666666666667,1.0,32.0,29.192000000000004,40.833333333333336,10.706666666666665,13.967999999999998,72.33333333333333,34.666666666666664,1977.8333333333333,14.5,690.5,3.0,8.0,3.0,14565.781333333332,19.11433333333333,2535654.2916666665,0.9266666666666667,19.18766666666667,0.492,1316.0,35.70442,51.272379,12.0,282.82,-0.00445058959258546,0.0,0.08333333333333333
2025-01-07 14:18:24,23.6,23.6,16.2,13.3,545140,13.466666666666667,1.0,32.166666666666664,28.293833333333335,40.666666666666664,10.959333333333333,13.606166666666667,72.0,39.5,2146.8333333333335,14.5,687.5,3.0,10.666666666666666,3.3333333333333335,14565.842333333334,14.4895,2541706.5,1.0011666666666665,19.229333333333333,0.492,1316.0,35.7045405,51.271683,12.0,282.19,0.0018616845354605786,0.8055555555555559,0.0
2025-01-07 14:18:30,27.2,24.2,13.3,12.1,510580,13.5,1.0,32.0,29.12183333333333,37.5,7.736166666666667,4.360333333333334,72.5,39.0,1635.8333333333333,14.5,684.5,3.0,18.666666666666668,4.0,14565.909,-11.489666666666666,2546053.5,0.4386666666666667,18.853833333333334,0.492,1316.0,35.7046815,51.27094300000001,12.0,283.205,0.0,0.0,0.08333333333333333
2025-01-07 14:18:36,17.0,17.0,13.6,11.8,493390,13.483333333333334,17.0,32.0,30.53916666666667,47.166666666666664,9.188,10.470166666666666,73.33333333333333,33.833333333333336,1434.25,14.016666666666666,680.0,3.0,13.333333333333334,4.0,14565.969333333334,11.895666666666665,2547996.0833333335,0.7278333333333333,18.083333333333332,0.492,1316.0,35.7048055,51.2702635,12.0,282.08,-0.006283185307179494,0.0,0.8611111111111107
2025-01-07 14:18:42,17.3,17.3,13.8,12.3,514140,13.516666666666666,1.0,32.0,29.417666666666666,52.833333333333336,11.049666666666667,18.3655,74.33333333333333,37.5,1581.2916666666667,14.5,676.0,3.0,8.0,4.0,14566.028,33.87533333333334,2553489.0416666665,0.9936666666666666,17.17716666666667,0.492,1316.0,35.70492,51.2695995,12.0,282.755,0.009512044423369044,0.6111111111111107,0.0
2025-01-07 14:18:48,15.7,15.7,13.0,11.7,484920,13.5,1.0,32.0,29.414833333333334,37.666666666666664,8.195,7.649166666666666,75.5,41.166666666666664,1728.8333333333333,14.5,673.0,3.0,10.666666666666666,4.0,14566.095000000001,1.6771666666666671,2558714.8333333335,0.5565,19.06233333333333,0.492,1316.0,35.705065,51.2688485,12.0,283.06,-0.0038979019961207615,0.6111111111111107,0.0
2025-01-07 14:18:54,21.9,21.3,14.1,11.9,499710,13.466666666666667,33.0,32.0,31.091333333333335,34.333333333333336,6.564333333333334,0.007666666666666666,76.16666666666667,35.166666666666664,1466.0416666666667,13.833333333333334,670.0,3.0,24.0,4.0,14566.159666666666,-34.062333333333335,2560361.5416666665,0.08266666666666667,19.270833333333332,0.492,1316.0,35.7051925,51.2681275,12.0,282.64500000000004,0.004043346100453655,0.0,1.0
2025-01-07 14:19:00,26.0,23.7,14.1,12.0,510130,13.483333333333334,49.0,32.333333333333336,33.80316666666667,33.833333333333336,4.014333333333333,0.0,76.0,19.833333333333332,982.125,14.433333333333332,669.0,3.0,24.0,3.1666666666666665,14566.207,-12.479166666666666,2562170.625,0.3833333333333333,20.770833333333332,0.492,1316.0,35.705309,51.267603,12.0,285.21999999999997,-0.0011344640137964403,0.0,2.5555555555555554
2025-01-07 14:19:06,22.4,21.8,13.9,12.3,510630,13.450000000000001,97.0,32.5,35.1215,33.666666666666664,3.8686666666666665,0.0,74.0,0.8333333333333334,964.7083333333334,14.5,669.0,3.0,24.0,9.0,14566.223,-15.1355,2564251.7916666665,0.3403333333333334,20.854166666666668,0.492,1316.0,35.7053565,51.2674235,12.0,301.995,0.08828457133004657,0.0,3.1666666666666665
2025-01-07 14:19:12,24.7,24.7,15.4,12.1,504670,13.266666666666666,49.0,32.5,32.74133333333334,38.166666666666664,4.279166666666667,0.7593333333333333,72.5,0.5,893.3333333333334,14.5,666.5,3.0,21.333333333333332,11.0,14566.225,-8.426833333333333,2566435.2083333335,0.38466666666666666,20.239833333333333,0.492,1316.0,35.705372000000004,51.267410000000005,12.0,160.46,0.019576776443203103,0.0,0.05555555555555556
2025-01-07 14:19:18,43.3,19.7,13.8,11.3,477700,13.450000000000001,49.0,32.666666666666664,31.736666666666668,39.166666666666664,3.7886666666666664,1.2258333333333333,72.0,0.5,877.0,14.5,665.0,3.0,18.666666666666668,9.0,14566.227,-5.583166666666666,2568432.2083333335,0.3453333333333333,20.146,0.492,1316.0,35.705379,51.267395,12.0,283.91,-0.1481202758525855,0.0,0.0
2025-01-07 14:19:24,25.4,23.6,14.9,11.7,490980,13.533333333333333,1.0,32.5,27.4935,47.5,10.943333333333333,11.437666666666667,72.16666666666667,13.333333333333334,1811.375,14.5,663.5,3.0,10.666666666666666,1.1666666666666667,14566.234333333334,21.927000000000003,2572249.5416666665,0.911,18.291999999999998,0.492,1316.0,35.705389000000004,51.267292,12.0,275.365,0.031212304789831984,2.138888888888889,0.0
2025-01-07 14:19:30,39.9,39.8,20.6,12.2,497050,13.5,1.0,32.0,25.857,45.166666666666664,11.399833333333333,15.941333333333333,73.0,23.333333333333332,1936.7083333333333,14.5,663.5,3.0,8.0,2.0,14566.266333333333,23.833,2577492.0833333335,1.0335,18.666833333333333,0.492,1316.0,35.7054405,51.266939,12.0,280.035,-0.002327105669325806,1.6666666666666663,0.0
2025-01-07 14:19:36,36.9,36.9,19.0,12.4,501960,13.466666666666667,1.0,32.166666666666664,25.451999999999998,48.0,12.335666666666667,13.700333333333333,73.66666666666667,32.0,2094.4583333333335,14.5,663.5,3.0,10.666666666666666,2.6666666666666665,14566.311833333333,23.6875,2583820.5833333335,1.1251666666666666,18.4375,0.492,1316.0,35.705532,51.266422000000006,12.0,282.92,0.008697557439105101,1.4444444444444446,0.0
2025-01-07 14:19:42,40.4,40.3,18.4,12.5,503870,13.483333333333334,1.0,32.0,26.451333333333334,33.833333333333336,8.967,8.769166666666667,74.83333333333333,37.666666666666664,2129.25,14.1,663.0,3.0,10.666666666666666,3.0,14566.370333333332,2.823166666666667,2589734.9166666665,0.7876666666666666,19.80216666666667,0.492,1316.0,35.7056485,51.265766500000005,12.0,282.34,-0.00020362174606598492,0.9444444444444441,0.0
2025-01-07 14:19:48,21.1,21.1,12.7,11.4,478960,13.5,1.0,32.0,29.204666666666668,34.0,8.421,0.6821666666666667,75.83333333333333,36.166666666666664,2057.875,14.5,661.5,3.0,18.666666666666668,3.0,14566.432999999999,-24.885499999999997,2593584.3333333335,0.19516666666666663,19.6875,0.492,1316.0,35.7057785,51.265072,12.0,283.045,0.000727220521664304,0.0,0.25
2025-01-07 14:19:54,53.2,51.1,18.6,12.2,490630,13.466666666666667,1.0,32.0,23.635166666666667,45.833333333333336,11.028999999999998,15.317166666666667,74.5,32.666666666666664,1855.5,14.5,660.0,3.0,8.0,3.0,14566.489000000001,24.979,2596825.9166666665,1.0141666666666667,18.479333333333333,0.492,1316.0,35.7059935,51.264513,12.0,304.55,0.09817477042468103,0.0,0.5833333333333334
2025-01-07 14:20:00,68.0,59.4,20.8,12.6,493740,13.516666666666666,1.0,32.0,16.222333333333335,61.166666666666664,17.0395,24.211166666666667,72.33333333333333,38.833333333333336,2205.125,14.5,668.0,3.0,8.0,3.0,14566.547333333334,51.854000000000006,2605000.625,1.6553333333333333,17.50016666666667,0.492,1316.0,35.706483999999996,51.264339500000006,12.0,174.64499999999998,0.13974269544301254,1.0277777777777786,0.0
2025-01-07 14:20:06,57.0,55.3,22.5,13.2,517850,13.5,1.0,32.166666666666664,16.273833333333332,49.666666666666664,14.998833333333332,15.008666666666665,72.16666666666667,46.5,2553.6666666666665,14.5,687.0,3.0,10.666666666666666,3.1666666666666665,14566.619166666665,27.176999999999996,2614940.875,1.4683333333333335,18.541999999999998,0.492,1316.0,35.7071415,51.26448250000001,12.0,11.445,0.01887864474240536,1.2777777777777775,0.0
2025-01-07 14:20:12,38.6,38.0,22.2,13.4,532350,13.483333333333334,17.0,32.0,20.6315,40.0,9.972666666666667,6.351833333333334,73.16666666666667,46.5,1939.2916666666667,14.5,693.5,3.0,16.0,4.0,14566.6985,-6.937166666666665,2621496.25,0.49783333333333335,19.07283333333333,0.492,1316.0,35.707862999999996,51.264681,12.0,12.799999999999999,0.002614965612355751,0.0,0.0
2025-01-07 14:20:18,36.0,35.9,19.6,12.9,517350,13.5,65.0,32.666666666666664,27.777833333333334,34.833333333333336,5.537166666666667,1.8778333333333332,74.33333333333333,26.5,1289.125,13.9,691.0,3.0,21.333333333333332,3.3333333333333335,14566.762333333332,-17.6145,2622691.25,0.33549999999999996,20.00016666666667,0.492,1316.0,35.708452,51.26483149999999,12.0,11.659999999999998,-0.0007272205216643032,0.0,3.3333333333333335
2025-01-07 14:20:24,25.7,25.7,18.0,12.2,496500,13.5,1.0,32.333333333333336,25.03916666666667,68.0,23.192333333333334,24.528499999999998,75.16666666666667,28.333333333333332,2091.6666666666665,14.5,703.5,3.0,10.666666666666666,2.3333333333333335,14566.802666666668,64.41666666666667,2629397.125,2.0288333333333335,16.61466666666667,0.492,1316.0,35.7088145,51.26493249999999,12.0,13.045,0.003403392041388989,0.30555555555555536,0.0
2025-01-07 14:20:30,30.1,30.1,17.8,12.7,503470,13.483333333333334,1.0,32.333333333333336,22.230666666666668,62.0,19.935666666666666,20.665666666666667,75.83333333333333,43.166666666666664,2276.875,14.5,728.0,3.0,13.333333333333334,3.1666666666666665,14566.862000000001,45.239666666666665,2640471.75,1.6323333333333334,17.354,0.492,1316.0,35.709368,51.265079500000006,12.0,12.235,0.001192641655529448,2.472222222222222,0.0
2025-01-07 14:20:36,38.5,38.5,25.9,15.1,522320,13.483333333333334,1.0,32.0,24.3595,65.16666666666667,17.941666666666666,25.46083333333333,73.66666666666667,50.166666666666664,2097.6666666666665,14.5,737.0,3.0,8.0,4.0,14566.940166666667,59.0,2650470.1666666665,1.6506666666666667,17.156333333333333,0.492,1316.0,35.710075499999995,51.265274000000005,12.0,12.21,-0.004596033696918437,1.1666666666666667,0.0
2025-01-07 14:20:42,48.1,47.4,18.0,13.6,516600,13.466666666666667,1.0,32.0,26.232,56.0,15.496666666666668,22.275333333333332,73.0,54.5,2277.375,14.5,734.5,3.0,8.0,4.0,14567.027333333333,41.677166666666665,2659938.25,1.5114999999999998,17.92716666666667,0.492,1316.0,35.710874499999996,51.2654705,12.0,10.935,-0.004363323129985824,0.7222222222222227,0.0
2025-01-07 14:20:48,47.7,46.0,26.7,15.0,553860,13.483333333333334,1.0,32.0,26.0755,63.833333333333336,18.73966666666667,25.90733333333333,73.5,55.833333333333336,2342.5,14.5,736.0,3.0,8.0,4.0,14567.117833333332,56.34366666666667,2669945.25,1.9321666666666666,17.281166666666667,0.492,1316.0,35.711714,51.265682,12.0,12.005,0.005206898935116393,0.22222222222222263,0.0
2025-01-07 14:20:54,33.0,33.0,19.8,15.0,578450,13.466666666666667,1.0,32.333333333333336,24.287333333333333,66.66666666666667,20.701833333333337,20.437833333333334,75.0,57.833333333333336,2402.75,14.5,749.5,3.0,10.666666666666666,4.0,14567.213000000002,42.15616666666667,2682073.7083333335,1.6928333333333334,17.36466666666667,0.492,1316.0,35.712570500000005,51.26592300000001,12.0,12.995,0.0014835298641951537,0.3333333333333333,0.0
2025-01-07 14:21:00,30.8,30.7,14.8,12.7,520110,13.5,1.0,32.0,21.214166666666667,96.0,34.410333333333334,35.062000000000005,76.5,59.333333333333336,1940.625,14.466666666666667,770.0,3.0,8.0,5.0,14567.31,104.8645,2695213.4583333335,2.6493333333333333,15.843666666666666,0.492,1316.0,35.7134515,51.266166999999996,12.0,12.530000000000001,-0.0017453292519943135,0.25,0.0
2025-01-07 14:21:06,22.9,22.9,16.3,12.8,516700,13.483333333333334,1.0,32.0,23.137,66.83333333333333,18.507,24.5325,75.33333333333333,63.5,2075.375,14.5,779.0,3.0,8.0,5.0,14567.412166666667,60.572833333333335,2708150.625,1.6075,17.041666666666668,0.492,1316.0,35.714401,51.2663155,12.0,4.59,-0.031415926535897885,0.6944444444444441,0.0
2025-01-07 14:21:12,48.2,47.5,22.1,14.2,528780,13.483333333333334,1.0,32.0,25.983999999999998,54.166666666666664,14.935,19.492166666666666,73.0,66.5,2165.75,14.5,775.5,3.0,8.0,5.0,14567.5195,40.625,2716962.0416666665,1.4181666666666668,17.979166666666668,0.492,1316.0,35.71540649999999,51.2662965,12.0,358.27,-0.010210176124166637,0.5,0.0
2025-01-07 14:21:18,47.9,40.3,18.6,13.0,521260,13.466666666666667,1.0,32.0,26.92233333333333,50.666666666666664,13.399333333333333,14.259833333333333,73.5,69.0,2268.125,14.5,772.0,3.0,8.0,5.0,14567.631666666666,28.646,2725166.75,1.1961666666666666,18.479166666666668,0.492,1316.0,35.7164555,51.266218,12.0,355.97499999999997,-0.00651589587411219,0.4166666666666667,0.0
2025-01-07 14:21:24,26.5,26.5,17.0,13.0,523020,13.466666666666667,65.0,32.0,29.376833333333334,50.333333333333336,14.214833333333333,9.853166666666667,75.0,60.166666666666664,1960.4166666666667,14.25,767.0,3.0,18.666666666666668,5.0,14567.740833333335,1.8230000000000004,2729827.0833333335,0.6656666666666666,18.260666666666665,0.492,1316.0,35.717474,51.266119,12.0,355.03999999999996,-0.004654211338651612,0.0,1.4722222222222225
2025-01-07 14:21:30,35.1,34.8,20.0,13.5,548850,13.5,17.0,32.0,30.7085,38.666666666666664,8.616,4.473833333333334,75.83333333333333,55.833333333333336,1829.5416666666667,14.200000000000001,763.5,3.0,16.0,5.0,14567.8365,-9.833333333333334,2734738.875,0.4126666666666667,18.895833333333332,0.492,1316.0,35.7183645,51.2659815,12.0,352.57,-0.0032870367579226393,0.0,0.7222222222222214
2025-01-07 14:21:36,37.8,37.7,17.7,13.3,537710,13.483333333333334,1.0,32.0,29.756500000000003,61.666666666666664,15.016166666666669,22.117166666666666,75.66666666666667,56.0,1833.0,14.5,757.5,3.0,8.0,5.0,14567.927833333333,50.708499999999994,2740662.375,1.4661666666666668,16.833166666666667,0.492,1316.0,35.719204,51.265840499999996,12.0,351.66499999999996,-0.00674860644104472,0.027777777777777384,0.0
2025-01-07 14:21:42,34.3,34.2,19.5,13.5,533300,13.5,1.0,32.0,29.517,59.166666666666664,15.487333333333334,21.417833333333334,73.0,61.833333333333336,2017.125,14.5,754.0,3.0,8.0,5.0,14568.026,48.7185,2749474.1666666665,1.3561666666666667,17.63533333333333,0.492,1316.0,35.720087,51.265589,12.0,345.56,-0.01733693723647695,0.9722222222222227,0.0
2025-01-07 14:21:48,46.4,38.0,20.5,14.6,558280,13.5,1.0,32.0,29.871,48.166666666666664,12.441833333333333,18.656499999999998,72.83333333333333,62.333333333333336,2033.8333333333333,14.5,748.5,3.0,8.0,5.0,14568.129,32.2815,2756439.2083333335,1.1893333333333334,18.42716666666667,0.492,1316.0,35.721016,51.26527050000001,12.0,344.545,0.0011635528346628198,0.08333333333333333,0.0
2025-01-07 14:21:54,28.6,28.6,17.8,12.9,524820,13.5,1.0,32.0,29.68133333333333,43.666666666666664,10.9155,11.9895,73.66666666666667,62.5,2044.875,14.5,744.5,3.0,13.333333333333334,5.0,14568.2325,11.5625,2763851.2083333335,0.7833333333333333,18.927,0.492,1316.0,35.721943,51.264920999999994,12.0,341.78999999999996,-0.013875367553354867,0.027777777777777384,0.0
2025-01-07 14:22:00,28.7,28.6,17.8,14.6,586380,13.5,1.0,32.0,30.077333333333332,53.5,13.2505,0.0,74.66666666666667,58.833333333333336,1922.25,14.25,739.5,3.0,10.666666666666666,5.0,14568.333333333334,36.833333333333336,2768940.5416666665,1.3428333333333333,17.76033333333333,0.492,1316.0,35.722811,51.264505500000006,12.0,337.92,-0.009453866781635952,0.0,0.6111111111111107
2025-01-07 14:22:06,31.7,31.1,18.2,13.2,525930,13.483333333333334,1.0,32.0,29.39916666666667,50.166666666666664,12.1715,0.0,76.0,59.0,1936.7916666666667,14.5,734.5,3.0,8.0,5.0,14568.431666666665,33.250166666666665,2776121.5416666665,1.1086666666666667,17.92716666666667,0.492,1316.0,35.723648000000004,51.264046,12.0,335.295,-0.007941248096574254,0.027777777777777384,0.0
2025-01-07 14:22:12,30.7,30.5,18.2,13.2,530140,13.483333333333334,1.0,32.0,28.566999999999997,52.0,12.575166666666666,0.0,75.66666666666667,59.0,1928.7083333333333,14.5,729.0,3.0,8.0,5.0,14568.529333333334,35.760333333333335,2782843.8333333335,1.121,17.802,0.492,1316.0,35.724464000000005,51.2635575,12.0,334.055,-0.00026179938779907676,0.0,0.0
2025-01-07 14:22:18,24.9,24.8,15.9,12.3,507480,13.5,17.0,32.0,28.916666666666668,53.666666666666664,13.136333333333333,0.0,73.0,58.833333333333336,1928.7916666666667,14.5,725.5,3.0,10.666666666666666,5.0,14568.627666666667,29.635499999999997,2790010.4583333335,1.0396666666666665,17.75016666666667,0.492,1316.0,35.7252865,51.263077,12.0,334.61,-0.00020362174606598522,0.0,0.027777777777777384
2025-01-07 14:22:24,45.1,43.2,23.3,13.9,543680,13.5,1.0,32.0,29.863166666666668,51.333333333333336,14.554499999999999,9.507333333333333,72.66666666666667,54.5,1783.375,13.950000000000001,721.0,3.0,8.0,5.0,14568.722,33.187666666666665,2795101.1666666665,1.2435,17.823166666666665,0.492,1316.0,35.72608,51.262609499999996,12.0,334.66,0.002472549773658535,0.0,0.7222222222222227
2025-01-07 14:22:30,65.3,62.8,24.7,14.7,551000,13.5,1.0,32.0,28.448666666666668,64.5,16.914666666666665,0.0,73.33333333333333,56.833333333333336,1866.7916666666667,14.5,723.5,3.0,8.0,5.0,14568.813,52.750166666666665,2803913.0833333335,1.3715,16.822666666666667,0.492,1316.0,35.726859999999995,51.2621615,12.0,334.775,-0.0026761715197246854,0.3888888888888893,0.0
2025-01-07 14:22:36,50.8,50.7,21.1,13.7,546790,13.466666666666667,1.0,32.0,28.919999999999998,56.333333333333336,13.318333333333333,0.0,74.5,57.166666666666664,1867.2083333333333,14.5,721.0,3.0,8.0,5.0,14568.910166666667,41.40633333333333,2811161.0416666665,1.2095,17.2605,0.492,1316.0,35.7276575,51.26169000000001,12.0,334.495,0.0015417075059284103,0.05555555555555477,0.0
2025-01-07 14:22:42,38.6,36.8,16.4,12.6,516300,13.483333333333334,1.0,32.0,29.087833333333332,55.0,13.005166666666668,0.0,76.16666666666667,57.666666666666664,1885.8333333333333,14.5,718.0,3.0,8.0,5.0,14569.003833333334,39.6875,2818384.6666666665,1.1666666666666667,17.375,0.492,1316.0,35.7284505,51.261215,12.0,333.785,-0.0033161255787891868,0.08333333333333333,0.0
2025-01-07 14:22:48,53.5,45.5,19.5,14.1,570120,13.483333333333334,1.0,32.0,29.540000000000003,51.0,12.0565,0.0,76.33333333333333,58.0,1897.25,14.5,715.0,3.0,8.0,5.0,14569.101,33.145833333333336,2824998.4166666665,1.0858333333333332,17.76033333333333,0.492,1316.0,35.7292555,51.260727,12.0,333.91,0.0013380857598622598,0.05555555555555595,0.0
2025-01-07 14:22:54,34.5,34.4,16.4,12.6,522470,13.5,1.0,32.0,29.791833333333333,50.5,12.059166666666668,0.0,73.16666666666667,58.0,1900.4166666666667,14.5,712.0,3.0,8.0,5.0,14569.196666666665,33.0625,2831424.875,1.0650000000000002,17.833000000000002,0.492,1316.0,35.7300645,51.260239000000006,12.0,333.91,0.0,0.0,0.0
2025-01-07 14:23:00,47.7,44.6,20.6,12.3,512640,13.466666666666667,1.0,32.0,30.025333333333332,50.666666666666664,12.0625,0.0,72.66666666666667,58.0,1902.5833333333333,14.5,709.0,3.0,8.0,5.0,14569.293,33.125,2837857.25,1.0706666666666667,17.843500000000002,0.492,1315.0,35.7309435,51.2597255,12.0,334.915,0.003926990816987307,0.0,0.0
2025-01-07 14:23:06,33.1,33.0,16.3,12.6,517800,13.466666666666667,1.0,32.0,29.524,49.333333333333336,11.685833333333333,0.0,73.5,58.0,1896.0833333333333,14.5,706.0,3.0,8.0,5.0,14569.390666666666,30.593999999999998,2844206.5833333335,1.0308333333333333,17.98966666666667,0.492,1314.5,35.73184,51.259256,12.0,337.915,0.009308422677303058,0.0,0.0
2025-01-07 14:23:12,27.8,27.7,17.6,12.8,525420,13.483333333333334,1.0,32.0,29.159499999999998,53.833333333333336,12.793666666666667,0.0,74.5,57.833333333333336,1882.625,14.5,703.0,3.0,8.0,5.0,14569.485,38.21883333333333,2850624.4166666665,1.1420000000000001,17.5105,0.492,1316.0,35.732679499999996,51.2588745,12.0,340.195,0.005153496635347302,0.0,0.027777777777777384
2025-01-07 14:23:18,29.0,28.9,16.6,12.8,524370,13.466666666666667,1.0,32.0,28.113,54.333333333333336,12.872166666666667,0.0,76.0,58.166666666666664,1897.0,14.5,700.0,3.0,8.0,5.0,14569.582,38.73933333333333,2857704.3333333335,1.1605,17.489833333333333,0.492,1317.5,35.733535999999994,51.2585565,12.0,345.375,0.025074563586985208,0.05555555555555477,0.0
2025-01-07 14:23:24,25.1,25.1,16.1,12.7,512640,13.5,1.0,32.0,20.999166666666667,55.0,13.0625,0.0,76.5,58.0,1877.4166666666667,14.5,697.0,3.0,8.0,5.0,14569.6785,39.853833333333334,2864526.875,1.1813333333333333,17.343666666666667,0.492,1318.5,35.7344055,51.2586425,12.0,12.204999999999998,0.08799368312138071,0.0,0.027777777777777384
2025-01-07 14:23:30,21.5,21.5,14.3,12.1,508980,13.5,1.0,32.0,15.776333333333334,58.0,13.924999999999999,0.0,73.66666666666667,58.0,1893.0416666666667,14.5,694.0,3.0,8.0,5.0,14569.773333333333,45.2395,2871961.75,1.2531666666666668,17.208666666666666,0.492,1320.0,35.735138,51.259245,12.0,40.935,0.08403760348352701,0.0,0.0
2025-01-07 14:23:36,24.9,24.3,14.5,12.4,517200,13.516666666666666,1.0,32.0,13.5725,45.833333333333336,10.930666666666667,0.0,72.66666666666667,59.0,1918.5,14.5,691.0,3.0,8.0,5.0,14569.871166666666,24.822999999999997,2878750.4583333335,0.9303333333333333,18.604166666666668,0.492,1320.5,35.7355345,51.2602175,12.0,70.86999999999999,0.08831366015091302,0.16666666666666666,0.0
2025-01-07 14:23:42,17.5,17.5,13.4,12.0,507630,13.5,1.0,32.0,15.8735,34.0,8.132833333333332,0.0,73.33333333333333,59.0,1934.3333333333333,14.5,688.0,3.0,8.0,5.0,14569.9695,4.885166666666667,2883575.5833333335,0.6589999999999999,19.573,0.492,1319.5,35.7356225,51.261331500000004,12.0,86.36,0.022485658529860324,0.0,0.0
2025-01-07 14:23:48,27.4,26.8,15.8,12.3,513840,13.483333333333334,1.0,32.0,20.979,27.5,6.481000000000001,0.0,74.5,59.0,1935.4166666666667,14.5,685.0,3.0,8.0,5.0,14570.067666666668,-6.0625,2886996.75,0.5205000000000001,19.98966666666667,0.492,1317.5,35.7356835,51.2624645,12.0,86.205,0.0,0.0,0.0
2025-01-07 14:23:54,32.2,31.6,17.2,12.6,517850,13.483333333333334,1.0,32.0,24.8085,38.833333333333336,9.449833333333332,0.0,75.66666666666667,58.166666666666664,1894.1666666666667,14.5,682.0,3.0,8.0,5.0,14570.164166666667,13.9375,2890594.625,0.8290000000000001,18.875333333333334,0.492,1317.5,35.7357405,51.26357099999999,12.0,86.33999999999999,-0.0003199770295323334,0.0,0.13888888888888928
2025-01-07 14:24:00,31.1,30.1,14.2,12.1,510130,13.5,1.0,32.0,26.15433333333333,50.833333333333336,12.072000000000001,0.0,76.0,57.666666666666664,1884.625,14.5,679.0,3.0,8.0,5.0,14570.261833333332,33.395833333333336,2896549.8333333335,1.1023333333333334,17.76033333333333,0.492,1319.0,35.7357945,51.2646695,12.0,86.79,0.0029670597283903075,0.0,0.08333333333333333
2025-01-07 14:24:06,23.1,23.1,15.0,12.3,513790,13.466666666666667,1.0,32.0,25.757666666666665,56.166666666666664,13.499833333333333,0.0,74.0,57.833333333333336,1892.2916666666667,14.5,676.0,3.0,8.0,5.0,14570.356,42.302,2903606.0416666665,1.2263333333333335,17.3335,0.492,1321.5,35.7358495,51.265764499999996,12.0,86.34499999999998,-0.001338085759862261,0.027777777777778567,0.0
2025-01-07 14:24:12,26.8,25.1,16.4,12.4,512540,13.450000000000001,1.0,32.0,26.725166666666667,53.833333333333336,12.917,0.0,72.0,58.0,1903.7916666666667,14.5,673.0,3.0,8.0,5.0,14570.453166666666,38.8435,2910830.9166666665,1.1845,17.531000000000002,0.492,1323.5,35.7359005,51.2668625,12.0,86.855,0.0014835298641951537,0.027777777777777384,0.0
2025-01-07 14:24:18,25.2,25.0,15.5,12.2,513190,13.5,1.0,32.0,25.854666666666663,52.333333333333336,12.476333333333335,0.0,72.66666666666667,58.0,1903.9583333333333,14.5,670.0,3.0,8.0,5.0,14570.5495,36.271,2917759.2916666665,1.1461666666666666,17.67716666666667,0.492,1326.0,35.735943,51.2679695,12.0,88.03000000000002,0.008523024513905662,0.0,0.0
2025-01-07 14:24:24,31.5,29.6,16.0,12.5,517050,13.466666666666667,1.0,32.0,23.48183333333333,34.833333333333336,7.478833333333333,0.0,73.83333333333333,54.0,1746.75,14.5,667.0,3.0,24.0,5.0,14570.643833333334,-36.802,2921444.0833333335,0.0,19.05216666666667,0.492,1327.0,35.7357805,51.26900700000001,12.0,106.33999999999999,0.059952059806005265,0.0,0.6666666666666666
2025-01-07 14:24:30,29.0,28.3,17.1,12.3,511090,13.533333333333333,1.0,32.0,23.102833333333333,61.0,14.9535,16.893,74.83333333333333,50.166666666666664,1638.625,13.916666666666666,666.5,3.0,10.666666666666666,5.0,14570.7285,38.958333333333336,2923819.125,1.2396666666666667,16.75016666666667,0.492,1326.0,35.735426,51.2698475,12.0,121.41000000000001,0.04566944876051834,0.0,0.6388888888888893
2025-01-07 14:24:36,32.3,30.4,15.5,12.6,509230,13.483333333333334,1.0,32.0,21.840166666666665,42.333333333333336,9.510333333333334,8.547333333333334,76.0,55.833333333333336,1819.5833333333333,14.5,667.0,3.0,8.0,5.0,14570.816333333334,15.823,2930715.7916666665,0.7568333333333334,18.7395,0.492,1325.0,35.7348675,51.270615,12.0,133.96,0.025675208428662513,0.9444444444444452,0.0
2025-01-07 14:24:42,25.2,25.2,17.7,13.1,540920,13.516666666666666,1.0,32.0,22.455333333333332,33.5,7.6275,0.0,75.66666666666667,57.0,1852.5,14.5,664.0,3.0,8.0,5.0,14570.910166666667,2.8958333333333335,2934752.875,0.6086666666666667,19.281333333333333,0.492,1323.5,35.734204999999996,51.2713185,12.0,141.57000000000002,0.02751802453977729,0.19444444444444406,0.0
2025-01-07 14:24:48,36.5,35.9,19.1,13.4,561540,13.5,1.0,32.0,25.741833333333332,28.666666666666668,6.45,0.0,72.66666666666667,56.833333333333336,1855.7083333333333,14.5,661.0,3.0,8.0,5.0,14571.003833333334,-4.937333333333334,2938079.5416666665,0.5218333333333334,19.823166666666665,0.492,1321.0,35.7335285,51.2720055,12.0,137.775,-0.031648637102830494,0.0,0.027777777777777384
2025-01-07 14:24:54,26.6,26.4,15.7,13.0,543730,13.533333333333333,1.0,32.0,28.457333333333334,31.333333333333332,7.011833333333333,0.0,72.0,55.833333333333336,1823.2916666666667,14.5,658.0,3.0,8.0,5.0,14571.097666666667,-0.5416666666666666,2941141.0,0.6044999999999999,19.573,0.492,1319.5,35.7329675,51.272827,12.0,128.42499999999998,-0.01887864474240536,0.0,0.16666666666666666
2025-01-07 14:25:00,25.1,25.1,16.8,13.1,541320,13.483333333333334,17.0,32.0,30.9435,35.0,7.528,0.6353333333333333,72.0,52.666666666666664,1720.4166666666667,13.9,655.0,3.0,21.333333333333332,5.0,14571.1895,-30.645666666666667,2943708.5,0.13699999999999998,19.125,0.492,1319.0,35.732502000000004,51.273588499999995,12.0,126.60000000000001,-0.003461569683122081,0.0,0.5277777777777786
2025-01-07 14:25:06,20.7,20.7,15.7,13.1,546240,13.533333333333333,1.0,32.0,31.026833333333332,42.666666666666664,9.138333333333334,12.753833333333333,72.83333333333333,50.666666666666664,1663.0,14.5,652.0,3.0,8.0,5.0,14571.273500000001,17.427166666666665,2946503.2916666665,0.8704999999999999,18.291833333333333,0.492,1319.0,35.732127999999996,51.27434350000001,12.0,119.14,-0.030194196059501882,0.0,0.3333333333333333
2025-01-07 14:25:12,20.0,20.0,14.3,12.5,531140,13.5,1.0,32.0,29.801333333333332,45.666666666666664,10.037333333333335,2.2685,73.33333333333333,54.0,1767.75,14.5,649.0,3.0,8.0,5.0,14571.36,21.093666666666667,2951958.3333333335,0.844,18.3855,0.492,1319.0,35.731790499999995,51.2752475,12.0,114.68,-0.00026179938779924357,0.5555555555555559,0.0
2025-01-07 14:25:18,21.4,21.4,15.3,13.0,547490,13.5,1.0,32.0,28.661833333333334,29.5,6.453833333333333,0.0,74.66666666666667,56.833333333333336,1859.7083333333333,14.5,646.0,3.0,8.0,5.0,14571.453166666666,-3.8855000000000004,2956435.0416666665,0.5011666666666666,19.843833333333333,0.492,1319.0,35.7313805,51.2761765,12.0,119.90499999999999,0.016522450252213005,0.4722222222222226,0.0
2025-01-07 14:25:24,20.5,20.5,14.9,12.7,542380,13.5,1.0,32.0,29.3395,25.833333333333332,5.549333333333333,0.0,75.5,56.5,1846.875,14.5,643.0,3.0,8.0,5.0,14571.546833333334,-9.843833333333334,2959215.1666666665,0.453,20.1355,0.492,1319.0,35.730904,51.2770825,12.0,123.94999999999999,0.0117227948092285,0.0,0.05555555555555595
2025-01-07 14:25:30,31.0,30.4,17.7,13.3,547940,13.483333333333334,1.0,32.0,29.89916666666667,25.666666666666668,5.499833333333334,0.0,75.83333333333333,56.0,1830.5416666666667,14.5,640.0,3.0,8.0,5.0,14571.640666666666,-10.052166666666666,2961918.2083333335,0.4523333333333333,20.125,0.492,1319.0,35.730356,51.277918,12.0,130.66,0.02004219757706818,0.0,0.08333333333333333
2025-01-07 14:25:36,23.3,23.2,16.5,13.0,544580,13.466666666666667,65.0,32.0,30.855666666666668,30.166666666666668,6.438166666666667,0.0,73.5,54.166666666666664,1762.0416666666667,14.5,637.0,3.0,16.0,5.0,14571.733833333334,-23.354333333333333,2964290.4583333335,0.2285,19.604333333333333,0.492,1319.0,35.729732500000004,51.278653999999996,12.0,138.205,0.02283472438025913,0.0,0.30555555555555597
2025-01-07 14:25:42,22.8,22.8,16.5,13.3,550500,13.450000000000001,81.0,32.333333333333336,34.81916666666667,34.166666666666664,4.713333333333334,0.0,71.33333333333333,34.666666666666664,1152.625,14.133333333333333,634.5,3.0,24.0,5.0,14571.809166666668,-22.989500000000003,2965068.1666666665,0.24466666666666667,20.218833333333333,0.492,1319.0,35.729173499999995,51.27919599999999,12.0,142.67499999999998,0.008464846872172487,0.0,3.25
2025-01-07 14:25:48,22.5,22.3,14.4,12.6,533250,13.516666666666666,1.0,32.0,32.476166666666664,50.0,9.4205,11.007166666666668,71.16666666666667,30.833333333333332,1305.0416666666667,14.5,633.5,3.0,16.0,4.0,14571.858833333332,23.197833333333335,2968788.4166666665,0.7981666666666666,17.93733333333333,0.492,1319.0,35.728803500000005,51.2795315,12.0,143.82000000000002,0.0011344640137963564,0.0,0.6388888888888887
2025-01-07 14:25:54,20.7,20.6,14.1,12.3,520960,13.5,1.0,32.0,28.6875,58.5,13.105166666666667,20.355333333333334,72.0,41.0,1702.4583333333333,14.5,633.5,3.0,8.0,4.0,14571.917333333333,43.374833333333335,2974762.7083333335,1.1576666666666666,16.8855,0.492,1319.0,35.728361,51.2799455,12.0,142.725,-0.0006981317007977581,1.6944444444444446,0.0
2025-01-07 14:26:00,19.4,19.2,14.1,12.9,542430,13.483333333333334,1.0,32.0,27.695666666666668,49.833333333333336,13.314166666666667,5.0415,72.33333333333333,51.166666666666664,2134.2083333333335,14.5,640.5,3.0,8.0,4.0,14571.994833333332,39.114666666666665,2982082.7083333335,1.3503333333333334,18.354,0.492,1319.0,35.727787,51.280464,12.0,144.04999999999998,0.003926990816987225,1.694444444444444,0.0
2025-01-07 14:26:06,21.6,21.5,15.4,12.8,539970,13.5,1.0,32.0,28.729333333333333,29.0,8.115499999999999,0.0,73.5,57.833333333333336,2396.625,14.5,646.0,3.0,8.0,4.0,14572.085833333333,-4.208166666666667,2988684.125,0.6881666666666666,20.416666666666668,0.492,1319.0,35.727107999999994,51.2810955,12.0,142.77,-0.0023561944901922694,1.1111111111111118,0.0
2025-01-07 14:26:12,28.7,28.7,18.3,12.9,526380,13.450000000000001,1.0,32.0,30.417666666666666,23.0,6.531333333333333,0.0,74.66666666666667,57.666666666666664,2400.2083333333335,14.5,643.0,3.0,8.0,4.0,14572.181166666667,-13.083166666666665,2992327.4583333335,0.5901666666666666,20.98966666666667,0.492,1319.0,35.726391,51.281749999999995,12.0,143.23499999999999,-0.0026470826988581387,0.0,0.027777777777778567
2025-01-07 14:26:18,28.4,28.4,16.4,12.9,530340,13.466666666666667,1.0,32.0,31.859166666666667,23.166666666666668,6.549499999999999,0.0,76.0,57.0,2378.2083333333335,14.5,640.0,3.0,8.0,4.0,14572.277333333333,-13.125,2995784.2083333335,0.5726666666666667,20.948333333333334,0.492,1319.0,35.7256815,51.282406,12.0,143.14000000000001,0.0003490658503988783,0.0,0.11111111111111072
2025-01-07 14:26:24,38.0,38.0,21.9,14.2,553260,13.5,97.0,32.0,34.360166666666665,33.166666666666664,8.356833333333332,0.0,75.33333333333333,48.333333333333336,1999.2083333333333,14.166666666666666,637.0,3.0,24.0,4.0,14572.367166666665,-37.1875,2997831.25,0.0,19.541666666666668,0.492,1319.0,35.725004500000004,51.2830485,12.0,142.285,-0.0011926416555294492,0.0,1.444444444444444
2025-01-07 14:26:30,46.0,44.0,23.4,13.9,541120,13.483333333333334,17.0,32.333333333333336,33.550000000000004,54.5,14.345500000000001,17.528833333333335,72.33333333333333,33.0,1778.5,14.233333333333334,640.0,3.0,13.333333333333334,3.1666666666666665,14572.429666666665,36.75,3000692.5416666665,1.4184999999999999,17.8335,0.492,1319.0,35.7245445,51.2834795,12.0,143.16,0.004217879025653013,0.0,2.555555555555556
2025-01-07 14:26:36,31.7,31.4,15.1,13.0,526580,13.5,1.0,32.333333333333336,29.486,48.5,13.114666666666666,16.644333333333332,72.0,47.5,2236.0416666666665,14.5,660.5,3.0,13.333333333333334,3.6666666666666665,14572.4975,23.854166666666668,3009593.2083333335,1.1946666666666668,18.552,0.492,1319.0,35.724039,51.2839395,12.0,143.49499999999998,-0.0007563093425309325,2.4166666666666665,0.0
2025-01-07 14:26:42,23.9,23.6,15.1,12.4,515050,13.5,1.0,32.0,28.445166666666665,42.5,11.566666666666668,12.648000000000001,72.0,56.166666666666664,2345.2916666666665,14.5,665.5,3.0,8.0,4.0,14572.582666666667,16.083166666666667,3017161.5416666665,0.9871666666666666,19.18733333333333,0.492,1319.0,35.7233965,51.284532500000005,12.0,143.19,0.000436332312998598,1.444444444444444,0.0
2025-01-07 14:26:48,23.6,23.6,15.9,12.6,530990,13.516666666666666,1.0,32.0,28.375833333333333,36.333333333333336,10.9335,8.7565,73.0,60.166666666666664,2499.9166666666665,14.5,663.5,3.0,13.333333333333334,4.0,14572.681166666667,-4.770833333333333,3022966.3333333335,0.7090000000000001,19.6875,0.492,1319.0,35.7226545,51.285169499999995,12.0,146.195,0.012740903539558592,0.6666666666666666,0.0
2025-01-07 14:26:54,32.9,32.7,20.0,13.3,543630,13.516666666666666,1.0,32.0,29.027666666666665,31.666666666666668,9.5755,0.0,74.16666666666667,58.166666666666664,2433.7083333333335,14.5,661.0,3.0,13.333333333333334,4.0,14572.778666666667,-10.927166666666666,3025654.1666666665,0.6173333333333333,20.093999999999998,0.492,1319.0,35.7218495,51.285709499999996,12.0,153.315,0.021612993903863138,0.0,0.3333333333333333
2025-01-07 14:27:00,37.9,31.2,18.0,12.8,533650,13.5,1.0,32.0,28.5055,24.833333333333332,7.130166666666667,0.0,75.33333333333333,59.0,2463.25,14.5,658.0,3.0,8.0,4.0,14572.876333333334,-10.989666666666666,3029948.9166666665,0.6375000000000001,20.906333333333333,0.492,1319.0,35.720995,51.2860835,12.0,162.78,0.027343491614577844,0.13888888888888928,0.0
2025-01-07 14:27:06,222.9,213.6,143.9,34.7,779420,13.5,1.0,32.0,29.055666666666667,24.5,7.0584999999999996,0.0,76.0,58.833333333333336,2449.25,14.5,655.0,3.0,8.0,4.0,14572.974,-11.2085,3033734.5416666665,0.6161666666666666,20.854,0.492,1319.0,35.720102000000004,51.28628749999999,12.0,171.59,0.024463698348787175,0.0,0.027777777777777384
2025-01-07 14:27:12,93.5,89.6,23.8,14.2,550050,13.5,1.0,32.0,29.673000000000002,30.333333333333332,8.935666666666666,5.2175,73.66666666666667,58.0,2435.4166666666665,14.5,652.0,3.0,8.0,4.0,14573.070166666666,-1.1980000000000002,3037608.125,0.8409999999999999,20.30216666666667,0.492,1319.0,35.719202,51.286373,12.0,176.265,0.007766715171374731,0.0,0.13888888888888928
2025-01-07 14:27:18,65.4,65.0,32.1,15.1,557070,13.483333333333334,1.0,32.0,30.143333333333334,41.166666666666664,11.829,0.0,72.0,57.333333333333336,2398.0,14.15,651.5,3.0,10.666666666666666,4.0,14573.168,9.791500000000001,3043018.4583333335,1.0928333333333333,19.250333333333334,0.492,1319.0,35.7183055,51.286442,12.0,176.62,0.0022689280275926317,0.0,0.11111111111111072
2025-01-07 14:27:24,74.1,71.6,29.5,14.9,553110,13.5,1.0,32.0,29.932333333333332,44.333333333333336,12.710666666666667,0.0,72.0,57.5,2404.75,14.5,653.5,3.0,8.0,4.0,14573.261833333332,20.50016666666667,3050380.25,1.1721666666666666,19.13533333333333,0.492,1319.0,35.7174205,51.286502500000005,12.0,177.01,0.002152572744126367,0.027777777777777384,0.0
2025-01-07 14:27:30,400.8,63.5,26.7,14.1,534300,13.516666666666666,1.0,32.0,30.1275,30.5,8.9595,0.0,72.66666666666667,58.166666666666664,2431.375,14.5,651.5,3.0,10.666666666666666,4.0,14573.358666666667,-8.374833333333333,3055804.8333333335,0.6869999999999999,20.354,0.492,1319.0,35.716519999999996,51.286564,12.0,176.67499999999998,-0.001832595714594032,0.11111111111111072,0.0
2025-01-07 14:27:36,45.8,42.1,15.2,12.3,515450,13.5,1.0,32.0,30.14833333333333,34.5,10.1465,0.0,73.83333333333333,58.5,2442.8333333333335,14.5,651.0,3.0,8.0,4.0,14573.455,5.104,3061317.8333333335,0.9055,19.958333333333332,0.492,1319.0,35.71562,51.286634,12.0,176.06000000000003,-0.003781546712654413,0.05555555555555595,0.0
2025-01-07 14:27:42,36.4,35.6,20.0,12.9,521060,13.516666666666666,1.0,32.0,31.675666666666668,32.0,9.356166666666667,0.0,75.0,58.666666666666664,2444.0416666666665,14.5,648.5,3.0,21.333333333333332,4.0,14573.553333333335,-34.09366666666667,3064407.7916666665,0.09383333333333332,20.11466666666667,0.492,1319.0,35.714712,51.286714999999994,12.0,175.87,0.00020362174606598535,0.027777777777777384,0.0
2025-01-07 14:27:48,34.8,34.6,18.8,13.0,521810,13.5,1.0,32.0,31.525000000000002,32.833333333333336,9.891,0.0,76.0,58.0,2416.375,14.266666666666666,645.5,3.0,16.0,4.0,14573.649,-19.177333333333333,3064849.7083333335,0.5606666666666666,19.906333333333333,0.492,1319.0,35.713812,51.286730000000006,12.0,181.41,0.025220007691318113,0.0,0.11111111111111072
2025-01-07 14:27:54,32.6,32.6,18.2,13.0,523270,13.516666666666666,1.0,32.0,30.787000000000003,30.166666666666668,9.0175,0.0,74.0,58.333333333333336,2432.3333333333335,14.283333333333333,643.5,3.0,16.0,4.0,14573.746166666666,-21.208333333333332,3068021.5833333335,0.39116666666666666,20.31266666666667,0.492,1319.0,35.712922999999996,51.2865525,12.0,191.665,0.02873975501617328,0.05555555555555595,0.0
2025-01-07 14:28:00,30.5,30.5,17.2,12.8,531140,13.5,97.0,32.0,33.04683333333333,33.5,7.7855,0.0,71.66666666666667,45.666666666666664,1902.2083333333333,14.5,641.0,3.0,24.0,4.0,14573.835833333333,-37.104166666666664,3069786.5,0.0,19.593833333333333,0.492,1319.0,35.712131500000005,51.286185999999994,12.0,204.08,0.036942802500546615,0.0,2.111111111111112
2025-01-07 14:28:06,40.1,40.1,19.4,12.9,525170,13.433333333333332,17.0,32.5,33.98166666666667,48.833333333333336,9.672166666666667,13.8065,71.0,25.333333333333332,1319.7916666666667,13.933333333333332,640.0,3.0,13.333333333333334,3.1666666666666665,14573.891333333333,25.479333333333333,3071862.25,0.9895,18.44783333333333,0.492,1319.0,35.711687,51.285885,12.0,210.23000000000002,0.012159127122227184,0.0,3.388888888888889
2025-01-07 14:28:12,26.3,26.3,15.7,12.4,525370,13.516666666666666,1.0,32.333333333333336,27.987166666666667,52.0,13.547666666666666,18.4555,71.5,38.333333333333336,1990.25,14.5,650.0,3.0,13.333333333333334,3.3333333333333335,14573.944166666666,31.354,3079600.9166666665,1.1793333333333333,18.06266666666667,0.492,1259.0,35.7111795,51.285513,12.0,210.54999999999998,-0.00279252680319095,2.1666666666666674,0.0
2025-01-07 14:28:18,25.1,25.1,14.6,12.2,514640,13.516666666666666,1.0,32.0,26.827166666666667,43.666666666666664,10.635833333333332,11.254,72.16666666666667,46.0,1926.2083333333333,14.5,654.5,3.0,10.666666666666666,4.0,14574.015,14.416833333333335,3086661.625,0.8133333333333334,18.63533333333333,0.492,1259.0,35.710577,51.28512,12.0,206.585,-0.016609716714812643,1.2777777777777775,0.0
2025-01-07 14:28:24,16.4,16.4,12.6,11.7,500460,13.483333333333334,17.0,32.0,28.840666666666664,53.166666666666664,12.803333333333333,14.012,73.0,43.833333333333336,1837.5,14.5,655.0,3.0,13.333333333333334,4.0,14574.0885,20.791666666666668,3090081.0416666665,0.9851666666666666,17.791833333333333,0.492,1258.0,35.709932,51.284808999999996,12.0,199.455,-0.021700260366462856,0.0,0.3611111111111107
2025-01-07 14:28:30,15.7,15.7,12.7,11.7,504470,13.5,1.0,32.0,27.652666666666665,47.833333333333336,12.654166666666669,16.2125,74.16666666666667,48.333333333333336,2016.5833333333333,14.133333333333333,660.5,3.0,13.333333333333334,4.0,14574.166166666668,26.0,3096804.0833333335,1.1823333333333335,18.6355,0.492,1256.5,35.709232,51.2845785,12.0,193.745,-0.014835298641951785,0.75,0.0
2025-01-07 14:28:36,16.5,16.5,13.5,12.0,508030,13.516666666666666,33.0,32.0,28.66116666666667,32.0,8.290999999999999,0.944,75.5,48.833333333333336,2031.625,14.5,661.5,3.0,21.333333333333332,4.0,14574.248166666666,-30.781333333333333,3101380.125,0.10083333333333333,19.625333333333334,0.492,1256.0,35.708483,51.2843705,12.0,192.585,-0.0010471975511966384,0.08333333333333333,0.0
2025-01-07 14:28:42,18.3,18.3,13.5,12.5,529440,13.5,81.0,32.666666666666664,33.6505,32.833333333333336,4.844,0.0,76.0,29.0,1208.625,14.049999999999999,660.0,3.0,24.0,4.0,14574.315,-21.291833333333333,3101942.375,0.2668333333333333,20.229333333333333,0.492,1255.0,35.7079165,51.284223499999996,12.0,192.585,0.006050474740247044,0.0,3.305555555555556
2025-01-07 14:28:48,58.5,58.4,38.1,16.3,563450,13.516666666666666,33.0,32.333333333333336,33.038833333333336,33.833333333333336,7.324000000000001,4.0248333333333335,75.33333333333333,22.666666666666668,1693.125,13.9,658.0,3.0,16.0,2.3333333333333335,14574.354833333333,-8.687333333333333,3104840.1666666665,0.5599999999999999,19.625,0.492,1254.0,35.7075635,51.284132,12.0,191.595,-0.0024434609527920702,0.0,1.0555555555555554
2025-01-07 14:28:54,159.3,158.3,70.7,26.2,715190,13.483333333333334,97.0,32.0,34.041666666666664,31.666666666666668,3.540833333333333,0.0,72.0,10.5,975.3333333333334,14.5,659.5,3.0,24.0,3.8333333333333335,14574.385666666667,-14.885333333333334,3107328.875,0.32766666666666666,20.968666666666667,0.492,1254.0,35.707333,51.2840655,12.0,191.915,-0.013177235852557196,0.0,2.027777777777778
2025-01-07 14:29:00,125.2,123.3,46.1,21.2,682070,13.5,97.0,32.0,34.532333333333334,32.5,3.6008333333333336,0.0,71.0,0.0,946.5,14.5,657.5,3.0,24.0,13.0,14574.390999999998,-14.375,3109255.625,0.32383333333333336,20.98966666666667,0.492,1253.0,35.707279,51.28405,12.0,208.42999999999998,0.05870124050874264,0.0,1.75
2025-01-07 14:29:06,42.7,42.7,16.2,12.5,521010,13.5,97.0,32.0,33.27466666666667,32.666666666666664,3.6839999999999997,0.0,71.0,0.0,952.7083333333334,14.5,660.0,3.0,24.0,13.0,14574.390999999998,-15.020833333333334,3111191.2083333335,0.32116666666666666,20.93766666666667,0.492,1253.0,35.707279,51.284057999999995,12.0,90.0,-0.3444989055228142,0.0,0.0
2025-01-07 14:29:12,24.9,24.2,15.4,12.8,529940,13.466666666666667,33.0,32.5,31.60833333333333,47.5,7.428,9.159,71.5,2.6666666666666665,1021.1666666666666,14.5,660.0,3.0,16.0,7.0,14574.391666666668,10.625166666666667,3113364.9166666665,0.6845,18.895833333333332,0.492,1252.0,35.707262,51.284054,12.0,187.015,0.30261100347495024,0.4444444444444444,0.0
2025-01-07 14:29:18,21.4,21.4,14.3,12.3,523420,13.5,1.0,32.333333333333336,23.38033333333333,71.16666666666667,30.872833333333332,30.020833333333332,72.0,27.333333333333332,2842.5833333333335,14.366666666666667,690.5,3.0,13.333333333333334,1.6666666666666667,14574.415333333332,62.937666666666665,3121433.375,2.7046666666666668,18.583333333333332,0.492,1252.0,35.706987500000004,51.28397950000001,12.0,192.24,-0.008115781021773608,4.111111111111111,0.0
2025-01-07 14:29:24,18.5,18.5,13.1,12.0,518460,13.483333333333334,1.0,32.333333333333336,18.458333333333332,82.5,43.895833333333336,20.118166666666667,73.0,62.5,3806.0833333333335,13.299999999999999,792.5,3.0,16.0,2.8333333333333335,14574.490166666665,35.32266666666667,3148777.0833333335,3.798666666666666,23.708333333333332,0.492,1251.0,35.7062305,51.283781000000005,12.0,192.14,0.0022689280275926312,5.861111111111112,0.0
2025-01-07 14:29:30,22.6,22.0,14.9,12.4,520960,13.533333333333333,33.0,32.0,21.5205,41.0,16.471,4.8915,74.83333333333333,75.66666666666667,3147.2083333333335,14.5,819.5,3.0,21.333333333333332,4.0,14574.610166666665,-12.947833333333334,3170311.7083333335,0.7623333333333333,20.11466666666667,0.492,1249.5,35.705112500000006,51.283471999999996,12.0,192.94500000000002,0.0036070137874548917,2.194444444444445,0.0
2025-01-07 14:29:36,19.4,19.4,14.9,12.1,516250,13.516666666666666,97.0,32.0,31.661666666666665,33.5,8.396166666666666,0.0,76.0,50.833333333333336,2106.5,14.5,813.0,3.0,24.0,4.0,14574.718833333332,-37.177,3170817.75,0.0,19.593666666666667,0.492,1247.5,35.704176,51.283195500000005,12.0,193.485,0.00011635528346634818,0.0,4.138888888888889
2025-01-07 14:29:42,28.5,27.9,16.5,12.7,527030,13.549999999999999,1.0,32.0,33.062333333333335,63.166666666666664,18.24566666666667,20.664666666666665,76.33333333333333,37.166666666666664,1565.6666666666667,14.233333333333334,804.0,3.0,10.666666666666666,4.0,14574.783833333333,48.937666666666665,3174399.375,1.444,16.56266666666667,0.492,1246.5,35.7036055,51.283032999999996,12.0,192.73000000000002,-0.0037233690709212396,0.0,2.2777777777777786
2025-01-07 14:29:48,22.5,22.5,15.2,12.2,512990,13.483333333333334,49.0,32.0,31.936333333333334,35.5,7.2878333333333325,0.0,72.83333333333333,40.166666666666664,1666.75,14.5,795.0,3.0,24.0,4.0,14574.852833333332,-36.854,3178716.5,0.0,19.2605,0.492,1245.5,35.7029935,51.2828255,12.0,198.13,0.02996148549256927,0.5,0.0
2025-01-07 14:29:54,22.6,22.6,16.2,12.5,518350,13.483333333333334,17.0,32.0,24.962333333333333,38.166666666666664,6.402666666666666,5.249,71.33333333333333,28.0,1178.7083333333333,13.9,789.0,3.0,18.666666666666668,4.0,14574.907666666666,-1.6978333333333329,3179615.25,0.498,19.593833333333333,0.492,1245.0,35.7026695,51.2824325,12.0,239.885,0.1488765851951163,0.0,2.0277777777777772
2025-01-07 14:30:00,22.3,22.3,14.6,12.3,510980,13.516666666666666,1.0,32.0,18.426333333333332,65.83333333333333,14.006,21.544166666666666,71.33333333333333,32.0,1356.4583333333333,14.5,778.5,3.0,8.0,4.0,14574.956333333334,55.07266666666666,3185305.7916666665,1.151,16.145833333333332,0.492,1246.5,35.7027015,51.2818925,12.0,280.055,0.07757988525114799,0.6666666666666666,0.0
2025-01-07 14:30:06,58.5,33.0,14.4,11.9,509030,13.483333333333334,1.0,32.0,19.026833333333332,62.166666666666664,14.375166666666667,21.87816666666667,72.0,38.833333333333336,1625.1666666666667,14.4,770.0,3.0,10.666666666666666,4.0,14575.015666666666,50.07266666666666,3191904.6666666665,1.3048333333333335,16.521,0.492,1247.0,35.7028125,51.281208,12.0,281.56,0.0034615696831220796,1.1388888888888893,0.0
2025-01-07 14:30:12,24.0,23.9,15.8,12.2,513890,13.5,1.0,32.0,19.137,48.833333333333336,11.503166666666667,17.97733333333333,72.83333333333333,44.666666666666664,1867.0416666666667,14.5,765.5,3.0,8.0,4.0,14575.085833333333,31.156499999999998,3198891.375,1.0168333333333333,18.24983333333333,0.492,1248.0,35.7029515,51.280409,12.0,282.285,0.0024143721319254425,0.9722222222222214,0.0
2025-01-07 14:30:18,23.3,23.2,13.5,12.0,509180,13.516666666666666,1.0,32.333333333333336,21.741666666666664,57.333333333333336,12.738,16.86466666666667,74.0,49.5,1888.9583333333333,14.5,762.0,3.0,10.666666666666666,4.333333333333333,14575.164166666667,29.843833333333333,3206526.4166666665,1.1111666666666666,17.48966666666667,0.492,1249.0,35.703092500000004,51.2795965,12.0,282.27500000000003,0.0017744180728609417,0.8055555555555559,0.0
2025-01-07 14:30:24,18.7,18.7,14.3,12.3,524120,13.533333333333333,1.0,32.0,23.671999999999997,44.5,8.708333333333334,8.308833333333334,75.5,52.5,1712.125,14.5,757.5,3.0,10.666666666666666,5.0,14575.2495,12.2395,3213869.875,0.6601666666666667,18.5625,0.492,1249.0,35.703251,51.278725,12.0,282.65500000000003,0.00020362174606598522,0.5,0.0
2025-01-07 14:30:30,23.5,23.3,14.6,12.0,509830,13.549999999999999,1.0,32.0,26.6195,36.333333333333336,7.052499999999999,0.0,76.66666666666667,47.666666666666664,1560.9583333333333,14.5,751.5,3.0,21.333333333333332,5.0,14575.333333333334,-29.229166666666668,3216829.7083333335,0.13649999999999998,19.021,0.492,1249.0,35.703426,51.277775,12.0,282.865,0.0008726646259971981,0.0,0.8055555555555559
2025-01-07 14:30:36,76.7,29.2,14.0,11.8,495040,13.483333333333334,97.0,32.333333333333336,30.86583333333333,34.166666666666664,4.317666666666667,0.0,76.0,29.666666666666668,1062.0416666666667,14.1,747.5,3.0,24.0,4.5,14575.400333333333,-18.291666666666668,3217790.0833333335,0.3425,20.551833333333335,0.492,1249.0,35.703577,51.2770175,12.0,284.59999999999997,0.007563093425308662,0.0,2.9999999999999996
2025-01-07 14:30:42,21.5,20.8,12.5,11.5,485770,13.516666666666666,1.0,32.333333333333336,30.478166666666667,46.666666666666664,9.1,11.951333333333332,73.5,18.666666666666668,1500.7916666666667,14.5,743.0,3.0,10.666666666666666,2.0,14575.434333333333,16.906333333333333,3221108.7083333335,0.875,18.43733333333333,0.492,1249.0,35.703658999999995,51.276632000000006,12.0,284.32,-0.0015998851476613368,0.0,1.8333333333333333
2025-01-07 14:30:48,22.2,21.6,13.7,12.2,514290,13.516666666666666,1.0,32.166666666666664,27.491833333333332,41.166666666666664,10.863666666666667,13.998833333333332,71.66666666666667,27.0,2121.375,14.5,737.5,3.0,10.666666666666666,2.1666666666666665,14575.470666666666,10.813,3226777.2916666665,0.8969999999999999,19.24983333333333,0.492,1249.0,35.7037335,51.276216500000004,12.0,280.89500000000004,-0.022660191455059778,1.3888888888888886,0.0
2025-01-07 14:30:54,24.2,23.6,15.1,12.1,512240,13.5,1.0,32.0,26.5535,41.833333333333336,9.410166666666667,8.983333333333333,72.0,33.166666666666664,1885.8333333333333,14.5,733.5,3.0,8.0,3.0,14575.5215,13.771,3232714.3333333335,0.7933333333333333,18.916833333333333,0.492,1249.0,35.703808,51.275659499999996,12.0,280.40500000000003,0.013729923449021972,1.0277777777777775,0.0
2025-01-07 14:31:00,17.8,17.8,13.4,11.7,498700,13.483333333333334,1.0,32.0,27.685833333333335,38.166666666666664,9.366166666666667,9.414333333333333,72.5,32.166666666666664,1846.2916666666667,13.783333333333333,727.5,3.0,16.0,3.0,14575.5775,-5.4481666666666655,3236633.5833333335,0.8318333333333333,19.17716666666667,0.492,1252.0,35.7039395,51.2749425,12.0,283.075,0.00383972435438767,0.0,0.16666666666666666
2025-01-07 14:31:06,20.0,20.0,14.0,11.9,505570,13.5,1.0,32.0,26.859333333333336,42.0,10.897666666666666,12.902666666666667,73.16666666666667,35.833333333333336,2035.7916666666667,14.5,723.5,3.0,10.666666666666666,3.0,14575.632166666668,16.291833333333333,3242197.0416666665,0.8690000000000001,18.979166666666668,0.492,1253.5,35.704071,51.2743035,12.0,284.215,-0.00014544410433289337,0.6111111111111119,0.0
2025-01-07 14:31:12,19.2,19.2,13.5,11.8,501210,13.466666666666667,1.0,32.0,27.738500000000002,37.833333333333336,9.855166666666667,9.073833333333333,74.5,35.5,2018.6666666666667,14.283333333333333,720.5,3.0,16.0,3.0,14575.6935,-4.062166666666666,3246704.0,0.7665000000000001,19.479,0.492,1254.0,35.7041775,51.273739,12.0,282.865,-0.0031997702953230037,0.0,0.05555555555555595
2025-01-07 14:31:18,20.8,20.1,13.1,11.8,498550,13.433333333333332,1.0,32.0,28.24666666666667,42.0,10.258333333333333,9.394833333333333,75.5,33.333333333333336,1894.875,14.5,717.5,3.0,13.333333333333334,3.0,14575.749333333333,6.958333333333333,3250564.6666666665,0.7276666666666668,18.718999999999998,0.492,1254.0,35.7042965,51.2730965,12.0,283.2,0.0038979019961207623,0.0,0.3611111111111107
2025-01-07 14:31:24,26.4,24.6,14.0,12.1,506970,13.483333333333334,1.0,32.0,27.84183333333333,38.0,10.000666666666666,11.007166666666668,75.83333333333333,35.166666666666664,1992.3333333333333,14.5,714.0,3.0,10.666666666666666,3.0,14575.8065,9.979333333333333,3255629.6666666665,0.8153333333333332,19.32283333333333,0.492,1254.0,35.7044165,51.272444,12.0,282.41,-0.0041887902047863836,0.30555555555555475,0.0
2025-01-07 14:31:30,22.1,22.1,14.4,12.1,512740,13.466666666666667,1.0,32.0,27.603666666666665,32.833333333333336,8.868833333333333,3.7946666666666666,73.16666666666667,36.333333333333336,2058.5,13.983333333333334,711.0,3.0,18.666666666666668,3.0,14575.866666666667,-14.635333333333334,3260498.3333333335,0.4628333333333334,19.7605,0.492,1254.0,35.704538500000005,51.271778000000005,12.0,282.925,0.0025598162362583366,0.19444444444444522,0.0
2025-01-07 14:31:36,21.9,21.9,13.2,11.8,505020,13.483333333333334,1.0,32.0,27.814000000000004,38.0,9.8215,11.780666666666667,72.0,35.333333333333336,1995.2916666666667,14.5,708.0,3.0,8.0,3.0,14575.925833333333,14.229333333333335,3264749.0,0.8489999999999999,19.468999999999998,0.492,1254.0,35.7046645,51.271118,12.0,283.38,0.001774418072860776,0.0,0.16666666666666666
2025-01-07 14:31:42,19.2,19.0,13.6,12.2,517750,13.483333333333334,1.0,32.0,27.242333333333335,37.833333333333336,9.9625,7.713666666666668,72.0,38.166666666666664,2173.2916666666665,14.5,705.0,3.0,10.666666666666666,3.0,14575.987,3.9583333333333335,3270286.25,0.7061666666666667,19.5835,0.492,1254.0,35.704794,51.2704355,12.0,282.835,-0.0038688131752540517,0.47222222222222143,0.0
2025-01-07 14:31:48,20.7,20.1,14.0,11.8,506670,13.450000000000001,1.0,32.0,27.435833333333335,36.666666666666664,10.165666666666667,12.6845,73.0,39.0,2226.0,14.5,702.5,3.0,8.0,3.0,14576.050000000001,10.354333333333333,3275310.7916666665,0.9153333333333333,19.57283333333333,0.492,1254.0,35.704931,51.269722,12.0,283.615,0.0036070137874549737,0.13888888888888928,0.0
2025-01-07 14:31:54,17.4,17.4,13.8,12.0,510830,13.450000000000001,1.0,32.0,27.849166666666665,30.166666666666668,8.644833333333333,5.205666666666667,74.0,39.166666666666664,2223.0416666666665,14.5,699.5,3.0,10.666666666666666,3.0,14576.116666666667,-6.354333333333333,3280027.0,0.6536666666666666,20.073166666666665,0.492,1254.0,35.7050705,51.26898550000001,12.0,283.06,-0.0008726646259971972,0.027777777777777384,0.0
2025-01-07 14:32:00,26.3,23.9,14.2,12.0,509380,13.483333333333334,33.0,32.0,29.978333333333335,36.0,8.398833333333334,2.8295,75.33333333333333,33.166666666666664,1881.25,14.5,697.5,3.0,18.666666666666668,3.0,14576.178333333335,-21.541833333333333,3283093.5,0.27899999999999997,19.208333333333332,0.492,1256.5,35.705202,51.26825349999999,12.0,282.34499999999997,-0.0013962634015955166,0.0,1.0
2025-01-07 14:32:06,18.0,18.0,14.0,12.5,529640,13.5,1.0,32.0,30.12483333333333,42.166666666666664,8.744666666666667,4.7755,76.16666666666667,28.166666666666668,1637.5,13.9,694.5,3.0,18.666666666666668,3.0,14576.227833333332,-8.156500000000001,3286447.625,0.519,18.5,0.492,1257.5,35.7052995,51.267667499999995,12.0,281.675,0.0031997702953230032,0.0,0.8333333333333327
2025-01-07 14:32:12,19.7,19.7,14.5,12.7,538460,13.466666666666667,97.0,32.333333333333336,32.01916666666667,34.5,4.675833333333333,0.0,75.5,14.5,1081.875,13.85,691.5,3.0,24.0,2.0,14576.268166666667,-21.323,3287933.0833333335,0.296,20.4895,0.492,1258.5,35.705406,51.267284499999995,12.0,291.04,0.01896591120500499,0.0,2.277777777777778
2025-01-07 14:32:18,19.8,19.6,15.2,12.8,553360,13.450000000000001,97.0,32.0,32.580333333333336,33.0,3.8153333333333332,0.0,73.33333333333333,0.5,965.375,14.5,688.5,3.0,24.0,11.0,14576.277,-14.4065,3289991.4583333335,0.3485,20.906499999999998,0.492,1259.5,35.705421,51.267212,12.0,270.0,-0.05951572749300658,0.0,2.3333333333333335
2025-01-07 14:32:24,18.9,18.7,14.0,12.8,552560,13.466666666666667,97.0,32.0,30.834,33.0,3.8019999999999996,0.0,72.33333333333333,0.0,961.9166666666666,14.5,687.0,3.0,24.0,13.0,14576.277,-13.958333333333334,3291519.1666666665,0.32866666666666666,20.979333333333333,0.492,1260.0,35.705418,51.267212,12.0,180.0,-0.523598775598299,0.0,0.08333333333333333
