Datetime,TSP [ug/m3],PM10 [ug/m3],PM2.5 [ug/m3],PM1 [ug/m3],TC [1/l],Battery_voltage,Electrical_load,Switch,Fuel_level,Intake_manifold_absolute_pressure,Throttle_position,Accelerator_pedal_position,Coolant_temperature,Vehicle_Speed,Engine_speed,Target_air_fuel_ratio,Estimated_catalyst_temperature,Engine_status,Status_bit,Current_gear_shift_position_(Current_gear),Cumulative_mileage,Clutch_torque,Trip_fuel_consumption,Average_fuel_consumption_rate,Pumping_and_rubbing_friction_torque_at_current_condition,RON_factor,altitude,latitude,longitude,satelites,bearing,angular_speed,Acceleration,Deceleration
2024-11-18 15:37:00,24.5,24.5,24.1,23.3,862530,,,,,,,,,,,,,,,,,,,,,,,,,,,,0.0,0.0
2024-11-18 15:37:06,26.6,26.6,24.8,23.4,867590,,,,,,,,,,,,,,,,,,,,,,,,,,,,0.0,0.0
2024-11-18 15:37:12,24.2,24.2,23.5,23.2,863950,,,,,,,,,,,,,,,,,,,,,,,,,,,,0.0,0.0
2024-11-18 15:37:18,25.1,25.1,23.9,22.8,862830,,,,,,,,,,,,,,,,,,,,,,,,,,,,0.0,0.0
2024-11-18 15:37:24,25.0,25.0,24.3,23.0,846180,,,,,,,,,,,,,,,,,,,,,,,,,,,,0.0,0.0
2024-11-18 15:37:30,23.4,23.4,23.3,22.9,855900,13.383333333333333,1.0,33.0,39.46383333333333,34.333333333333336,4.138,0.0,80.83333333333333,0.0,1046.25,14.466666666666667,438.0,3.0,24.0,13.0,12426.015999999998,-16.06233333333333,2556.005333333333,0.38399999999999995,19.770666666666667,0.08,1272.0,35.706226,51.267235,12.0,0.0,-0.2505711029446525,0.0,0.0
2024-11-18 15:37:36,25.3,25.3,24.0,22.9,849720,13.200000000000001,1.0,33.0,38.98016666666667,38.0,4.1795,0.0,75.16666666666667,0.0,954.375,14.5,461.5,3.0,24.0,13.0,12426.015999999998,-15.406333333333334,4861.156333333333,0.3875,20.2085,0.08,1272.0,35.706226,51.267231,12.0,135.0,-0.2617993877991495,0.0,0.0
2024-11-18 15:37:42,25.6,25.6,24.1,23.4,869360,13.199999999999998,1.0,33.0,38.723000000000006,33.833333333333336,7.094,0.0,72.5,0.0,1989.0,14.5,485.5,3.0,24.0,13.0,12426.015999999998,-21.81266666666667,7798.963833333332,0.5828333333333333,20.5415,0.08,1272.0,35.706226,51.267227,12.0,270.0,0.0,0.0,0.0
2024-11-18 15:37:48,25.2,25.2,24.5,23.5,866220,13.283333333333333,1.0,33.0,38.5865,33.5,5.0435,0.0,71.33333333333333,0.0,1345.0,14.5,529.0,3.0,24.0,13.0,12426.015999999998,-21.479333333333333,11985.356666666667,0.4578333333333333,19.94783333333333,0.08,1272.0,35.706223,51.267227,12.0,180.0,-0.2617993877991495,0.0,0.0
2024-11-18 15:37:54,25.1,25.1,24.7,24.0,886440,13.366666666666667,1.0,33.0,38.51383333333333,35.5,3.613166666666667,0.0,71.0,0.0,942.5,14.5,542.5,3.0,24.0,13.0,12426.015999999998,-16.6665,14275.476666666667,0.3316666666666666,20.520833333333332,0.08,1272.0,35.706219,51.267227,12.0,180.0,0.0,0.0,0.0
2024-11-18 15:38:00,26.7,26.7,25.4,23.6,881630,13.6,1.0,33.0,38.475,32.0,3.2576666666666667,0.0,71.0,0.0,961.7916666666666,14.5,557.0,3.0,24.0,13.0,12426.015999999998,-17.44783333333333,16172.263,0.31283333333333335,20.781000000000002,0.08,1272.0,35.706219,51.267227,12.0,180.0,0.0,0.0,0.0
2024-11-18 15:38:06,25.7,25.7,24.3,23.3,873670,13.6,1.0,33.0,38.45466666666667,31.833333333333332,3.203,0.0,71.0,0.0,958.7916666666666,14.5,571.5,3.0,24.0,13.0,12426.015999999998,-17.4165,18031.841,0.30883333333333335,20.843500000000002,0.08,1272.0,35.706219,51.267227,12.0,180.0,0.0,0.0,0.0
2024-11-18 15:38:12,25.9,25.9,24.6,23.5,867840,13.6,1.0,33.0,38.44383333333334,31.5,3.063833333333333,0.0,72.0,0.0,945.9166666666666,14.5,584.0,3.0,24.0,13.0,12426.015999999998,-17.51033333333333,19844.773666666664,0.29483333333333334,20.8645,0.08,1272.0,35.706219,51.267227,12.0,180.0,0.0,0.0,0.0
2024-11-18 15:38:18,24.9,24.9,24.5,23.6,879550,13.6,1.0,33.0,38.437999999999995,31.333333333333332,3.1188333333333333,0.0,72.0,0.0,950.25,14.5,595.0,3.0,24.0,13.0,12426.015999999998,-17.375,21623.304666666667,0.29716666666666663,20.843666666666667,0.08,1272.0,35.706219,51.267227,12.0,180.0,0.0,0.0,0.0
2024-11-18 15:38:24,25.8,25.8,24.5,23.7,881420,13.450000000000001,1.0,33.0,38.43483333333334,33.333333333333336,3.389333333333333,0.0,72.16666666666667,0.0,953.875,14.5,605.5,3.0,24.0,13.0,12426.015999999998,-17.125333333333334,23449.447833333335,0.32083333333333336,20.7395,0.08,1272.0,35.706215,51.267227,12.0,180.0,0.0,0.0,0.0
2024-11-18 15:38:30,25.3,25.3,24.7,23.1,869770,13.300000000000002,1.0,32.0,38.433,35.666666666666664,3.4130000000000003,0.0,73.0,0.0,934.3333333333334,14.5,611.0,3.0,24.0,13.0,12426.015999999998,-16.458333333333332,25962.421666666665,0.3253333333333333,20.666666666666668,0.08,1272.0,35.706215,51.267227,12.0,180.0,0.0,0.0,0.0
2024-11-18 15:38:36,25.7,25.7,24.6,23.5,877060,13.300000000000002,1.0,32.0,38.43233333333333,35.0,3.589166666666667,0.0,73.0,0.0,953.0,14.5,613.0,3.0,24.0,13.0,12426.015999999998,-15.843666666666666,27456.773166666666,0.33549999999999996,20.666833333333333,0.08,1272.0,35.706215,51.267231,12.0,135.0,-0.2617993877991495,0.0,0.0
2024-11-18 15:38:42,26.4,26.4,25.2,23.5,878030,13.300000000000002,1.0,32.0,38.432,35.0,3.5725,0.0,73.0,0.0,950.0,14.5,616.0,3.0,24.0,13.0,12426.015999999998,-15.8335,29478.414,0.33316666666666667,20.677333333333333,0.08,1272.0,35.706211,51.267227,12.0,238.38,0.43161992401819765,0.0,0.0
2024-11-18 15:38:48,24.9,24.9,23.9,22.9,852960,13.266666666666666,1.0,32.0,38.432,35.166666666666664,3.6033333333333335,0.0,73.0,0.0,951.1666666666666,14.5,619.0,3.0,24.0,13.0,12426.015999999998,-15.885333333333334,31501.656333333332,0.3401666666666667,20.62483333333333,0.08,1272.0,35.706211,51.267227,12.0,238.38,0.0,0.0,0.0
2024-11-18 15:38:54,25.6,25.6,23.8,22.6,844910,13.266666666666666,1.0,32.0,38.431666666666665,35.333333333333336,3.5873333333333335,0.0,72.0,0.0,948.4583333333334,14.5,622.0,3.0,24.0,13.0,12426.015999999998,-15.531500000000001,33527.0235,0.33749999999999997,20.656499999999998,0.08,1272.0,35.706203,51.267227,12.0,180.0,-0.16982053621904816,0.0,0.0
2024-11-18 15:39:00,27.2,27.2,24.9,22.9,852710,13.316666666666668,1.0,32.0,38.431,35.666666666666664,3.561666666666667,0.0,72.0,0.0,949.6666666666666,14.5,625.0,3.0,24.0,13.0,12426.015999999998,-15.5835,35552.25516666666,0.33966666666666673,20.646,0.08,1272.0,35.706203,51.26722,12.0,270.0,0.2617993877991495,0.0,0.0
2024-11-18 15:39:06,26.3,26.1,20.4,18.8,678350,13.283333333333333,1.0,32.0,38.431,35.5,3.579333333333333,0.0,72.0,0.0,949.5833333333334,14.5,628.0,3.0,24.0,13.0,12426.015999999998,-15.437666666666667,37569.02366666667,0.3383333333333333,20.6355,0.08,1272.0,35.7062015,51.26722,12.0,225.0,-0.2617993877991495,0.0,0.0
2024-11-18 15:39:12,28.3,28.3,20.6,18.7,681270,13.300000000000002,1.0,32.0,38.431,35.0,3.563166666666667,0.0,72.33333333333333,0.0,954.5,14.5,631.0,3.0,24.0,13.0,12426.015999999998,-15.573,39590.65616666667,0.33416666666666667,20.6145,0.08,1272.0,35.7062,51.267216,12.0,225.0,0.2617993877991495,0.0,0.0
2024-11-18 15:39:18,25.1,24.9,19.0,18.3,670400,13.283333333333333,1.0,32.0,38.431,35.333333333333336,3.5573333333333337,0.0,73.0,0.0,949.5416666666666,14.5,634.0,3.0,24.0,13.0,12426.015999999998,-15.645833333333334,41608.15616666667,0.332,20.6875,0.08,1272.0,35.706196,51.267212,12.0,180.0,-0.2617993877991495,0.0,0.0
2024-11-18 15:39:24,22.8,22.7,19.8,18.6,677290,13.300000000000002,1.0,32.0,38.431,35.5,3.560333333333333,0.0,73.0,0.0,951.7916666666666,14.5,636.5,3.0,24.0,13.0,12426.015999999998,-15.447833333333334,43619.76033333333,0.3368333333333333,20.656499999999998,0.08,1272.0,35.706196,51.267204,12.0,270.0,0.2617993877991495,0.0,0.0
2024-11-18 15:39:30,23.1,23.1,21.8,19.8,722040,13.300000000000002,1.0,32.0,38.431,35.5,3.5685000000000002,0.0,73.0,0.0,954.375,14.5,639.0,3.0,24.0,13.0,12426.015999999998,-17.50016666666667,45635.6745,0.3373333333333333,20.6355,0.08,1272.0,35.706198,51.267204,12.0,135.0,0.2617993877991495,0.0,0.0
2024-11-18 15:39:36,26.1,26.1,22.3,20.7,759750,13.333333333333334,1.0,32.0,38.431,34.0,3.4095,0.0,73.0,0.0,956.9166666666666,14.5,641.5,3.0,24.0,13.0,12426.015999999998,-17.125333333333334,47623.578166666666,0.32066666666666666,20.729166666666668,0.08,1272.0,35.7062,51.267204,12.0,0.0,0.0,0.0,0.0
2024-11-18 15:39:42,25.7,25.6,22.6,21.5,790580,13.333333333333334,1.0,32.0,38.431,33.666666666666664,3.34,0.0,73.0,0.0,949.4583333333334,14.5,644.5,3.0,24.0,13.0,12426.015999999998,-15.698166666666667,49483.77849999999,0.32433333333333336,20.781499999999998,0.08,1272.0,35.7062015,51.267197,12.0,135.0,0.0,0.0,0.0
2024-11-18 15:39:48,26.1,25.9,22.6,21.6,796690,13.300000000000002,1.0,32.0,38.431,35.166666666666664,3.551833333333333,0.0,73.0,0.0,950.9166666666666,14.5,645.0,3.0,24.0,13.0,12426.015999999998,-15.75,51485.39316666667,0.3353333333333333,20.625,0.08,1272.0,35.706211,51.267197,12.0,0.0,0.0,0.0,0.0
2024-11-18 15:39:54,28.1,28.0,21.3,18.9,695410,13.25,1.0,32.0,38.431,35.333333333333336,3.545833333333333,0.0,73.0,0.0,953.5,14.5,645.5,3.0,24.0,13.0,12426.015999999998,-15.583333333333334,53496.461,0.33183333333333337,20.68766666666667,0.08,1272.0,35.706215,51.267197,12.0,0.0,0.0,0.0,0.0
2024-11-18 15:40:00,21.0,21.0,19.4,18.3,658880,13.25,1.0,32.0,38.431,35.5,3.5885,0.0,73.0,0.0,955.7916666666666,14.5,648.0,3.0,24.0,13.0,12426.015999999998,-15.625166666666667,55505.916666666664,0.3373333333333333,20.6145,0.08,1272.0,35.706217,51.267197,12.0,0.0,0.0,0.0,0.0
2024-11-18 15:40:06,23.1,23.1,20.8,18.9,682270,13.333333333333334,1.0,32.0,38.431,35.333333333333336,3.5031666666666665,0.0,73.0,0.0,953.125,14.5,648.0,3.0,24.0,13.0,12426.015999999998,-15.822833333333334,57523.619666666666,0.3345,20.645833333333332,0.08,1272.0,35.706219,51.267197,12.0,0.0,0.0,0.0,0.0
2024-11-18 15:40:12,23.9,23.7,19.0,18.3,664720,13.283333333333333,1.0,32.0,38.431,35.166666666666664,3.5221666666666667,0.0,73.0,0.0,951.25,14.5,648.5,3.0,24.0,13.0,12426.015999999998,-15.666833333333335,59528.64833333334,0.33,20.677333333333333,0.08,1272.0,35.706219,51.267204,12.0,90.0,0.2617993877991495,0.0,0.0
2024-11-18 15:40:18,24.2,24.2,20.7,19.0,669340,13.283333333333333,1.0,32.0,38.431,35.0,3.5873333333333335,0.0,73.0,0.0,959.6666666666666,14.5,650.5,3.0,24.0,13.0,12426.015999999998,-15.812333333333333,61541.187333333335,0.33899999999999997,20.62483333333333,0.08,1272.0,35.706219,51.267204,12.0,90.0,0.0,0.0,0.0
2024-11-18 15:40:24,24.0,24.0,20.6,18.7,671660,13.316666666666668,1.0,32.0,38.431,35.0,3.5080000000000005,0.0,72.5,0.0,942.625,14.5,651.0,3.0,24.0,13.0,12426.015999999998,-15.697833333333334,63548.593833333325,0.33549999999999996,20.666666666666668,0.08,1272.0,35.706219,51.267208000000004,12.0,90.0,0.0,0.0,0.0
2024-11-18 15:40:30,23.2,23.2,20.7,18.5,669690,13.266666666666666,1.0,32.0,38.431,35.0,3.5406666666666666,0.0,72.66666666666667,0.0,953.0,14.5,651.0,3.0,24.0,13.0,12426.015999999998,-15.666666666666666,65564.10133333334,0.33283333333333337,20.698,0.08,1272.0,35.706215,51.267212,12.0,180.0,0.2617993877991495,0.0,0.0
2024-11-18 15:40:36,27.0,26.4,21.2,18.7,673220,13.266666666666666,1.0,32.0,38.431,35.166666666666664,3.5376666666666665,0.0,72.66666666666667,0.0,953.4583333333334,14.5,651.0,3.0,24.0,13.0,12426.015999999998,-15.604333333333335,67565.3985,0.33216666666666667,20.67716666666667,0.08,1272.0,35.706215,51.26722,12.0,90.0,-0.2617993877991495,0.0,0.0
2024-11-18 15:40:42,24.5,24.5,20.8,18.7,677540,13.283333333333333,1.0,32.0,38.431,35.166666666666664,3.529166666666667,0.0,72.33333333333333,0.0,946.125,14.5,650.5,3.0,24.0,13.0,12426.015999999998,-15.646,69571.22916666667,0.33216666666666667,20.708666666666666,0.08,1272.0,35.706215,51.2672235,12.0,90.0,0.0,0.0,0.0
2024-11-18 15:40:48,22.6,22.6,20.3,19.1,691030,13.283333333333333,1.0,32.0,38.431,35.166666666666664,3.5385000000000004,0.0,73.0,0.0,950.375,14.5,651.0,3.0,24.0,13.0,12426.015999999998,-15.489666666666666,71575.74733333333,0.3348333333333333,20.656166666666667,0.08,1272.0,35.706215,51.267227,12.0,90.0,0.0,0.0,0.0
2024-11-18 15:40:54,24.7,24.7,20.6,18.7,669900,13.283333333333333,1.0,32.0,38.431,35.0,3.518166666666666,0.0,72.83333333333333,0.0,953.0416666666666,14.5,651.0,3.0,24.0,13.0,12426.015999999998,-15.625,73581.6955,0.33349999999999996,20.68766666666667,0.08,1272.0,35.706215,51.267235,12.0,90.0,0.0,0.0,0.0
2024-11-18 15:41:00,22.6,22.6,21.0,19.3,710910,13.266666666666666,1.0,32.0,38.431,35.0,3.478,0.0,73.0,0.0,950.5416666666666,14.5,651.0,3.0,24.0,13.0,12426.015999999998,-15.677333333333335,75586.90633333333,0.332,20.698166666666665,0.08,1272.0,35.706215,51.26724049999999,12.0,90.0,0.0,0.0,0.0
2024-11-18 15:41:06,24.2,24.2,22.2,20.5,752590,13.25,1.0,32.0,38.431,35.0,3.497833333333333,0.0,73.0,0.0,949.2083333333334,14.5,651.0,3.0,24.0,13.0,12426.015999999998,-15.7085,77582.24216666666,0.335,20.687833333333334,0.08,1272.0,35.706215,51.267246,12.0,90.0,0.0,0.0,0.0
2024-11-18 15:41:12,24.8,24.8,22.2,20.8,767770,13.283333333333333,1.0,32.0,38.431,35.0,3.5076666666666667,0.0,73.0,0.0,950.75,14.5,651.0,3.0,24.0,13.0,12426.015999999998,-15.708166666666665,79582.45333333332,0.33183333333333337,20.698166666666665,0.08,1272.0,35.706217,51.26725,12.0,74.19,-0.09197885158010118,0.0,0.0
2024-11-18 15:41:18,26.0,26.0,23.4,21.5,785930,13.25,1.0,32.0,38.431,35.0,3.561666666666667,0.0,73.0,0.0,958.5833333333334,14.5,651.0,3.0,24.0,13.0,12426.015999999998,-15.8125,81585.2865,0.33316666666666667,20.656499999999998,0.08,1272.0,35.706219,51.267254,12.0,58.38,0.0,0.0,0.0
2024-11-18 15:41:24,27.4,27.4,23.9,22.3,813710,13.233333333333334,1.0,32.0,38.431,35.333333333333336,3.533,0.0,73.0,0.0,945.5833333333334,14.5,649.5,3.0,24.0,13.0,12426.015999999998,-15.437666666666667,83595.23700000001,0.334,20.68766666666667,0.08,1272.0,35.706219,51.267254,12.0,58.38,0.0,0.0,0.0
2024-11-18 15:41:30,22.4,22.4,20.5,18.8,690980,13.283333333333333,1.0,32.0,38.431,35.5,3.6021666666666667,0.0,73.0,0.0,950.5416666666666,14.5,648.0,3.0,24.0,13.0,12426.015999999998,-15.396,85619.23933333333,0.3376666666666666,20.656499999999998,0.08,1272.0,35.706219,51.267254,12.0,58.38,0.0,0.0,0.0
2024-11-18 15:41:36,21.7,21.7,18.9,17.7,653850,13.283333333333333,1.0,32.0,38.431,36.0,3.6229999999999998,0.0,73.0,0.0,948.0833333333334,14.5,645.0,3.0,24.0,13.0,12426.015999999998,-15.177333333333335,87651.64850000001,0.34299999999999997,20.6145,0.08,1272.0,35.706223,51.267261999999995,12.0,58.38,0.0,0.0,0.0
2024-11-18 15:41:42,19.5,19.5,18.1,17.4,634100,13.300000000000002,1.0,32.0,38.431,35.833333333333336,3.5893333333333337,0.0,73.0,0.0,954.125,14.5,642.5,3.0,24.0,13.0,12426.015999999998,-15.218833333333334,89696.72633333334,0.34,20.6355,0.08,1272.0,35.706223,51.267261999999995,12.0,58.38,0.0,0.0,0.0
2024-11-18 15:41:48,22.2,22.2,18.8,17.7,637320,13.283333333333333,1.0,32.0,38.437666666666665,35.666666666666664,3.6223333333333336,0.0,73.0,0.0,956.875,14.5,642.0,3.0,24.0,13.0,12426.015999999998,-15.448,91745.7135,0.3426666666666667,20.6145,0.08,1272.0,35.706223,51.267254,12.0,270.0,-0.43161992401819765,0.0,0.0
2024-11-18 15:41:54,19.8,19.8,18.2,17.1,619180,13.283333333333333,1.0,32.0,38.458999999999996,35.5,3.5991666666666666,0.0,73.0,0.0,953.75,14.5,642.0,3.0,24.0,13.0,12426.015999999998,-15.333333333333334,93780.11216666666,0.33866666666666667,20.656333333333333,0.08,1272.0,35.706223,51.267254,12.0,270.0,0.0,0.0,0.0
2024-11-18 15:42:00,20.1,20.1,18.9,17.3,634300,13.300000000000002,1.0,32.0,38.446000000000005,35.666666666666664,3.5995000000000004,0.0,73.0,0.0,952.5833333333334,14.5,642.0,3.0,24.0,13.0,12426.015999999998,-15.520666666666665,95827.099,0.33666666666666667,20.646,0.08,1272.0,35.706219,51.267254,12.0,180.0,-0.2617993877991495,0.0,0.0
2024-11-18 15:42:06,20.9,20.9,18.8,17.2,628620,13.300000000000002,1.0,32.0,38.439,36.0,3.6031666666666666,0.0,73.0,0.0,950.0416666666666,14.5,639.0,3.0,24.0,13.0,12426.015999999998,-15.396166666666668,97865.01299999999,0.34400000000000003,20.604,0.08,1272.0,35.7062245,51.267246,12.0,150.81,0.5235987755982988,0.0,0.0
2024-11-18 15:42:12,19.6,19.6,17.5,16.8,610740,13.300000000000002,1.0,32.0,38.43566666666667,35.833333333333336,3.6555,0.0,73.0,0.0,953.8333333333334,14.5,639.0,3.0,24.0,13.0,12426.015999999998,-15.489666666666666,99909.375,0.33949999999999997,20.6355,0.08,1272.0,35.706228,51.267246,12.0,0.0,0.0,0.0,0.0
2024-11-18 15:42:18,21.5,21.5,20.3,18.0,643450,13.266666666666666,1.0,32.0,38.4335,35.5,3.5965000000000003,0.0,73.0,0.0,958.5416666666666,14.5,640.5,3.0,24.0,13.0,12426.015999999998,-15.593833333333334,101954.65366666667,0.3393333333333333,20.656333333333333,0.08,1272.0,35.70623,51.26724049999999,12.0,135.0,-0.2617993877991495,0.0,0.0
2024-11-18 15:42:24,19.7,19.7,18.2,17.4,632840,13.283333333333333,1.0,32.0,38.4325,35.5,3.5828333333333333,0.0,73.0,0.0,952.8333333333334,14.5,642.0,3.0,24.0,13.0,12426.015999999998,-15.729333333333335,103985.75266666668,0.338,20.656333333333333,0.08,1272.0,35.70623,51.267235,12.0,270.0,0.0,0.0,0.0
2024-11-18 15:42:30,21.1,21.1,18.6,17.1,619380,13.283333333333333,1.0,32.0,38.432,35.5,3.5741666666666667,0.0,73.0,0.0,953.7916666666666,14.5,642.5,3.0,24.0,13.0,12426.015999999998,-15.729166666666666,106011.00516666665,0.33949999999999997,20.6355,0.08,1272.0,35.70623,51.267231,12.0,270.0,0.0,0.0,0.0
2024-11-18 15:42:36,18.2,18.2,17.5,16.8,616210,13.316666666666668,1.0,32.0,38.432,35.166666666666664,3.56,0.0,73.0,0.0,953.4166666666666,14.5,645.0,3.0,24.0,13.0,12426.015999999998,-15.822833333333334,108042.1275,0.3363333333333334,20.666999999999998,0.08,1272.0,35.70623,51.267227,12.0,270.0,0.0,0.0,0.0
2024-11-18 15:42:42,21.5,21.5,19.2,17.8,642540,13.283333333333333,1.0,32.0,38.432,35.166666666666664,3.5401666666666665,0.0,73.0,0.0,959.0,14.5,645.5,3.0,24.0,13.0,12426.015999999998,-16.01033333333333,110060.43766666665,0.337,20.646,0.08,1272.0,35.70623,51.2672235,12.0,270.0,0.0,0.0,0.0
2024-11-18 15:42:48,23.4,23.3,19.9,17.8,646260,13.300000000000002,1.0,32.0,38.431,35.166666666666664,3.5589999999999997,0.0,73.0,0.0,949.9583333333334,14.5,646.0,3.0,24.0,13.0,12426.015999999998,-15.770833333333334,112070.91683333334,0.3353333333333333,20.68766666666667,0.08,1272.0,35.70623,51.26722,12.0,270.0,0.0,0.0,0.0
2024-11-18 15:42:54,23.3,23.2,19.4,17.4,632990,13.316666666666668,1.0,32.0,38.431,35.0,3.5869999999999997,0.0,73.0,0.0,954.2083333333334,14.5,648.0,3.0,24.0,13.0,12426.015999999998,-15.833166666666665,114103.10666666667,0.3365,20.708666666666666,0.08,1272.0,35.70623,51.26722,12.0,270.0,0.0,0.0,0.0
2024-11-18 15:43:00,21.2,21.2,19.3,17.9,647970,13.299999999999999,1.0,32.0,38.431,35.166666666666664,3.5461666666666667,0.0,73.0,0.0,947.6666666666666,14.5,647.5,3.0,24.0,13.0,12426.015999999998,-15.8645,116114.46633333333,0.3348333333333333,20.656333333333333,0.08,1272.0,35.70623,51.267212,12.0,270.0,0.0,0.0,0.0
2024-11-18 15:43:06,25.3,24.7,18.8,17.7,636610,13.350000000000001,1.0,32.0,38.431,35.166666666666664,3.5765,0.0,73.0,0.0,955.2916666666666,14.5,648.0,3.0,24.0,13.0,12426.015999999998,-15.8335,118134.08583333333,0.339,20.646,0.08,1272.0,35.706234,51.267216,12.0,45.0,0.523598775598299,0.0,0.0
2024-11-18 15:43:12,20.7,20.7,19.6,17.7,653250,13.316666666666668,1.0,32.0,38.431,35.0,3.542666666666667,0.0,73.0,0.0,955.2083333333334,14.5,648.0,3.0,24.0,13.0,12426.015999999998,-16.020666666666667,120163.55983333332,0.336,20.656333333333333,0.08,1272.0,35.706236,51.26722,12.0,45.0,-0.2617993877991495,0.0,0.0
2024-11-18 15:43:18,21.5,21.5,19.0,17.9,653150,13.333333333333334,1.0,32.0,38.431,35.0,3.5433333333333334,0.0,73.0,0.0,955.4166666666666,14.5,648.0,3.0,24.0,13.0,12426.015999999998,-16.75016666666667,122175.75533333333,0.3345,20.646,0.08,1272.0,35.70624,51.26722,12.0,0.0,0.0,0.0,0.0
2024-11-18 15:43:24,20.2,20.2,19.0,18.2,664460,13.316666666666668,1.0,32.0,38.431,35.166666666666664,3.5115,0.0,73.0,0.0,948.3333333333334,14.5,648.0,3.0,24.0,13.0,12426.015999999998,-16.12516666666667,124186.41933333334,0.33416666666666667,20.708666666666666,0.08,1296.5,35.706242,51.26722,12.0,0.0,0.0,0.0,0.0
2024-11-18 15:43:30,26.3,25.7,19.8,18.5,667830,13.333333333333334,1.0,32.0,38.431,35.166666666666664,3.5341666666666662,0.0,73.0,0.0,950.9166666666666,14.5,648.0,3.0,24.0,13.0,12426.015999999998,-15.9895,126192.92216666666,0.3358333333333334,20.666833333333333,0.08,1321.0,35.70624350000001,51.267227,12.0,45.0,0.0,0.0,0.0
2024-11-18 15:43:36,24.8,24.8,21.2,19.1,687450,13.333333333333334,1.0,32.0,38.431,35.166666666666664,3.564833333333333,0.0,73.0,0.0,947.2083333333334,14.5,648.0,3.0,24.0,13.0,12426.015999999998,-15.958166666666665,128204.69533333334,0.3376666666666667,20.677333333333333,0.08,1320.0,35.706245,51.267231,12.0,45.0,0.2617993877991495,0.0,0.0
2024-11-18 15:43:42,20.4,20.4,18.9,17.7,641290,13.300000000000002,1.0,32.0,38.431,35.0,3.5391666666666666,0.0,73.0,0.0,953.2916666666666,14.5,648.0,3.0,24.0,13.0,12426.015999999998,-15.343666666666666,130226.09116666667,0.3373333333333333,20.63533333333333,0.08,1319.5,35.706245,51.267235,12.0,90.0,0.0,0.0,0.0
2024-11-18 15:43:48,22.1,22.1,19.7,17.9,640730,13.283333333333333,1.0,32.0,38.431,35.166666666666664,3.576833333333333,0.0,73.0,0.0,957.5416666666666,14.5,650.0,3.0,24.0,13.0,12426.015999999998,-16.8645,132246.38016666667,0.3353333333333333,20.6355,0.08,1318.0,35.70624350000001,51.267246,12.0,135.0,0.2617993877991495,0.0,0.0
2024-11-18 15:43:54,20.4,20.4,18.7,17.8,649930,13.283333333333333,1.0,32.0,38.431,35.333333333333336,3.5336666666666665,0.0,73.0,0.0,945.8333333333334,14.5,649.0,3.0,24.0,13.0,12426.015999999998,-15.2605,134257.41933333332,0.33349999999999996,20.67716666666667,0.08,1317.0,35.70624,51.267246,12.0,180.0,0.0,0.0,0.0
2024-11-18 15:44:00,22.5,22.5,19.4,18.0,656220,13.300000000000002,1.0,32.0,38.431,35.0,3.5526666666666666,0.0,73.0,0.0,963.2083333333334,14.5,649.5,3.0,24.0,13.0,12426.015999999998,-16.729166666666668,136285.27066666668,0.3336666666666667,20.604,0.08,1317.0,35.706232,51.267235,12.0,212.93999999999997,0.0,0.0,0.0
2024-11-18 15:44:06,20.7,20.7,18.9,18.2,654810,13.316666666666668,1.0,32.0,38.431,35.5,3.5403333333333333,0.0,73.0,0.0,947.5833333333334,14.5,648.5,3.0,24.0,13.0,12426.015999999998,-15.916833333333335,138291.03650000002,0.336,20.666833333333333,0.08,1317.0,35.7062245,51.2672235,12.0,240.28,0.1808742881483456,0.0,0.0
2024-11-18 15:44:12,22.5,21.9,18.5,17.7,646410,13.316666666666668,1.0,32.0,38.431,35.0,3.529833333333333,0.0,73.0,0.0,952.7083333333334,14.5,648.0,3.0,24.0,13.0,12426.015999999998,-16.010333333333335,140311.71866666668,0.33916666666666667,20.68766666666667,0.08,1317.0,35.706221,51.26722,12.0,211.09,-0.1808742881483457,0.0,0.0
2024-11-18 15:44:18,22.1,22.1,19.2,18.0,650030,13.283333333333333,1.0,32.0,38.431,35.5,3.5418333333333334,0.0,73.0,0.0,949.5833333333334,14.5,648.5,3.0,24.0,13.0,12426.015999999998,-16.020666666666667,142332.12783333333,0.336,20.666666666666668,0.08,1317.0,35.706219,51.26722,12.0,180.0,0.0,0.0,0.0
2024-11-18 15:44:24,23.1,22.9,19.3,17.7,642040,13.283333333333333,1.0,32.0,38.431,35.166666666666664,3.5525,0.0,73.0,0.0,950.9166666666666,14.5,648.0,3.0,24.0,13.0,12426.015999999998,-15.906166666666666,144348.3905,0.33466666666666667,20.708666666666666,0.08,1317.0,35.706219,51.26722,12.0,180.0,0.0,0.0,0.0
2024-11-18 15:44:30,19.7,19.7,18.6,17.4,634500,13.283333333333333,1.0,32.0,38.431,35.333333333333336,3.5705000000000005,0.0,73.0,0.0,954.5833333333334,14.5,648.0,3.0,24.0,13.0,12426.015999999998,-16.645666666666667,146373.41933333335,0.3373333333333333,20.63533333333333,0.08,1317.0,35.706219,51.26722,12.0,180.0,0.0,0.0,0.0
2024-11-18 15:44:36,19.9,19.9,18.7,17.5,638970,13.25,1.0,32.0,38.431,35.5,3.5406666666666666,0.0,73.0,0.0,948.625,14.5,648.0,3.0,24.0,13.0,12426.015999999998,-15.771,148404.96333333335,0.3373333333333333,20.6355,0.08,1317.0,35.706219,51.26722,12.0,180.0,0.0,0.0,0.0
2024-11-18 15:44:42,137.0,137.0,133.4,121.8,3719240,13.283333333333333,1.0,32.0,38.431,35.333333333333336,3.567833333333333,0.0,73.0,0.0,955.5,14.5,648.0,3.0,24.0,13.0,12426.015999999998,-16.594,150427.61466666666,0.338,20.6355,0.08,1317.0,35.706219,51.26722,12.0,180.0,0.0,0.0,0.0
2024-11-18 15:44:48,24.8,24.8,21.0,18.9,686150,13.283333333333333,1.0,32.0,38.431,35.333333333333336,3.5551666666666666,0.0,73.0,0.0,950.1666666666666,14.5,648.0,3.0,24.0,13.0,12426.015999999998,-15.125,152451.20833333334,0.3345,20.687833333333334,0.08,1317.0,35.706217,51.26722,12.0,180.0,0.0,0.0,0.0
2024-11-18 15:44:54,22.8,22.8,19.0,17.8,646660,13.266666666666666,1.0,32.0,38.431,35.333333333333336,3.5888333333333335,0.0,73.0,0.0,949.6666666666666,14.5,646.0,3.0,24.0,13.0,12426.015999999998,-15.822833333333334,154481.14866666668,0.3408333333333333,20.656499999999998,0.08,1317.0,35.706211,51.26722,12.0,180.0,0.0,0.0,0.0
2024-11-18 15:45:00,20.5,20.5,18.8,18.0,652850,13.300000000000002,1.0,32.666666666666664,38.46216666666667,36.333333333333336,3.8333333333333335,0.0,73.0,0.0,959.4166666666666,14.5,645.0,3.0,24.0,13.0,12426.015999999998,-16.18733333333333,156534.84900000002,0.35000000000000003,20.541999999999998,0.08,1317.0,35.706203,51.26722,12.0,180.0,0.0,0.0,0.0
2024-11-18 15:45:06,23.3,23.3,19.4,18.0,658880,13.200000000000001,1.0,33.0,37.90133333333333,37.833333333333336,7.241,5.240833333333334,73.0,1.1666666666666667,1518.625,14.5,644.0,3.0,16.0,9.0,12426.015999999998,-5.125,159179.96349999998,0.6026666666666667,19.416833333333333,0.08,1317.0,35.706196,51.26722,12.0,180.0,0.0,0.19444444444444445,0.0
2024-11-18 15:45:12,22.7,22.7,20.0,18.1,655260,13.266666666666666,1.0,33.0,35.267,37.0,7.897333333333333,9.750166666666667,72.33333333333333,10.833333333333334,1707.0833333333333,14.5,645.0,3.0,8.0,1.0,12426.025333333333,4.427333333333333,162911.58083333334,0.7118333333333333,19.5415,0.08,1317.0,35.706112,51.2672195,12.0,179.87,0.023998277214922027,1.6111111111111114,0.0
2024-11-18 15:45:18,19.4,19.4,17.6,17.4,634600,13.283333333333333,49.0,33.0,34.09283333333334,28.833333333333332,9.629166666666666,3.3609999999999993,72.0,17.666666666666668,2920.4166666666665,14.5,655.0,3.0,18.666666666666668,1.0,12426.0515,-17.93733333333333,167938.26033333334,0.8398333333333333,20.80216666666667,0.08,1317.0,35.7058635,51.267162500000005,12.0,190.745,0.004664082319906552,1.138888888888889,0.0
2024-11-18 15:45:24,20.3,20.3,18.4,17.8,646560,13.25,97.0,32.833333333333336,37.751666666666665,33.5,3.359166666666667,0.0,72.0,2.1666666666666665,1002.9583333333334,14.5,666.0,3.0,24.0,9.0,12426.068666666666,-15.906166666666666,171343.9505,0.33749999999999997,20.645666666666667,0.08,1294.0,35.705709500000005,51.26712799999999,12.0,216.93500000000003,0.1610357123173435,0.0,2.5833333333333335
2024-11-18 15:45:30,20.0,20.0,18.3,17.3,629730,13.216666666666667,97.0,32.0,37.451166666666666,35.333333333333336,3.4473333333333334,0.0,73.0,0.0,937.5,14.5,663.5,3.0,24.0,13.0,12426.07,-15.656333333333334,173412.80233333333,0.3425,20.73966666666667,0.08,1290.0,35.705708,51.267109000000005,12.0,270.0,0.07211118692823235,0.0,0.3611111111111111
2024-11-18 15:45:36,22.0,21.9,19.1,17.3,631890,13.216666666666667,97.0,32.0,37.374833333333335,35.333333333333336,3.5525,0.0,74.16666666666667,0.0,949.625,14.5,660.5,3.0,24.0,13.0,12426.07,-15.7605,175458.10683333335,0.33966666666666673,20.698333333333334,0.08,1286.5,35.705708,51.267101,12.0,270.0,0.0,0.0,0.0
2024-11-18 15:45:42,20.7,20.7,19.2,17.4,631690,13.216666666666667,97.0,32.0,37.595499999999994,35.166666666666664,3.5606666666666666,0.0,74.83333333333333,0.0,958.2083333333334,14.5,658.0,3.0,24.0,13.0,12426.07,-15.948,177508.65616666665,0.3373333333333333,20.6145,0.08,1284.5,35.705708,51.267097,12.0,270.0,0.0,0.0,0.0
2024-11-18 15:45:48,21.0,21.0,18.6,17.3,638220,13.216666666666667,97.0,32.0,37.653666666666666,35.333333333333336,3.5815,0.0,75.0,0.0,954.3333333333334,14.5,655.0,3.0,24.0,13.0,12426.07,-16.01033333333333,179527.77066666668,0.33666666666666667,20.63533333333333,0.08,1282.5,35.705708,51.267104999999994,12.0,90.0,-0.5235987755982988,0.0,0.0
2024-11-18 15:45:54,22.9,22.9,19.0,17.6,636710,13.199999999999998,97.0,32.0,37.862500000000004,35.0,3.5635,0.0,75.16666666666667,0.0,955.0,14.5,653.5,3.0,24.0,13.0,12426.07,-16.1355,181542.81499999997,0.3368333333333333,20.63533333333333,0.08,1282.0,35.705708,51.267101,12.0,180.0,-0.5235987755982988,0.0,0.0
2024-11-18 15:46:00,22.2,22.2,19.0,17.4,640580,13.199999999999998,97.0,32.0,37.81616666666667,35.0,3.543833333333333,0.0,74.33333333333333,0.0,954.25,14.5,651.5,3.0,24.0,13.0,12426.07,-16.18733333333333,183557.9895,0.33233333333333337,20.677,0.08,1281.5,35.705704,51.267097,12.0,180.0,-0.2617993877991495,0.0,0.0
2024-11-18 15:46:06,22.3,22.3,20.2,18.1,651140,13.199999999999998,97.0,32.0,37.764,35.0,3.561,0.0,72.5,0.0,952.625,14.5,651.0,3.0,24.0,13.0,12426.07,-16.198166666666665,185563.49733333333,0.33716666666666667,20.666833333333333,0.08,1281.0,35.705704,51.267101,12.0,135.0,-0.2617993877991495,0.0,0.0
2024-11-18 15:46:12,20.3,20.3,18.9,17.5,640130,13.183333333333332,97.0,32.0,37.70933333333333,35.0,3.56,0.0,71.66666666666667,0.0,955.5833333333334,14.5,651.0,3.0,24.0,13.0,12426.07,-16.177,187576.21349999998,0.333,20.666833333333333,0.08,1280.0,35.705704,51.267104999999994,12.0,90.0,0.0,0.0,0.0
2024-11-18 15:46:18,22.5,22.5,19.4,17.7,639780,13.199999999999998,97.0,32.0,37.727,35.0,3.563166666666667,0.0,71.5,0.0,950.5833333333334,14.5,650.5,3.0,24.0,13.0,12426.07,-16.229166666666668,189578.27616666668,0.3376666666666666,20.7085,0.08,1280.0,35.705701999999995,51.267097,12.0,225.0,-0.7853981633974483,0.0,0.0
2024-11-18 15:46:24,21.3,21.3,19.1,17.5,644600,13.1,97.0,32.0,37.58683333333333,35.0,3.5508333333333333,0.0,72.0,0.0,949.875,14.5,650.0,3.0,24.0,13.0,12426.07,-16.239333333333335,191588.92183333333,0.3358333333333334,20.67716666666667,0.08,1279.5,35.7057,51.26709350000001,12.0,225.0,0.2617993877991495,0.0,0.0
2024-11-18 15:46:30,21.1,21.1,19.1,17.7,638820,13.216666666666667,1.0,32.0,37.431333333333335,35.0,3.5075000000000003,0.0,73.0,0.0,952.1666666666666,14.5,651.0,3.0,24.0,13.0,12426.07,-16.260166666666667,193606.66933333335,0.33283333333333337,20.677,0.08,1279.0,35.7057,51.26709,12.0,270.0,0.0,0.0,0.0
2024-11-18 15:46:36,22.4,22.4,19.8,18.2,659490,13.266666666666666,1.0,32.0,37.34866666666667,35.0,3.515166666666667,0.0,73.16666666666667,0.0,953.5416666666666,14.5,650.5,3.0,24.0,13.0,12426.07,-16.218833333333333,195618.71600000001,0.33549999999999996,20.656499999999998,0.08,1278.0,35.7057,51.267097,12.0,90.0,-0.5235987755982988,0.0,0.0
2024-11-18 15:46:42,44.9,43.7,30.2,19.8,688360,13.300000000000002,1.0,32.0,37.304833333333335,35.166666666666664,3.5236666666666667,0.0,74.16666666666667,0.0,947.7083333333334,14.5,651.0,3.0,24.0,13.0,12426.07,-16.208666666666666,197614.9375,0.3336666666666667,20.68766666666667,0.08,1278.0,35.7057,51.267097,12.0,90.0,0.0,0.0,0.0
2024-11-18 15:46:48,172.4,166.3,65.0,23.8,744720,13.300000000000002,1.0,32.0,37.28133333333333,35.0,3.5356666666666663,0.0,75.0,0.0,953.4583333333334,14.5,651.0,3.0,24.0,13.0,12426.07,-16.2605,199615.94016666667,0.3316666666666667,20.6775,0.08,1277.5,35.7057,51.267097,12.0,90.0,0.0,0.0,0.0
2024-11-18 15:46:54,64.7,34.3,20.0,18.8,678250,13.283333333333333,1.0,32.0,37.269,35.0,3.5265,0.0,75.83333333333333,0.0,953.5833333333334,14.5,650.5,3.0,24.0,13.0,12426.07,-16.896,201615.98716666666,0.33383333333333337,20.666833333333333,0.08,1278.0,35.7057,51.267097,12.0,90.0,0.0,0.0,0.0
2024-11-18 15:47:00,21.7,21.7,19.5,18.1,665220,13.266666666666666,1.0,32.0,37.2625,35.0,3.5165,0.0,76.0,0.0,951.875,14.5,651.0,3.0,24.0,13.0,12426.07,-16.30216666666667,203623.0625,0.33233333333333337,20.688,0.08,1278.0,35.7057,51.267101,12.0,90.0,0.0,0.0,0.0
2024-11-18 15:47:06,21.4,21.4,19.1,18.5,673370,13.233333333333334,1.0,32.0,37.258833333333335,35.0,3.568,0.0,75.33333333333333,0.0,957.4583333333334,14.5,651.0,3.0,24.0,13.0,12426.07,-16.51033333333333,205627.78916666668,0.33266666666666667,20.67716666666667,0.08,1278.0,35.7057,51.267104999999994,12.0,90.0,0.0,0.0,0.0
2024-11-18 15:47:12,23.0,22.8,20.2,18.8,683280,13.266666666666666,1.0,32.0,37.25716666666667,35.0,3.500833333333334,0.0,73.33333333333333,0.0,949.0416666666666,14.5,651.0,3.0,24.0,13.0,12426.07,-16.5625,207627.23433333333,0.33316666666666667,20.698,0.08,1279.0,35.705698000000005,51.267104999999994,12.0,135.0,0.2617993877991495,0.0,0.0
2024-11-18 15:47:18,24.3,24.3,20.9,19.2,695310,13.233333333333334,1.0,32.0,37.256,34.833333333333336,3.544333333333333,0.0,72.0,0.0,957.4583333333334,14.5,652.5,3.0,24.0,13.0,12426.07,-16.729,209639.81766666667,0.33349999999999996,20.666833333333333,0.08,1279.5,35.705696,51.267104999999994,12.0,180.0,0.0,0.0,0.0
2024-11-18 15:47:24,23.6,23.6,20.8,19.1,699480,13.25,1.0,32.0,37.255500000000005,34.833333333333336,3.4923333333333333,0.0,71.83333333333333,0.0,948.2916666666666,14.5,651.0,3.0,24.0,13.0,12426.07,-16.51033333333333,211628.307,0.33233333333333337,20.7085,0.08,1280.5,35.705692,51.267101,12.0,225.0,0.2617993877991495,0.0,0.0
2024-11-18 15:47:30,24.2,24.2,20.9,19.0,685340,13.300000000000002,1.0,32.0,37.255,35.166666666666664,3.5065000000000004,0.0,71.83333333333333,0.0,944.0833333333334,14.5,651.0,3.0,24.0,13.0,12426.07,-16.2915,213623.29416666666,0.3333333333333333,20.68766666666667,0.08,1281.5,35.70569,51.267097,12.0,225.0,-0.2617993877991495,0.0,0.0
2024-11-18 15:47:36,23.1,23.1,19.7,18.0,663460,13.25,1.0,33.0,37.255,37.0,3.920833333333333,0.0,72.5,0.0,966.9583333333334,14.5,648.5,3.0,24.0,13.0,12426.07,-17.23966666666667,215714.992,0.3641666666666667,20.479333333333333,0.08,1282.0,35.705688,51.267097,12.0,180.0,0.0,0.0,0.0
2024-11-18 15:47:42,20.4,20.4,19.3,17.9,653450,13.266666666666666,33.0,33.0,37.583333333333336,35.5,4.547666666666667,0.0,73.33333333333333,0.6666666666666666,1248.3333333333333,14.5,648.5,3.0,21.333333333333332,13.0,12426.07,-18.68766666666667,218158.9295,0.41766666666666663,19.656333333333333,0.08,1282.5,35.705675,51.26709350000001,12.0,192.67499999999998,0.0737401608967604,0.1111111111111111,0.0
2024-11-18 15:47:48,21.4,21.4,19.4,17.9,644400,13.199999999999998,97.0,33.0,38.051833333333335,36.5,3.7739999999999996,0.0,74.0,0.0,962.2083333333334,14.5,652.5,3.0,24.0,13.0,12426.07,-17.406000000000002,220635.70833333334,0.3521666666666667,20.520500000000002,0.08,1282.5,35.7056675,51.26709350000001,12.0,121.08999999999999,-0.4164646483467136,0.0,0.1111111111111111
2024-11-18 15:47:54,27.8,26.0,19.9,18.0,656870,13.183333333333332,81.0,33.0,37.983666666666664,41.5,5.956666666666666,3.5335,75.0,0.0,962.25,14.5,649.5,3.0,21.333333333333332,13.0,12426.07,-6.489333333333334,222794.875,0.5803333333333333,19.729333333333333,0.08,1282.0,35.705669,51.267097,12.0,62.18,0.0,0.0,0.0
2024-11-18 15:48:00,21.6,21.6,18.4,17.4,640030,13.216666666666667,17.0,33.0,35.79,30.666666666666668,6.810833333333334,2.018333333333333,75.83333333333333,5.333333333333333,1926.2916666666667,14.5,654.0,3.0,21.333333333333332,3.0,12426.074,-15.843833333333334,226809.47400000002,0.6016666666666667,19.729166666666668,0.08,1282.0,35.7056275,51.267101,12.0,175.89499999999998,0.3188425655184974,0.8888888888888888,0.0
2024-11-18 15:48:06,21.5,21.5,19.2,18.3,658030,13.1,65.0,33.0,36.47816666666667,32.166666666666664,4.370833333333334,0.16833333333333333,75.5,7.666666666666667,1260.3333333333333,14.5,657.0,3.0,21.333333333333332,1.0,12426.087333333335,-15.573,229781.21083333335,0.419,19.833166666666667,0.08,1282.0,35.7055165,51.267086,12.0,190.69000000000003,0.06611888982971859,0.388888888888889,0.0
2024-11-18 15:48:12,21.8,21.8,19.6,18.1,656270,13.283333333333333,17.0,33.0,37.66233333333333,42.5,9.861166666666668,9.7535,74.0,2.8333333333333335,1675.4166666666667,14.5,657.5,3.0,16.0,1.0,12426.096,8.135333333333334,232717.15116666668,0.8783333333333333,19.041500000000003,0.08,1282.0,35.7054575,51.2670405,12.0,232.74,0.15091280265577636,0.0,0.8055555555555557
2024-11-18 15:48:18,21.5,21.5,19.5,17.8,653000,13.266666666666666,1.0,33.0,33.5805,41.0,9.756666666666666,12.580833333333333,72.16666666666667,8.5,1818.0833333333333,14.5,656.0,3.0,10.666666666666666,1.0,12426.1055,11.125166666666667,237038.54416666666,0.9226666666666666,18.7605,0.08,1282.0,35.70545,51.266943,12.0,268.63500000000005,0.09910561269241142,0.9444444444444443,0.0
2024-11-18 15:48:24,22.2,22.2,18.5,17.9,651290,13.233333333333334,17.0,33.0,31.260666666666665,40.333333333333336,11.389333333333333,11.657666666666666,72.0,21.5,2376.3333333333335,14.5,665.5,3.0,16.0,1.6666666666666667,12426.130333333334,11.041833333333335,243236.90366666668,1.133,19.010166666666667,0.08,1282.0,35.705507,51.266651,12.0,283.59,0.0017453292519942303,2.1666666666666665,0.0
2024-11-18 15:48:30,21.5,21.5,19.4,18.1,661850,13.300000000000002,1.0,33.0,31.412333333333333,45.333333333333336,12.816,16.22,72.66666666666667,29.5,2440.2916666666665,14.5,672.0,3.0,8.0,2.0,12426.1725,17.2085,249823.513,1.1513333333333333,18.87483333333333,0.08,1282.0,35.705595,51.26617050000001,12.0,283.06,0.004508767234318717,1.3333333333333333,0.0
2024-11-18 15:48:36,22.5,22.5,19.9,17.8,647820,13.25,17.0,33.0,34.5725,33.333333333333336,10.032,7.2435,73.83333333333333,32.833333333333336,2710.5,14.5,679.0,3.0,16.0,2.0,12426.226499999999,-6.521000000000001,256060.46066666665,0.9041666666666668,20.1145,0.08,1282.0,35.7057095,51.265573499999995,12.0,283.39500000000004,0.0014835298641951529,0.5555555555555559,0.0
2024-11-18 15:48:42,22.7,22.7,19.9,17.9,649580,13.266666666666666,33.0,32.833333333333336,35.21233333333333,31.333333333333332,9.5365,4.0665000000000004,75.33333333333333,34.0,2748.3333333333335,14.5,692.0,3.0,18.666666666666668,2.0,12426.282666666666,-21.770833333333332,262117.39316666665,0.717,20.32283333333333,0.08,1282.0,35.705839000000005,51.26494399999999,12.0,284.835,0.007388560500109388,0.19444444444444406,0.0
2024-11-18 15:48:48,21.1,21.1,19.4,18.0,649480,13.283333333333333,1.0,33.0,28.5125,31.833333333333332,7.7785,5.558666666666667,75.83333333333333,26.166666666666668,2154.9583333333335,14.5,698.5,3.0,13.333333333333334,2.0,12426.332,-5.708333333333333,266297.56766666664,0.6856666666666666,19.770833333333332,0.08,1282.0,35.7061005,51.264514999999996,12.0,319.735,0.13037609512397638,0.0,1.3055555555555554
2024-11-18 15:48:54,25.9,25.9,22.9,19.8,713830,13.283333333333333,49.0,33.0,25.156666666666666,34.166666666666664,7.0195,3.6148333333333333,73.83333333333333,21.333333333333332,1792.625,14.5,696.0,3.0,18.666666666666668,2.0,12426.372333333333,-10.177166666666666,270412.1615,0.6010000000000001,19.448,0.08,1282.0,35.706451,51.264447999999994,12.0,182.25,0.11923507673207932,0.0,0.8055555555555559
2024-11-18 15:49:00,25.4,25.4,20.8,18.8,683180,13.199999999999998,97.0,33.0,33.32833333333333,35.5,3.580666666666667,0.0,73.0,2.1666666666666665,939.2916666666666,14.5,693.5,3.0,24.0,9.0,12426.394333333335,-15.791833333333335,272991.6508333333,0.34783333333333327,20.645500000000002,0.08,1282.0,35.706621000000005,51.264492,12.0,6.27,-0.03339396635482481,0.0,3.194444444444444
2024-11-18 15:49:06,23.3,23.3,20.6,19.2,690070,13.216666666666667,97.0,33.0,34.91233333333333,36.833333333333336,3.7944999999999998,0.0,73.33333333333333,0.0,950.8333333333334,14.5,690.5,3.0,24.0,13.0,12426.394999999999,-16.593833333333333,275119.5991666667,0.35716666666666663,20.51033333333333,0.08,1282.0,35.706619,51.264492,12.0,180.0,-0.5235987755982988,0.0,0.3611111111111111
2024-11-18 15:49:12,29.9,29.9,23.9,19.0,680460,13.233333333333334,1.0,33.0,35.417833333333334,43.333333333333336,9.310833333333333,3.3355,74.0,0.6666666666666666,2088.0,14.5,689.5,3.0,13.333333333333334,13.0,12426.394999999999,-13.875,278829.1095,0.638,19.18766666666667,0.08,1282.0,35.706624999999995,51.264492,12.0,0.0,-0.5235987755982988,0.1111111111111111,0.0
2024-11-18 15:49:18,24.7,24.7,21.0,18.7,674320,13.199999999999998,1.0,33.0,30.623333333333335,50.833333333333336,17.555833333333336,20.702,74.83333333333333,16.5,3002.6666666666665,14.5,707.5,3.0,10.666666666666666,1.0,12426.404166666667,30.218666666666667,286744.67716666666,1.7525000000000002,18.968666666666667,0.08,1282.0,35.706725999999996,51.2645145,12.0,11.450000000000001,0.023794655468856053,2.638888888888889,0.0
2024-11-18 15:49:24,24.4,24.4,21.1,18.7,686050,13.266666666666666,1.0,33.0,29.483833333333333,54.0,19.237,21.212833333333332,74.83333333333333,33.5,3023.7916666666665,14.5,743.0,3.0,10.666666666666666,1.8333333333333333,12426.448666666665,34.0,297295.05733333336,2.0548333333333333,18.426833333333335,0.08,1282.0,35.70714400000001,51.2646045,12.0,10.24,0.0060213859193804994,2.8333333333333335,0.0
2024-11-18 15:49:30,28.1,28.0,22.2,19.5,702400,13.266666666666666,49.0,32.833333333333336,28.911,36.333333333333336,12.722500000000002,5.407166666666666,73.83333333333333,38.333333333333336,3209.125,14.5,774.5,3.0,18.666666666666668,2.0,12426.513,-14.573333333333332,308458.30733333336,1.0598333333333334,20.729,0.08,1282.0,35.7077295,51.264759,12.0,12.89,0.010210176124166885,0.8055555555555559,0.0
2024-11-18 15:49:36,58.7,58.7,34.9,21.3,732980,13.25,97.0,33.0,37.389,33.833333333333336,3.342,0.0,74.0,4.166666666666667,954.8333333333334,14.5,777.5,3.0,24.0,9.166666666666666,12426.548333333332,-15.375,311951.9115,0.33466666666666667,20.74983333333333,0.08,1282.0,35.708029,51.264851,12.0,7.224999999999999,-0.04002621751240327,0.0,5.6944444444444455
2024-11-18 15:49:42,50.3,50.3,26.4,21.0,745630,13.216666666666667,97.0,33.0,35.87833333333334,37.0,3.7315,0.0,74.83333333333333,0.0,941.0,14.5,774.5,3.0,24.0,13.0,12426.551,-16.864500000000003,314107.69783333334,0.36566666666666664,20.5415,0.08,1282.0,35.708031,51.264847,12.0,135.0,-0.2617993877991495,0.0,0.6944444444444445
2024-11-18 15:49:48,32.3,32.3,23.4,20.9,760250,13.216666666666667,65.0,33.0,34.6905,42.666666666666664,6.2843333333333335,6.089833333333334,75.83333333333333,0.0,983.0833333333334,14.5,771.0,3.0,21.333333333333332,13.0,12426.551,-4.104166666666667,316297.05199999997,0.578,19.573,0.08,1282.0,35.708027,51.26483149999999,12.0,254.18999999999997,0.0,0.0,0.0
2024-11-18 15:49:54,53.1,53.0,35.8,21.8,747800,13.200000000000001,1.0,32.833333333333336,30.290666666666667,52.0,14.090499999999999,20.413,75.16666666666667,10.666666666666666,2062.5,14.5,767.0,3.0,10.666666666666666,1.0,12426.556166666667,32.604166666666664,321011.1093333333,1.3481666666666667,17.583333333333332,0.08,1282.0,35.708093999999996,51.2648465,12.0,12.93,0.29664779519730294,1.7777777777777777,0.0
2024-11-18 15:50:00,86.1,84.4,52.0,24.8,827870,13.233333333333334,1.0,32.833333333333336,29.088166666666666,39.833333333333336,11.773333333333333,12.111666666666666,73.16666666666667,23.666666666666668,2528.9583333333335,14.5,773.5,3.0,13.333333333333334,1.6666666666666667,12426.587833333333,10.052,328549.4583333333,1.2013333333333334,19.531333333333333,0.08,1282.0,35.70839350000001,51.264928499999996,12.0,12.969999999999999,0.006428629411512471,2.166666666666667,0.0
2024-11-18 15:50:06,146.1,135.4,41.2,23.9,808810,13.200000000000001,1.0,32.5,27.236666666666668,78.66666666666667,38.568333333333335,30.215500000000002,73.16666666666667,39.166666666666664,2969.9166666666665,14.483333333333334,799.5,3.0,10.666666666666666,2.1666666666666665,12426.637333333332,72.99983333333334,340106.3593333333,3.125833333333333,17.13566666666667,0.08,1282.0,35.708849,51.265043,12.0,10.815,-0.010791952541498213,2.5833333333333326,0.0
2024-11-18 15:50:12,78.6,78.0,45.9,28.9,1001430,13.283333333333333,1.0,32.333333333333336,26.914,78.5,30.792,31.267833333333332,74.5,56.833333333333336,3223.4583333333335,14.5,833.0,3.0,8.0,3.0,12426.718833333332,74.61466666666666,356877.276,3.265166666666667,16.9895,0.08,1282.0,35.709602499999995,51.265212999999996,12.0,10.53,0.0020653062815265636,2.944444444444445,0.0
2024-11-18 15:50:18,44.0,44.0,23.3,20.0,718770,13.25,1.0,32.5,27.736833333333333,59.833333333333336,28.077333333333332,27.52033333333333,76.0,69.83333333333333,3573.875,14.5,862.5,3.0,10.666666666666666,3.3333333333333335,12426.824666666667,40.958333333333336,375558.43233333336,2.5545,18.87483333333333,0.08,1282.0,35.710581,51.265457,12.0,11.575000000000001,0.001687151610261139,2.1666666666666656,0.0
2024-11-18 15:50:24,34.2,34.2,23.7,19.4,698330,13.283333333333333,1.0,32.333333333333336,31.167166666666663,58.333333333333336,21.216833333333334,22.145,74.5,70.66666666666667,2951.0833333333335,14.5,862.5,3.0,8.0,4.0,12426.942166666668,41.2395,388282.4791666667,2.033333333333333,18.12483333333333,0.08,1282.0,35.711650999999996,51.265739499999995,12.0,12.265,0.0019198621771938354,0.13888888888889048,0.0
2024-11-18 15:50:30,24.2,24.2,22.1,19.9,724460,13.300000000000002,1.0,32.0,32.34366666666667,78.83333333333333,33.89383333333333,32.675666666666665,74.83333333333333,73.33333333333333,3057.2083333333335,14.5,862.5,3.0,8.0,4.0,12427.061166666666,78.96883333333334,404487.61466666666,3.223333333333333,16.531333333333333,0.08,1282.0,35.7127325,51.2660445,12.0,12.955,0.0006690428799311301,0.44444444444444287,0.0
2024-11-18 15:50:36,22.9,22.9,19.8,18.0,655260,13.300000000000002,1.0,32.0,33.576166666666666,60.166666666666664,20.903666666666666,22.4725,75.0,75.5,3139.0416666666665,14.5,863.0,3.0,8.0,4.0,12427.184166666666,43.052,421077.88550000003,2.1311666666666667,18.146,0.08,1282.0,35.713861,51.26632850000001,12.0,10.459999999999999,-0.012799081181291765,0.3611111111111119,0.0
2024-11-18 15:50:42,25.7,25.7,23.3,21.3,772310,13.283333333333333,1.0,32.833333333333336,37.78716666666667,32.166666666666664,10.6585,8.203833333333334,75.0,71.83333333333333,2995.75,14.183333333333332,857.0,3.0,10.666666666666666,4.0,12427.3065,-4.010666666666666,429847.38016666664,1.0705,20.468666666666667,0.08,1282.0,35.715002000000005,51.266382,12.0,179.34,-0.03231767998276163,0.0,0.6111111111111119
2024-11-18 15:50:48,25.5,25.5,22.4,19.7,710760,13.283333333333333,1.0,32.0,39.27216666666667,38.166666666666664,13.01,13.012166666666666,74.33333333333333,70.0,2922.5833333333335,14.5,850.5,3.0,10.666666666666666,4.0,12427.423999999999,3.375,436548.2656666667,1.1443333333333332,19.541666666666668,0.08,1282.0,35.716091,51.266313999999994,12.0,356.91,-0.002181661564992913,0.0,0.30555555555555475
2024-11-18 15:50:54,59.6,57.9,31.5,20.7,723560,13.283333333333333,54.333333333333336,32.666666666666664,40.52166666666667,30.0,8.460333333333333,1.1443333333333332,74.16666666666667,65.83333333333333,2738.4583333333335,14.5,845.5,3.0,18.666666666666668,4.0,12427.537000000002,-19.895666666666667,441961.6718333333,0.7446666666666667,20.531333333333333,0.08,1282.0,35.717148,51.266243,12.0,357.09,0.0024143721319256086,0.0,0.6944444444444452
2024-11-18 15:51:00,165.2,163.8,81.9,27.4,843240,13.216666666666667,97.0,33.0,42.286833333333334,29.0,7.134166666666666,0.0,74.0,58.0,2429.3333333333335,14.033333333333333,840.5,3.0,24.0,4.0,12427.64,-27.864666666666665,446166.44783333334,0.6828333333333333,20.23966666666667,0.08,1282.0,35.718109,51.266138500000004,12.0,353.925,-0.011402817779696331,0.0,1.3055555555555547
2024-11-18 15:51:06,33.6,33.5,24.5,23.3,820790,13.25,33.0,32.833333333333336,44.026666666666664,41.166666666666664,11.612499999999999,9.422833333333331,74.0,47.333333333333336,2002.2083333333333,14.5,836.0,3.0,18.666666666666668,4.0,12427.727166666666,-0.125,449715.1508333334,0.8938333333333333,18.729,0.08,1282.0,35.7189045,51.265995000000004,12.0,350.78,-0.00922115621470342,0.0,1.7777777777777775
2024-11-18 15:51:12,38.9,38.9,36.6,34.3,1183390,13.25,1.0,32.0,39.19533333333333,108.5,38.056000000000004,37.02033333333333,74.0,59.166666666666664,2475.375,13.85,839.5,3.0,8.0,4.0,12427.811666666666,112.7915,464579.23949999997,4.062666666666666,16.75,0.08,1282.0,35.719681,51.265793,12.0,347.185,-0.01197782327269017,1.9722222222222214,0.0
2024-11-18 15:51:18,29.0,29.0,26.5,24.6,869210,13.233333333333334,65.0,32.833333333333336,40.947,34.333333333333336,8.909166666666666,3.24,74.0,63.0,2493.1666666666665,14.5,843.5,3.0,21.333333333333332,4.166666666666667,12427.92,-15.4165,479106.53116666665,0.6646666666666666,20.104333333333333,0.08,1282.0,35.720663,51.265482,12.0,345.42,-0.0019780398189269267,0.6388888888888893,0.0
2024-11-18 15:51:24,29.3,29.3,25.3,22.7,793560,13.283333333333333,49.0,33.0,45.16883333333333,39.666666666666664,7.138000000000001,8.152166666666666,74.33333333333333,29.0,1300.5416666666667,14.5,839.5,3.0,16.0,3.5,12427.994833333332,5.478999999999999,482069.9791666667,0.7058333333333334,19.666833333333333,0.08,1282.0,35.7213365,51.265308,12.0,173.395,0.042644211390394864,0.0,5.666666666666667
2024-11-18 15:51:30,34.6,34.6,25.9,20.7,743960,13.300000000000002,1.0,33.0,31.748500000000003,54.5,16.670833333333334,20.534333333333333,74.5,27.666666666666668,2286.875,14.5,833.5,3.0,8.0,2.0,12428.039166666667,38.15633333333333,489280.078,1.5085,17.833166666666667,0.08,1282.0,35.721669999999996,51.2655275,12.0,38.915,0.13212142437597071,0.0,0.22222222222222202
2024-11-18 15:51:36,97.9,96.1,62.6,25.1,769990,13.266666666666666,33.0,33.0,35.65016666666667,32.333333333333336,7.299166666666667,3.8183333333333334,74.0,23.5,1955.3333333333333,14.5,827.5,3.0,16.0,2.0,12428.083333333334,-10.302,495277.18233333336,0.6745,19.56266666666667,0.08,1282.0,35.722021500000004,51.2657715,12.0,18.215,-0.11839150092694872,0.0,0.6944444444444446
2024-11-18 15:51:42,184.5,174.2,80.5,31.2,859390,13.300000000000002,1.0,33.0,37.36833333333333,42.0,8.972833333333334,9.855666666666666,74.0,21.5,1771.5,14.5,819.0,3.0,13.333333333333334,2.0,12428.119666666666,7.853999999999999,499613.67166666663,0.8079999999999999,18.458333333333332,0.08,1282.0,35.722353,51.265739499999995,12.0,351.785,-0.039095375244673304,0.0,0.3333333333333333
2024-11-18 15:51:48,271.0,256.2,80.0,29.7,822260,13.350000000000001,1.0,32.5,35.99166666666667,40.0,9.354833333333334,10.328666666666665,74.0,23.5,1958.375,14.5,811.5,3.0,13.333333333333334,2.0,12428.156833333333,7.104166666666667,503845.78116666665,0.8316666666666667,18.9165,0.08,1282.0,35.7226945,51.2656575,12.0,347.99,-0.011897327734427941,0.3333333333333333,0.0
2024-11-18 15:51:54,507.0,423.4,58.0,28.3,813870,13.283333333333333,65.0,32.5,36.9,33.166666666666664,6.503,2.2033333333333336,74.0,29.0,1807.2916666666667,14.5,805.5,3.0,21.333333333333332,2.8333333333333335,12428.203166666666,-13.979,508669.71866666665,0.6065,19.843666666666667,0.08,1282.0,35.723076,51.265442,12.0,329.685,-0.07260569688296405,0.9166666666666666,0.0
2024-11-18 15:52:00,119.3,117.0,47.8,26.0,802950,13.233333333333334,97.0,32.5,41.3025,34.333333333333336,3.2151666666666667,0.0,74.0,20.166666666666668,937.0833333333334,14.5,802.5,3.0,24.0,3.3333333333333335,12428.245333333332,-15.333333333333334,510992.71866666665,0.32316666666666666,20.7605,0.08,1282.0,35.7232895,51.265028,12.0,293.285,-0.09567313183015597,0.0,1.472222222222222
2024-11-18 15:52:06,110.3,101.0,43.5,25.2,785080,13.283333333333333,97.0,33.0,44.663666666666664,35.833333333333336,3.608333333333333,0.0,74.83333333333333,1.0,931.625,14.5,799.5,3.0,24.0,11.0,12428.262,-15.927,512966.63550000003,0.3448333333333333,20.614333333333335,0.08,1282.0,35.7233295,51.264858,12.0,140.435,0.20554160824319898,0.0,3.1944444444444446
2024-11-18 15:52:12,75.1,74.5,46.1,25.8,788610,13.300000000000002,97.0,33.0,42.42466666666667,36.166666666666664,3.715666666666667,0.0,75.0,0.0,947.0416666666666,14.5,796.5,3.0,24.0,13.0,12428.262,-16.416666666666668,515041.7135,0.347,20.520833333333332,0.08,1282.0,35.723331,51.264858,12.0,0.0,0.0,0.0,0.16666666666666666
2024-11-18 15:52:18,66.5,65.6,34.1,23.2,758790,13.283333333333333,97.0,33.0,41.318333333333335,36.5,3.734,0.0,75.0,0.0,949.625,14.5,793.5,3.0,24.0,13.0,12428.262,-16.25,517125.46883333335,0.3425,20.520666666666667,0.08,1282.0,35.723335,51.264858,12.0,0.0,0.0,0.0,0.0
2024-11-18 15:52:24,49.8,48.0,30.6,22.3,748750,13.283333333333333,97.0,33.0,40.836,36.333333333333336,3.749833333333333,0.0,74.16666666666667,0.0,949.0,14.5,790.5,3.0,24.0,13.0,12428.262,-16.020666666666667,519196.0208333333,0.3448333333333333,20.5,0.08,1282.0,35.723339,51.26487,12.0,67.68,0.19687313962496034,0.0,0.0
2024-11-18 15:52:30,48.1,48.1,30.3,22.5,781090,13.283333333333333,97.0,33.0,40.5325,36.333333333333336,3.7961666666666667,0.0,73.66666666666667,0.0,960.3333333333334,14.5,787.5,3.0,24.0,13.0,12428.262,-16.531333333333333,521278.82283333334,0.34850000000000003,20.48966666666667,0.08,1282.0,35.723341,51.26487,12.0,33.84,-0.19687313962496034,0.0,0.0
2024-11-18 15:52:36,39.3,37.4,23.7,20.1,711370,13.299999999999999,49.0,33.0,40.254,39.0,3.6406666666666667,0.16933333333333334,73.0,0.16666666666666666,949.625,14.5,784.5,3.0,21.333333333333332,9.0,12428.262,-14.2395,523412.71883333335,0.3526666666666667,20.333000000000002,0.08,1282.0,35.723343,51.264863999999996,12.0,135.0,-0.2617993877991495,0.027777777777777776,0.0
2024-11-18 15:52:42,31.6,31.6,24.9,20.1,714440,13.183333333333332,1.0,33.0,39.905,38.666666666666664,4.0165,3.607666666666667,73.16666666666667,2.5,920.6666666666666,14.5,780.0,3.0,21.333333333333332,1.0,12428.264666666668,-7.3645,525612.552,0.36800000000000005,20.23966666666667,0.08,1282.0,35.723349,51.26483149999999,12.0,285.135,0.03516838442768566,0.3888888888888889,0.0
2024-11-18 15:52:48,75.3,75.3,50.3,26.5,843190,13.466666666666667,1.0,33.0,36.69866666666667,38.0,8.2395,7.5169999999999995,73.16666666666667,12.666666666666666,2195.5,14.5,775.5,3.0,13.333333333333334,1.0,12428.276,0.781166666666666,529431.2291666666,0.7085,19.468833333333333,0.08,1282.0,35.723366000000006,51.2646905,12.0,278.07,-0.022456569708993623,1.6944444444444444,0.0
2024-11-18 15:52:54,41.0,41.0,24.8,20.1,716550,13.316666666666668,1.0,33.0,31.4755,37.666666666666664,8.132,8.8445,73.0,18.0,1532.1666666666667,14.5,771.0,3.0,10.666666666666666,2.0,12428.303333333335,9.885333333333334,533184.8748333333,0.7835000000000001,18.6875,0.08,1282.0,35.7234195,51.264393000000005,12.0,289.03000000000003,0.07929612568227568,0.888888888888889,0.0
2024-11-18 15:53:00,51.9,45.2,26.2,19.6,703010,13.300000000000002,1.0,32.5,25.41033333333333,76.5,33.904833333333336,24.123166666666666,73.0,35.833333333333336,2953.3333333333335,14.133333333333333,791.0,3.0,10.666666666666666,2.0,12428.344333333333,44.1875,544555.5938333333,2.388,18.43733333333333,0.08,1282.0,35.7237165,51.2641085,12.0,326.43,0.08369107089380416,2.9722222222222228,0.0
2024-11-18 15:53:06,47.1,46.4,28.4,19.5,697970,13.366666666666667,1.0,32.833333333333336,28.884666666666664,41.5,12.033499999999998,14.709000000000001,73.66666666666667,43.666666666666664,2495.2083333333335,14.5,802.5,3.0,8.0,3.0,12428.416,13.489333333333335,554497.8436666667,1.205,19.156166666666667,0.08,1282.0,35.724298499999996,51.26372899999999,12.0,332.45,0.004421500771718915,1.3055555555555547,0.0
2024-11-18 15:53:12,76.9,76.9,42.0,21.6,725620,13.383333333333333,1.0,32.0,32.01266666666667,50.0,16.25583333333333,17.680833333333332,74.0,47.0,2679.0,14.5,800.5,3.0,8.0,3.0,12428.490833333335,25.864500000000003,562778.427,1.4863333333333333,18.520666666666667,0.08,1282.0,35.724924,51.26334549999999,12.0,334.175,0.007592182246175372,0.5555555555555559,0.0
2024-11-18 15:53:18,151.7,150.7,62.2,24.1,752590,13.300000000000002,17.0,32.166666666666664,33.45516666666666,57.0,20.204666666666665,19.344166666666666,74.16666666666667,54.166666666666664,3050.4583333333335,14.5,809.0,3.0,13.333333333333334,3.0,12428.574833333332,28.927166666666665,574431.073,1.9364999999999999,18.44783333333333,0.08,1282.0,35.725629500000004,51.26292800000001,12.0,334.125,-0.002821615624057413,1.194444444444444,0.0
2024-11-18 15:53:24,115.1,113.7,34.0,21.0,712880,13.299999999999999,1.0,32.333333333333336,32.62,114.16666666666667,55.163999999999994,48.609,74.0,60.166666666666664,3442.9583333333335,12.549999999999999,834.0,3.0,10.666666666666666,3.0,12428.666666666666,108.80183333333333,595154.1353333333,7.506333333333333,23.1665,0.08,1282.0,35.726398499999995,51.262479500000005,12.0,335.185,0.006283185307179495,1.0,0.0
2024-11-18 15:53:30,114.3,107.3,44.8,21.7,737110,13.316666666666668,1.0,32.666666666666664,30.405666666666665,38.166666666666664,13.265833333333333,10.8865,74.33333333333333,73.66666666666667,3243.7916666666665,14.5,862.0,3.0,16.0,3.8333333333333335,12428.782333333334,4.270666666666666,623439.9063333333,1.3763333333333332,20.218666666666667,0.08,1282.0,35.7273845,51.2619075,12.0,334.32,-0.0058759418150475225,2.2500000000000013,0.0
2024-11-18 15:53:36,48.2,41.4,22.9,19.5,707040,13.333333333333334,1.0,32.0,33.33533333333333,50.0,16.201,13.219833333333334,75.0,71.33333333333333,2975.3333333333335,14.5,855.5,3.0,10.666666666666666,4.0,12428.900500000002,18.781000000000002,632386.1456666667,1.4429999999999998,18.677,0.08,1282.0,35.728379999999994,51.261301,12.0,333.64,-0.0004945099547317733,0.0,0.38888888888889045
2024-11-18 15:53:42,29.5,27.8,21.6,19.0,690780,13.333333333333334,1.0,32.0,35.338166666666666,49.166666666666664,16.157833333333333,17.150833333333335,74.33333333333333,69.0,2899.7916666666665,14.5,849.5,3.0,10.666666666666666,4.0,12429.0175,18.99983333333333,640469.5,1.4476666666666667,18.61466666666667,0.08,1282.0,35.729355000000005,51.2607175,12.0,334.40000000000003,0.0035779249665884283,0.0,0.3888888888888881
2024-11-18 15:53:48,21.9,21.9,20.4,19.5,703160,13.283333333333333,1.0,32.0,32.719166666666666,117.83333333333333,57.3015,40.3555,74.0,82.66666666666667,3451.0416666666665,12.75,862.0,3.0,8.0,4.0,12429.141166666666,108.75016666666666,669921.0833333334,6.268,21.229166666666668,0.08,1282.0,35.730387,51.2601205,12.0,334.695,-0.002181661564992912,2.2777777777777786,0.0
2024-11-18 15:53:54,22.3,22.3,20.2,18.7,675580,13.316666666666668,1.0,32.0,33.151666666666664,31.166666666666668,11.657833333333334,7.362833333333334,75.0,87.83333333333333,3628.0833333333335,14.5,869.5,3.0,10.666666666666666,4.0,12429.2865,-18.583333333333332,692566.4791666666,0.839,21.760499999999997,0.08,1282.0,35.7316285,51.25942799999999,12.0,336.555,0.010762863720631665,0.8611111111111095,0.0
2024-11-18 15:54:00,21.3,21.3,19.0,17.5,637160,13.333333333333334,1.0,32.0,35.705666666666666,26.833333333333332,9.833333333333334,5.299833333333333,74.83333333333333,78.83333333333333,3282.75,14.5,864.0,3.0,10.666666666666666,4.0,12429.423333333334,-15.604166666666666,697854.6978333333,0.7635,21.479166666666668,0.08,1282.0,35.7328205,51.258858000000004,12.0,339.455,0.007388560500109388,0.0,1.5
2024-11-18 15:54:06,20.9,20.9,18.2,16.8,620530,13.333333333333334,49.0,32.0,28.372333333333334,46.666666666666664,15.814166666666665,11.936,74.0,68.83333333333333,2873.7916666666665,14.5,855.5,3.0,16.0,4.0,12429.547,1.6980000000000004,701354.3336666668,1.09,18.843500000000002,0.08,1282.0,35.7339175,51.25857,12.0,174.15999999999997,0.06635160039665108,0.0,1.6666666666666667
2024-11-18 15:54:12,26.1,26.1,20.7,18.7,679500,13.366666666666667,1.0,32.0,20.228166666666667,42.333333333333336,13.274833333333333,14.453666666666665,74.0,67.33333333333333,2798.4583333333335,14.5,848.5,3.0,8.0,4.0,12429.658166666666,14.354,710378.2501666667,1.2613333333333332,19.229166666666668,0.08,1282.0,35.734873,51.2590045,12.0,28.72,0.09855292509594647,0.0,0.25
2024-11-18 15:54:18,32.7,32.7,25.7,19.1,689220,13.383333333333333,1.0,32.0,16.782333333333334,48.0,15.259333333333336,18.843166666666665,74.66666666666667,65.33333333333333,2721.2916666666665,14.5,840.5,3.0,8.0,4.0,12429.768166666667,26.031000000000002,717750.7291666666,1.5883333333333332,18.56266666666667,0.08,1282.0,35.735448999999996,51.259989,12.0,62.855,0.09817477042468103,0.0,0.3333333333333333
2024-11-18 15:54:24,45.2,44.5,24.2,19.3,693640,13.366666666666667,1.0,32.0,19.878,60.666666666666664,24.23866666666667,16.215,74.83333333333333,67.83333333333333,2818.2916666666665,14.316666666666668,836.0,3.0,13.333333333333334,4.0,12429.879,27.541666666666668,726257.7603333333,1.898,18.958333333333332,0.08,1282.0,35.735597500000004,51.2612265,12.0,85.55000000000001,0.04735660037077955,0.4166666666666667,0.0
2024-11-18 15:54:30,68.4,68.4,42.0,23.1,750220,13.383333333333333,1.0,32.0,25.239666666666665,61.166666666666664,22.562166666666666,24.0585,74.0,79.5,3314.375,14.333333333333334,846.0,3.0,8.0,4.0,12429.999333333333,49.020999999999994,742283.9688333333,2.6345,18.781166666666667,0.08,1282.0,35.735678,51.26261350000001,12.0,85.565,-0.004479678413452172,1.9444444444444453,0.0
2024-11-18 15:54:36,38.8,38.8,24.0,20.1,710660,13.35,1.0,32.0,28.583833333333335,79.5,46.7875,40.222166666666666,74.0,85.0,3549.4583333333335,13.666666666666666,853.0,3.0,8.0,4.0,12430.136666666667,69.802,757295.2501666667,4.633500000000001,20.385166666666667,0.08,1282.0,35.7357655,51.264177499999995,12.0,86.60000000000001,0.006399540590645841,0.9166666666666666,0.0
2024-11-18 15:54:42,33.6,33.6,25.6,20.4,716350,13.300000000000002,65.0,32.833333333333336,32.10183333333333,36.833333333333336,10.625166666666667,4.845666666666667,74.83333333333333,83.83333333333333,3484.9166666666665,14.233333333333334,867.0,3.0,21.333333333333332,4.0,12430.281166666668,-13.322833333333334,787478.25,1.1264999999999998,22.447833333333335,0.08,1282.0,35.7358245,51.2658485,12.0,87.61,0.0010752090083273843,0.0,0.19444444444444522
2024-11-18 15:54:48,45.6,44.9,31.2,21.6,732020,13.300000000000002,97.0,33.0,47.982499999999995,31.5,4.1825,0.0,75.0,27.333333333333332,1327.5833333333333,14.5,863.5,3.0,24.0,5.0,12430.378333333334,-17.56266666666667,791502.8436666667,0.377,20.448166666666665,0.08,1282.0,35.735848999999995,51.2669295,12.0,88.71,0.0024143721319254434,0.0,9.416666666666666
2024-11-18 15:54:54,56.3,56.3,40.7,23.6,759600,13.300000000000002,97.0,33.0,47.97833333333333,35.666666666666664,3.6368333333333336,0.0,75.66666666666667,0.0,938.8333333333334,14.5,860.5,3.0,24.0,13.0,12430.390999999998,-15.625,793522.8126666667,0.3456666666666666,20.61466666666667,0.08,1282.0,35.735851,51.267056,12.0,90.0,0.0034615696831220796,0.0,4.555555555555555
2024-11-18 15:55:00,151.4,148.2,67.9,27.8,792550,13.283333333333333,97.0,33.0,42.27066666666667,35.666666666666664,3.7471666666666668,0.0,75.83333333333333,0.0,949.7916666666666,14.5,857.5,3.0,24.0,13.0,12430.390999999998,-15.854,795616.2396666667,0.3446666666666667,20.551833333333335,0.08,1282.0,35.735851,51.267056,12.0,90.0,0.0,0.0,0.0
2024-11-18 15:55:06,109.1,107.5,51.0,24.7,770140,13.333333333333334,33.0,33.0,39.916666666666664,35.666666666666664,3.7561666666666667,0.0,75.0,0.0,958.0833333333334,14.5,854.5,3.0,24.0,13.0,12430.390999999998,-16.30183333333333,797682.177,0.3455,20.51033333333333,0.08,1282.0,35.735851,51.267056,12.0,90.0,0.0,0.0,0.0
2024-11-18 15:55:12,78.2,77.5,43.2,23.6,737060,13.283333333333333,1.0,33.0,37.718333333333334,47.833333333333336,9.944,11.426499999999999,74.0,6.5,1974.25,14.5,848.0,3.0,8.0,3.0,12430.394,11.822666666666668,801720.5208333334,0.8143333333333334,18.479166666666668,0.08,1282.0,35.735853,51.2670995,12.0,87.83,-0.012624548256092327,1.0833333333333333,0.0
2024-11-18 15:55:18,87.9,87.9,61.1,30.4,825740,13.283333333333333,1.0,32.5,29.224166666666665,65.33333333333333,39.249,32.94466666666667,73.0,34.666666666666664,4616.458333333333,13.066666666666668,868.5,3.0,10.666666666666666,1.1666666666666667,12430.427000000001,34.823,817026.1978333333,3.887,22.604166666666668,0.08,1282.0,35.7358745,51.26748849999999,12.0,86.145,-0.0006399540590645852,4.694444444444444,0.0
2024-11-18 15:55:24,264.6,261.6,114.1,39.5,916770,13.316666666666668,1.0,32.5,24.092833333333335,63.166666666666664,35.841833333333334,21.590166666666665,74.16666666666667,58.666666666666664,4709.291666666667,13.766666666666666,896.0,3.0,13.333333333333334,2.0,12430.508500000002,39.21883333333333,846449.9271666667,4.4035,24.906333333333333,0.08,1282.0,35.7358745,51.268407999999994,12.0,92.56,0.03639011490408182,4.0,0.0
2024-11-18 15:55:30,131.1,126.7,46.5,26.3,759750,13.300000000000002,33.0,33.0,23.616833333333332,32.5,13.689833333333334,8.942666666666666,76.33333333333333,62.333333333333336,3468.625,14.5,898.5,3.0,18.666666666666668,3.0,12430.610666666667,-5.021000000000001,859288.3541666666,1.5190000000000001,21.239833333333333,0.08,1282.0,35.7355675,51.2695065,12.0,113.75,0.05809037527054458,0.6111111111111119,0.0
2024-11-18 15:55:36,143.9,141.3,62.8,25.3,757580,13.333333333333334,1.0,32.0,22.53,55.666666666666664,24.647833333333335,16.711499999999997,75.66666666666667,70.66666666666667,4003.7083333333335,14.5,902.5,3.0,13.333333333333334,3.0,12430.719,24.656166666666667,873561.677,2.1923333333333335,20.427,0.08,1282.0,35.7349475,51.2704755,12.0,131.86499999999998,0.045000405880587124,1.3888888888888893,0.0
2024-11-18 15:55:42,84.4,83.8,49.5,23.8,744470,13.333333333333334,1.0,32.0,23.86283333333333,36.666666666666664,16.66,14.517666666666665,75.0,71.83333333333333,4068.125,14.5,899.0,3.0,13.333333333333334,3.0,12430.838000000002,2.385333333333333,882483.1875,1.6241666666666665,21.551833333333335,0.08,1282.0,35.734114,51.27138349999999,12.0,141.17,0.03051417308903422,0.19444444444444287,0.0
2024-11-18 15:55:48,70.0,67.4,36.0,22.4,739630,13.316666666666668,49.0,32.166666666666664,30.994333333333334,36.333333333333336,14.963833333333334,3.0858333333333334,76.0,72.33333333333333,4086.7083333333335,14.5,893.5,3.0,21.333333333333332,3.0,12430.959,-30.677000000000003,890645.1455,0.4156666666666667,21.843833333333333,0.08,1282.0,35.733290000000004,51.272321500000004,12.0,133.92,-0.03906628642380642,0.08333333333333333,0.0
2024-11-18 15:55:54,56.7,49.9,28.9,20.8,712930,13.316666666666668,97.0,33.0,42.728166666666674,25.833333333333332,6.915333333333333,0.0,75.16666666666667,43.666666666666664,2520.25,14.5,889.0,3.0,24.0,2.6666666666666665,12431.0625,-26.75,893465.6145,0.6455000000000001,21.1875,0.08,1282.0,35.7326775,51.2732335,12.0,129.095,-0.004886921905584058,0.0,4.777777777777778
2024-11-18 15:56:00,59.7,59.5,37.2,22.5,718870,13.283333333333333,97.0,33.0,48.01716666666667,35.333333333333336,4.024166666666667,0.0,75.0,0.0,974.9166666666666,14.5,885.5,3.0,24.0,13.0,12431.090000000002,-14.344,896115.1145,0.37316666666666665,20.489833333333333,0.08,1282.0,35.732536,51.273452999999996,12.0,127.37,-0.004072434921320118,0.0,7.277777777777778
2024-11-18 15:56:06,73.6,73.3,43.0,24.4,749160,13.283333333333333,97.0,33.0,43.1405,35.166666666666664,3.9273333333333333,0.0,76.0,0.0,971.2916666666666,14.5,882.0,3.0,24.0,13.0,12431.090000000002,-16.281166666666667,898322.0833333334,0.35716666666666663,20.5415,0.08,1282.0,35.732536,51.273452999999996,12.0,127.37,0.0,0.0,0.0
2024-11-18 15:56:12,274.2,273.3,177.4,48.2,1085050,13.300000000000002,97.0,33.0,41.034,35.333333333333336,3.8646666666666665,0.0,76.0,0.0,959.2916666666666,14.5,879.0,3.0,24.0,13.0,12431.090000000002,-16.125,900459.4688333333,0.351,20.5415,0.08,1282.0,35.732536,51.273452999999996,12.0,127.37,0.0,0.0,0.0
2024-11-18 15:56:18,96.5,70.3,24.9,19.8,695260,13.283333333333333,97.0,33.0,39.83883333333333,35.166666666666664,3.8883333333333336,0.0,76.0,0.0,957.3333333333334,14.5,876.0,3.0,24.0,13.0,12431.090000000002,-16.218666666666667,902529.5105,0.34149999999999997,20.5725,0.08,1282.0,35.732536,51.273452999999996,12.0,127.37,0.0,0.0,0.0
2024-11-18 15:56:24,29.2,28.9,21.7,19.6,699330,13.283333333333333,33.0,33.0,38.913833333333336,33.833333333333336,5.456333333333333,4.175,75.16666666666667,0.8333333333333334,1267.875,14.5,872.0,3.0,24.0,9.0,12431.090000000002,-12.604166666666666,904875.8126666667,0.433,20.031166666666667,0.08,1282.0,35.732533,51.273452999999996,12.0,180.0,0.15309446422076925,0.1388888888888889,0.0
2024-11-18 15:56:30,26.4,26.4,19.5,17.1,622240,13.300000000000002,1.0,32.5,35.48416666666667,49.0,15.422333333333334,19.792833333333334,74.0,16.5,2582.125,14.366666666666667,864.0,3.0,8.0,1.0,12431.101666666667,25.822999999999997,910026.2396666667,1.592833333333333,18.760166666666667,0.08,1282.0,35.732464,51.273578500000006,12.0,124.27,-0.17034413499464654,2.611111111111111,0.0
2024-11-18 15:56:36,21.7,21.6,17.6,16.9,616510,13.299999999999999,1.0,32.5,29.711,48.0,17.232666666666667,18.659499999999998,73.33333333333333,35.0,3337.0833333333335,14.5,865.0,3.0,10.666666666666666,1.8333333333333333,12431.1465,23.197833333333335,920003.177,1.8866666666666667,19.301833333333335,0.08,1282.0,35.732248500000004,51.2740155,12.0,120.875,-0.006486807053245561,3.0833333333333335,0.0
2024-11-18 15:56:42,23.6,23.6,20.5,19.5,702500,13.350000000000001,1.0,32.5,31.426333333333332,42.666666666666664,16.622666666666667,15.230833333333335,74.5,51.5,3656.4583333333335,14.450000000000001,867.5,3.0,10.666666666666666,2.3333333333333335,12431.2195,13.198,932645.2085000001,1.7833333333333332,20.583166666666667,0.08,1282.0,35.731951,51.274773,12.0,114.73,-0.01573705208881561,2.75,0.0
2024-11-18 15:56:48,62.8,61.1,42.6,23.6,742860,13.300000000000002,1.0,33.0,34.443999999999996,27.5,8.941166666666666,7.522166666666667,75.83333333333333,55.166666666666664,3144.75,14.5,862.5,3.0,8.0,3.0,12431.308666666666,-10.770833333333334,939920.7188333333,0.7856666666666666,21.302333333333333,0.08,1282.0,35.731592,51.2757035,12.0,116.48,0.01265363707695887,0.6111111111111107,0.0
2024-11-18 15:56:54,74.4,66.6,32.3,22.5,739730,13.266666666666666,1.0,32.5,33.848,83.0,50.928666666666665,31.423999999999996,74.33333333333333,61.166666666666664,3472.25,13.166666666666666,864.0,3.0,13.333333333333334,3.0,12431.403,65.49983333333334,950525.8748333333,5.546666666666667,23.0625,0.08,1282.0,35.7311515,51.2766305,12.0,121.105,0.009046623289503982,1.0,0.0
2024-11-18 15:57:00,107.6,107.0,64.6,26.8,806240,13.316666666666668,33.0,32.5,27.99066666666667,43.5,18.039666666666665,9.707166666666666,75.0,84.83333333333333,4797.5,14.299999999999999,889.5,3.0,18.666666666666668,3.0,12431.527333333333,-0.17683333333333215,986690.4375,2.1361666666666665,24.531666666666666,0.08,1282.0,35.73044,51.2777635,12.0,129.79,0.02964150846303702,3.944444444444444,0.0
2024-11-18 15:57:06,68.9,68.3,39.3,23.9,764990,13.283333333333333,97.0,33.0,33.213,25.166666666666668,10.019499999999999,0.0,76.33333333333333,69.66666666666667,3915.875,14.5,891.5,3.0,24.0,3.0,12431.660166666667,-32.75,994046.375,0.876,22.74,0.08,1282.0,35.729551,51.278811999999995,12.0,138.92999999999998,0.028361600344907856,0.0,2.5277777777777763
2024-11-18 15:57:12,58.2,58.2,32.4,22.4,734890,13.300000000000002,33.0,32.5,40.755,92.66666666666667,58.75033333333334,40.4665,75.16666666666667,36.166666666666664,2053.25,13.366666666666667,887.0,3.0,13.333333333333334,3.0,12431.741,76.33333333333333,1001016.1666666666,3.7560000000000002,18.145833333333332,0.08,1282.0,35.728958,51.279371499999996,12.0,143.44,0.007359471679242759,0.0,5.583333333333335
2024-11-18 15:57:18,47.3,47.1,31.7,22.6,764440,13.233333333333334,1.0,32.333333333333336,30.988833333333332,120.83333333333333,67.35616666666667,34.464999999999996,75.33333333333333,75.5,4238.625,11.883333333333333,899.0,3.0,13.333333333333334,3.0,12431.830666666667,104.73983333333332,1050416.927,9.308333333333334,28.770833333333332,0.08,1282.0,35.728287,51.279993,12.0,142.89000000000001,-0.003694280250054612,6.555555555555556,0.0
2024-11-18 15:57:24,366.0,304.7,124.6,36.5,912920,13.283333333333333,65.0,32.166666666666664,34.04716666666667,30.833333333333332,6.8805000000000005,0.0,76.0,82.83333333333333,2177.3333333333335,14.066666666666668,903.0,3.0,24.0,8.666666666666666,12431.968,-23.145833333333332,1072908.0625,0.5256666666666666,20.468833333333333,0.08,1282.0,35.7272625,51.28096,12.0,142.965,0.004828744263850968,1.2222222222222214,0.0
2024-11-18 15:57:30,185.9,157.8,68.9,25.4,786290,13.283333333333333,81.0,32.0,39.4595,34.333333333333336,3.3143333333333334,0.0,76.66666666666667,69.16666666666667,974.8333333333334,14.5,897.5,3.0,24.0,13.0,12432.095000000001,-16.00016666666667,1075212.6875,0.3363333333333333,20.604166666666668,0.08,1282.0,35.7263185,51.2818205,12.0,143.10999999999999,-0.004101523742186665,0.0,2.2777777777777763
2024-11-18 15:57:36,91.3,90.2,32.2,20.1,694650,13.283333333333333,81.0,32.333333333333336,41.24133333333334,34.833333333333336,3.278166666666667,0.0,77.0,61.333333333333336,947.0416666666666,14.5,892.5,3.0,24.0,13.0,12432.200499999999,-16.531166666666667,1077245.7916666667,0.3333333333333333,20.666666666666668,0.08,1282.0,35.7255175,51.28257,12.0,142.76500000000001,-0.0001454441043328938,0.0,1.305555555555556
2024-11-18 15:57:42,40.5,40.5,26.4,18.9,659540,13.266666666666666,97.0,33.0,45.9625,34.833333333333336,3.217333333333333,0.0,76.5,39.166666666666664,929.2083333333334,14.5,888.5,3.0,24.0,5.0,12432.284666666666,-15.7815,1079186.5,0.318,20.718999999999998,0.08,1282.0,35.724899,51.283138,12.0,143.875,0.005497787143782182,0.0,3.694444444444445
2024-11-18 15:57:48,31.8,31.8,21.8,17.3,613300,13.300000000000002,1.0,32.5,42.464166666666664,67.66666666666667,21.221166666666665,22.966166666666666,75.33333333333333,38.833333333333336,2076.625,14.483333333333334,882.0,3.0,10.666666666666666,3.1666666666666665,12432.341,50.43783333333334,1084654.5208333333,1.7933333333333332,17.208166666666667,0.08,1282.0,35.724449,51.283533,12.0,144.425,-0.001454441043328608,0.0,0.05555555555555477
2024-11-18 15:57:54,28.3,27.7,20.7,17.0,605610,13.316666666666668,1.0,32.0,36.92583333333334,59.333333333333336,22.024666666666665,21.102333333333334,74.0,60.166666666666664,3423.4583333333335,14.5,879.0,3.0,10.666666666666666,3.0,12432.423333333334,35.21866666666667,1099003.4583333333,2.1225,18.708333333333332,0.08,1282.0,35.723818,51.2840975,12.0,143.98999999999998,-0.0003199770295323334,3.555555555555555,0.0
2024-11-18 15:58:00,31.0,31.0,23.8,19.6,697120,13.366666666666667,1.0,32.0,38.342666666666666,33.666666666666664,12.281166666666666,0.0,74.5,61.833333333333336,3488.0833333333335,14.5,875.5,3.0,24.0,3.0,12432.528,-41.197833333333335,1104935.75,0.0,21.0,0.08,1285.5,35.722971,51.284867999999996,12.0,143.65,0.001687151610261222,0.27777777777777857,0.0
2024-11-18 15:58:06,36.1,35.5,22.5,19.4,698530,13.366666666666667,1.0,32.0,37.8685,50.333333333333336,19.960666666666665,18.2445,75.0,62.0,3518.4166666666665,14.299999999999999,873.5,3.0,10.666666666666666,3.0,12432.627666666667,25.208,1110173.625,2.1398333333333333,19.718833333333333,0.08,1287.0,35.7221105,51.28552249999999,12.0,150.455,0.022020237395995106,0.027777777777777384,0.0
2024-11-18 15:58:12,32.0,32.0,26.7,20.9,728240,13.350000000000001,1.0,32.0,35.48016666666667,46.166666666666664,20.99083333333333,16.780666666666665,74.5,70.5,3988.6666666666665,14.5,876.0,3.0,16.0,3.0,12432.739000000001,6.979166666666667,1121717.9791666667,1.913,20.93733333333333,0.08,1285.0,35.7211345,51.286038999999995,12.0,159.25,0.03016510723863534,1.4166666666666667,0.0
2024-11-18 15:58:18,31.3,31.3,24.2,20.4,724310,13.283333333333333,33.0,32.0,30.2115,50.833333333333336,31.0725,13.166333333333334,74.5,80.83333333333333,4561.208333333333,14.233333333333334,891.0,3.0,18.666666666666668,3.0,12432.864000000001,4.437666666666668,1138752.8333333333,2.0993333333333335,23.020833333333332,0.08,1280.5,35.719963,51.286319999999996,12.0,171.595,0.032928545220959664,1.7222222222222214,0.0
2024-11-18 15:58:24,34.1,34.1,26.6,20.2,717460,13.333333333333334,1.0,32.0,33.56466666666666,31.333333333333332,13.313333333333333,6.252166666666667,75.66666666666667,73.5,4147.791666666667,14.5,886.0,3.0,16.0,3.0,12432.993499999999,-24.135499999999997,1142277.0625,0.627,22.50016666666667,0.08,1278.0,35.7187845,51.286429999999996,12.0,176.47500000000002,0.008872090364304542,0.0,1.2222222222222214
2024-11-18 15:58:30,106.8,103.7,49.4,25.1,768520,13.333333333333334,1.0,32.0,34.869,45.0,19.261833333333332,20.122333333333334,74.83333333333333,72.66666666666667,4105.0,14.5,880.5,3.0,8.0,3.0,12433.112666666668,20.25016666666667,1151865.1666666667,2.1763333333333335,21.052333333333333,0.08,1278.5,35.7176725,51.286503,12.0,176.955,5.8177641733091406e-05,0.0,0.1388888888888881
2024-11-18 15:58:36,100.4,91.9,38.0,25.6,828980,13.316666666666668,1.0,32.0,34.81583333333333,35.166666666666664,15.875666666666667,14.896500000000001,74.83333333333333,74.66666666666667,4223.625,14.5,875.5,3.0,8.0,3.0,12433.234333333334,4.656166666666667,1163114.125,1.6695,22.302000000000003,0.08,1277.5,35.716526,51.286585,12.0,176.625,-0.0006108652381980386,0.3333333333333333,0.0
2024-11-18 15:58:42,31.3,31.3,24.7,20.5,727940,13.366666666666667,1.0,32.0,34.9455,33.5,15.084999999999999,12.279166666666667,75.5,76.83333333333333,4340.333333333333,14.5,871.5,3.0,8.0,3.0,12433.361333333334,0.3645000000000002,1173711.0833333333,1.4721666666666666,22.822833333333335,0.08,1276.5,35.7153455,51.286678,12.0,176.27499999999998,-0.0007563093425308498,0.36111111111110955,0.0
2024-11-18 15:58:48,51.7,51.5,35.0,22.8,759950,13.366666666666667,1.0,32.0,35.49466666666667,28.5,14.1115,12.498,75.5,80.16666666666667,4533.875,14.5,865.5,3.0,8.0,3.0,12433.490333333333,-5.458166666666666,1182416.3958333333,1.4336666666666666,23.593666666666667,0.08,1271.0,35.7141265,51.2867355,12.0,178.965,0.013788101090755229,0.5555555555555571,0.0
2024-11-18 15:58:54,73.0,72.9,46.4,28.7,944000,13.383333333333333,1.0,32.0,34.73866666666667,26.166666666666668,12.478166666666667,4.644666666666667,75.0,81.33333333333333,4576.333333333333,14.5,859.5,3.0,13.333333333333334,3.0,12433.624333333333,-26.166666666666668,1189374.6458333333,0.6789999999999999,24.020833333333332,0.08,1266.0,35.7128865,51.286519999999996,12.0,191.56000000000003,0.04101523742186674,0.19444444444444287,0.0
2024-11-18 15:59:00,39.8,39.6,28.2,23.2,793710,13.383333333333333,81.0,32.333333333333336,37.653,31.166666666666668,10.357166666666666,1.0498333333333334,75.66666666666667,54.333333333333336,3087.875,14.383333333333333,854.5,3.0,24.0,3.0,12433.746166666666,-32.7395,1191149.8541666667,0.29266666666666663,20.823,0.08,1264.0,35.711935000000004,51.2860355,12.0,206.79,0.03999712869153672,0.0,4.499999999999999
2024-11-18 15:59:06,30.2,30.2,25.4,22.8,806080,13.333333333333334,1.0,32.0,33.947,141.5,73.83133333333333,49.04083333333333,75.66666666666667,50.333333333333336,2876.9583333333335,11.966666666666667,860.0,3.0,8.0,3.0,12433.819166666666,143.38533333333334,1209331.6041666667,8.027666666666667,22.0,0.08,1264.0,35.711424,51.285669500000004,12.0,210.57500000000002,0.004072434921320118,0.0,0.6666666666666666
2024-11-18 15:59:12,26.4,26.4,23.7,20.9,753090,13.350000000000001,33.0,32.0,31.483,53.833333333333336,21.772833333333335,13.7335,75.0,79.83333333333333,4521.416666666667,14.233333333333334,887.5,3.0,16.0,3.0,12433.932999999999,8.791833333333335,1250474.1875,2.1350000000000002,23.489333333333335,0.08,1264.0,35.710499000000006,51.2850895,12.0,205.70000000000002,-0.02111848394913136,4.916666666666665,0.0
2024-11-18 15:59:18,30.6,30.6,24.7,20.6,729500,13.4,1.0,32.0,36.38966666666666,36.5,15.729333333333335,9.321,75.66666666666667,75.0,4250.25,14.466666666666667,883.5,3.0,10.666666666666666,3.0,12434.061166666666,0.15616666666666687,1259313.9375,1.5636666666666665,22.291666666666668,0.08,1264.0,35.709368,51.284636,12.0,195.42999999999998,-0.028856110299639626,0.0,0.8055555555555548
2024-11-18 15:59:24,31.2,31.2,24.6,20.2,723710,13.350000000000001,81.0,32.5,43.04333333333333,29.666666666666668,10.812166666666668,0.0,75.5,61.333333333333336,3440.5,14.5,878.5,3.0,24.0,3.0,12434.181666666665,-33.53133333333333,1264702.1666666667,0.37399999999999994,21.56266666666667,0.08,1264.0,35.708273,51.2843245,12.0,192.785,-0.0022689280275926317,0.0,2.2777777777777772
2024-11-18 15:59:30,32.3,32.3,26.0,20.7,727030,13.35,65.0,32.5,49.0345,30.5,3.3108333333333335,0.0,75.0,26.166666666666668,1187.3333333333333,14.5,874.5,3.0,24.0,3.8333333333333335,12434.250666666667,-21.62516666666667,1267592.6041666667,0.347,20.43766666666667,0.08,1264.0,35.70767,51.2841665,12.0,192.11,0.0014544410433286064,0.0,5.861111111111112
2024-11-18 15:59:36,31.0,31.0,24.0,20.0,708240,13.316666666666668,97.0,32.0,47.327333333333335,32.833333333333336,3.4033333333333338,0.0,75.0,13.666666666666666,937.7083333333334,14.5,871.5,3.0,24.0,2.1666666666666665,12434.286999999998,-13.8645,1269570.4791666667,0.3196666666666667,20.88533333333333,0.08,1264.0,35.7073515,51.2840905,12.0,189.42999999999998,-0.013700834628155509,0.0,2.0833333333333335
2024-11-18 15:59:42,45.7,45.7,34.3,22.0,742550,13.316666666666668,97.0,32.0,46.30183333333333,33.5,3.626333333333333,0.0,76.0,0.6666666666666666,951.3333333333334,14.5,868.5,3.0,24.0,9.0,12434.297,-14.624666666666664,1271489.7291666667,0.33066666666666666,20.7915,0.08,1264.0,35.707266,51.284068999999995,12.0,215.29999999999998,0.1459677031084591,0.0,2.1666666666666665
2024-11-18 15:59:48,125.6,118.8,73.7,29.6,846940,13.300000000000002,97.0,32.0,43.38816666666667,34.166666666666664,3.4963333333333337,0.0,76.0,0.0,950.2083333333334,14.5,865.5,3.0,24.0,13.0,12434.297,-15.875,1273468.0416666667,0.32616666666666666,20.7395,0.08,1264.0,35.707264,51.284073,12.0,90.0,-0.43161992401819765,0.0,0.1111111111111111
2024-11-18 15:59:54,64.1,63.4,34.9,23.0,771400,13.266666666666666,97.0,32.0,41.829,34.166666666666664,3.4891666666666663,0.0,75.66666666666667,0.0,951.5833333333334,14.5,862.5,3.0,24.0,13.0,12434.297,-14.927,1275416.6666666667,0.31716666666666665,20.739333333333335,0.08,1264.0,35.707264,51.284068999999995,12.0,180.0,-0.5235987755982988,0.0,0.0
2024-11-18 16:00:00,31.8,31.8,25.6,20.5,712370,13.283333333333333,97.0,32.0,40.937000000000005,34.666666666666664,3.4778333333333333,0.0,74.66666666666667,0.0,962.5833333333334,14.5,859.5,3.0,24.0,13.0,12434.297,-14.916666666666666,1277336.7708333333,0.3245,20.6665,0.08,1264.0,35.707264,51.284065,12.0,270.0,0.0,0.0,0.0
2024-11-18 16:00:06,43.8,43.2,31.1,21.1,720990,13.300000000000002,97.0,32.0,40.69883333333333,35.166666666666664,3.3405,0.0,74.0,0.0,955.4583333333334,14.5,856.5,3.0,24.0,13.0,12434.297,-15.322833333333334,1279310.3541666667,0.3253333333333333,20.656333333333333,0.08,1264.0,35.707264,51.284065,12.0,270.0,0.0,0.0,0.0
2024-11-18 16:00:12,54.7,54.1,34.0,22.8,746540,13.299999999999999,33.0,32.833333333333336,39.0775,49.333333333333336,8.911166666666666,9.382666666666667,74.0,3.6666666666666665,1154.0833333333333,14.5,852.0,3.0,18.666666666666668,7.0,12434.297666666667,8.708166666666665,1281776.7708333333,0.7345,19.0415,0.08,1264.0,35.7072485,51.284065,12.0,180.0,-0.2617993877991495,0.611111111111111,0.0
2024-11-18 16:00:18,67.9,67.9,45.9,24.2,761460,13.316666666666668,1.0,32.5,31.3035,69.0,48.73416666666666,32.711166666666664,74.0,32.166666666666664,3627.75,13.866666666666667,860.5,3.0,10.666666666666666,1.5,12434.324999999999,63.052,1292342.8541666667,3.781333333333334,19.01033333333333,0.08,1264.0,35.70698,51.283990499999994,12.0,193.19500000000002,0.034935673860753136,4.749999999999999,0.0
2024-11-18 16:00:24,82.9,80.5,44.7,24.1,752990,13.316666666666668,1.0,32.5,24.289666666666665,89.16666666666667,69.32416666666667,46.255500000000005,74.33333333333333,72.5,5504.916666666667,12.299999999999999,894.5,3.0,10.666666666666666,2.1666666666666665,12434.408333333333,72.65616666666666,1335171.5833333333,8.616666666666665,30.687833333333334,0.08,1264.0,35.706167,51.283784999999995,12.0,191.64499999999998,0.001134464013796357,6.722222222222222,0.0
2024-11-18 16:00:30,56.7,56.7,34.5,23.5,783310,13.283333333333333,65.0,32.833333333333336,30.340833333333336,44.0,25.925,6.854166666666667,76.33333333333333,85.5,4826.333333333333,13.9,907.0,3.0,21.333333333333332,3.0,12434.542333333333,-2.718666666666669,1371436.0833333333,2.9743333333333335,26.489666666666665,0.08,1264.0,35.704914,51.2834335,12.0,192.93999999999997,0.0013962634015954342,2.1666666666666665,0.0
2024-11-18 16:00:36,38.8,38.5,27.1,21.1,734340,13.316666666666668,33.0,32.5,43.038000000000004,76.16666666666667,32.528,21.098333333333333,75.5,54.0,3041.5,13.766666666666666,905.0,3.0,16.0,3.0,12434.658833333333,41.66683333333333,1381399.7083333333,3.237666666666667,20.8855,0.08,1264.0,35.703882,51.2831495,12.0,192.79999999999998,0.0018035068937274866,0.0,5.25
2024-11-18 16:00:42,59.9,59.9,43.1,26.8,834590,13.333333333333334,81.0,33.0,39.815000000000005,27.333333333333332,8.059833333333334,0.0,75.16666666666667,53.666666666666664,2999.7083333333335,14.5,899.5,3.0,24.0,3.0,12434.7525,-28.104333333333333,1398590.2291666667,0.7273333333333333,21.26033333333333,0.08,1264.0,35.7030485,51.282877000000006,12.0,196.735,0.02062397399439968,0.0,0.05555555555555595
2024-11-18 16:00:48,59.9,59.2,36.2,24.3,768320,13.316666666666668,49.0,33.0,30.396666666666665,44.833333333333336,11.639000000000001,10.770166666666668,75.83333333333333,24.833333333333332,1513.5,14.5,894.5,3.0,18.666666666666668,2.8333333333333335,12434.817000000001,11.114666666666666,1402224.375,0.9296666666666665,19.073166666666665,0.08,1264.0,35.702652,51.282446,12.0,240.81499999999997,0.15454890526409787,0.0,4.805555555555555
2024-11-18 16:00:54,62.3,62.3,38.2,25.7,823470,13.266666666666666,1.0,32.0,19.850166666666667,135.5,80.623,52.32266666666667,75.66666666666667,53.666666666666664,4443.333333333333,10.65,901.5,3.0,8.0,2.0,12434.870499999999,138.94783333333334,1433838.0833333333,12.073166666666665,29.635499999999997,0.08,1264.0,35.702721000000004,51.281828,12.0,282.265,0.07996516856220681,4.805555555555555,0.0
2024-11-18 16:01:00,49.1,47.3,27.2,20.3,718110,13.383333333333333,1.0,32.5,20.755333333333336,39.5,20.7725,38.31883333333334,76.0,77.33333333333333,5547.916666666667,14.5,911.0,3.0,10.666666666666666,2.3333333333333335,12434.9785,6.2605,1483398.9583333333,2.6586666666666665,26.145833333333332,0.08,1264.0,35.70294,51.28051,12.0,281.59999999999997,0.0006690428799312128,3.944444444444444,0.0
2024-11-18 16:01:06,30.0,30.0,21.1,19.5,702150,13.383333333333333,17.0,32.0,27.707333333333334,34.333333333333336,13.502,1.029,76.83333333333333,72.5,4108.166666666667,14.5,905.0,3.0,21.333333333333332,3.0,12435.104833333333,-35.71866666666667,1491992.9583333333,0.2011666666666667,22.16633333333333,0.08,1264.0,35.703184,51.279092999999996,12.0,282.40000000000003,0.004770566622117794,0.0,0.8055555555555548
2024-11-18 16:01:12,24.5,24.5,22.0,19.1,692440,13.366666666666667,17.0,32.0,32.60933333333333,39.666666666666664,14.276333333333334,8.1775,76.0,63.0,3565.125,14.283333333333333,899.0,3.0,18.666666666666668,3.0,12435.216166666665,-11.479,1495411.5416666667,1.0955000000000001,20.677333333333333,0.08,1264.0,35.703426,51.277868000000005,12.0,284.085,0.004479678413452172,0.0,1.5833333333333333
2024-11-18 16:01:18,24.9,24.9,22.9,19.9,720730,13.350000000000001,65.0,32.5,39.67583333333334,55.5,35.399499999999996,19.6635,76.0,41.666666666666664,2331.9583333333335,14.316666666666668,891.0,3.0,18.666666666666668,3.0,12435.3065,12.916833333333336,1499943.4583333333,1.1916666666666667,18.646,0.08,1264.0,35.7036225,51.276884499999994,12.0,283.325,-0.00474147780125125,0.0,3.555555555555556
2024-11-18 16:01:24,25.1,25.1,20.4,18.5,678850,13.383333333333333,1.0,32.0,35.14366666666667,46.833333333333336,12.222833333333334,13.349333333333334,76.0,48.0,2725.8333333333335,14.5,883.0,3.0,8.0,3.0,12435.377666666667,17.916666666666668,1512473.2916666667,1.1113333333333333,19.531166666666667,0.08,1264.0,35.703759999999996,51.276087,12.0,281.53000000000003,-0.0061959188445798565,1.055555555555556,0.0
2024-11-18 16:01:30,21.9,21.9,19.2,18.4,661300,13.333333333333334,49.0,33.0,37.1995,28.166666666666668,6.9425,0.0,75.83333333333333,43.166666666666664,2447.9166666666665,14.049999999999999,876.5,3.0,24.0,3.0,12435.4565,-27.291833333333333,1517068.5208333333,0.6898333333333334,20.30216666666667,0.08,1264.0,35.703909,51.2752155,12.0,282.34999999999997,0.005032366009916871,0.0,0.8055555555555559
2024-11-18 16:01:36,21.9,21.9,20.5,19.1,691380,13.366666666666667,1.0,32.166666666666664,37.68016666666667,48.833333333333336,12.829166666666666,16.845833333333335,75.5,39.0,2206.0416666666665,14.5,868.5,3.0,8.0,3.0,12435.522166666668,27.85383333333333,1522228.3333333333,1.1556666666666666,18.458333333333332,0.08,1264.0,35.704048,51.274483000000004,12.0,283.25,0.0008726646259971984,0.0,0.6944444444444441
2024-11-18 16:01:42,25.6,25.5,20.3,18.6,682520,13.299999999999999,81.0,32.833333333333336,37.58283333333333,29.166666666666668,6.042999999999999,0.0,75.0,36.0,1908.3333333333333,14.0,859.0,3.0,24.0,3.1666666666666665,12435.587166666666,-21.458666666666662,1527404.4791666667,0.5145,20.031000000000002,0.08,1260.0,35.704191,51.2736495,12.0,281.525,-0.004712388980384704,0.0,0.5
2024-11-18 16:01:48,35.3,35.3,27.5,20.4,720330,13.283333333333333,33.0,32.833333333333336,36.882333333333335,49.166666666666664,19.505333333333336,14.838666666666667,75.33333333333333,23.333333333333332,1712.5833333333333,14.5,854.5,3.0,16.0,2.6666666666666665,12435.634166666665,23.5205,1531369.25,1.204,18.718833333333333,0.08,1259.5,35.7042655,51.2731685,12.0,281.335,0.007475826962709026,0.0,2.111111111111111
2024-11-18 16:01:54,117.3,117.3,83.0,37.1,930530,13.316666666666668,17.0,32.5,31.423833333333334,43.0,13.436833333333333,11.559666666666667,75.0,35.5,2781.75,14.5,850.5,3.0,16.0,2.1666666666666665,12435.682166666666,6.937333333333332,1540455.1875,1.1475,19.177,0.08,1259.0,35.7043705,51.2726805,12.0,285.115,0.002937970907523927,2.027777777777778,0.0
2024-11-18 16:02:00,149.9,149.9,90.9,42.2,1072040,13.316666666666668,17.0,32.833333333333336,32.783166666666666,42.833333333333336,6.6185,6.6803333333333335,75.0,30.333333333333332,1101.8333333333333,14.5,845.0,3.0,18.666666666666668,4.5,12435.738333333333,8.927,1544402.4375,0.5356666666666666,19.37516666666667,0.08,1259.0,35.7044965,51.272062500000004,12.0,283.89000000000004,-0.00212348392325982,0.0,0.8611111111111113
2024-11-18 16:02:06,101.1,100.3,50.4,26.4,811890,13.350000000000001,1.0,32.0,32.001666666666665,78.16666666666667,24.097333333333335,24.171833333333336,75.66666666666667,37.166666666666664,1563.7083333333333,14.5,832.0,3.0,8.0,4.0,12435.7935,63.65633333333333,1551291.3125,1.4888333333333332,15.302,0.08,1259.0,35.7046145,51.2714555,12.0,283.21,-0.00328703675792264,1.1388888888888886,0.0
2024-11-18 16:02:12,85.8,85.2,51.4,25.7,802700,13.333333333333334,49.0,33.0,34.5605,30.166666666666668,5.114333333333334,0.6266666666666666,75.83333333333333,33.833333333333336,1425.75,13.916666666666666,824.0,3.0,24.0,4.0,12435.854833333333,-15.3125,1556783.8541666667,0.4971666666666667,19.541666666666668,0.08,1259.0,35.7047405,51.2707575,12.0,282.60499999999996,0.00040724349213196984,0.0,0.5555555555555548
2024-11-18 16:02:18,40.0,40.0,23.6,20.0,716760,13.316666666666668,33.0,33.0,35.72,51.0,16.599333333333334,17.421833333333332,75.33333333333333,27.0,1142.4583333333333,14.5,820.0,3.0,16.0,4.0,12435.906333333332,14.625,1559333.2291666667,0.7193333333333333,18.05216666666667,0.08,1259.0,35.7048455,51.2702025,12.0,283.125,8.72664625998025e-05,0.0,1.1388888888888893
2024-11-18 16:02:24,59.8,59.7,42.2,24.6,772660,13.333333333333334,1.0,32.0,33.29233333333333,83.0,42.173,22.77633333333333,75.0,35.666666666666664,1504.7916666666667,14.5,807.5,3.0,8.0,4.0,12435.955833333333,57.82266666666666,1566847.3958333333,1.3748333333333334,15.364333333333333,0.08,1259.0,35.7049485,51.269642000000005,12.0,282.63500000000005,-0.0016289739685280474,1.444444444444444,0.0
2024-11-18 16:02:30,62.9,62.9,38.4,24.9,793100,13.300000000000002,1.0,32.0,33.397333333333336,60.166666666666664,18.212833333333332,17.323333333333334,75.0,41.333333333333336,1736.6666666666667,14.5,799.0,3.0,8.0,4.0,12436.018833333334,41.15633333333333,1572832.6875,1.3421666666666667,16.86466666666667,0.08,1259.0,35.70508349999999,51.268905999999994,12.0,282.59,-0.0015126186850618654,0.9444444444444452,0.0
2024-11-18 16:02:36,42.0,42.0,29.9,22.5,757880,13.316666666666668,1.0,32.0,33.660333333333334,46.666666666666664,11.2705,14.709999999999999,74.16666666666667,48.333333333333336,2012.4583333333333,14.5,793.0,3.0,10.666666666666666,4.0,12436.092499999999,17.947666666666667,1580680.6875,0.8495,18.718833333333333,0.08,1263.0,35.705268499999995,51.267923499999995,12.0,283.88,0.009250245035569968,1.1666666666666667,0.0
2024-11-18 16:02:42,35.5,35.5,27.4,22.1,737210,13.283333333333333,97.0,32.5,37.612500000000004,34.5,5.558,0.0,74.33333333333333,34.5,1472.2083333333333,14.383333333333333,786.0,3.0,24.0,3.8333333333333335,12436.168666666666,-26.385333333333335,1583447.9791666667,0.19733333333333336,19.843833333333333,0.08,1263.0,35.7054345,51.267158499999994,12.0,285.825,0.007068583470577055,0.0,2.305555555555556
2024-11-18 16:02:48,80.3,78.6,45.6,24.8,791840,6.6499999999999995,75.66666666666667,32.833333333333336,44.3615,54.666666666666664,2.2666666666666666,0.0,74.83333333333333,3.6666666666666665,494.4166666666667,14.5,591.0,4.0,20.0,9.0,12436.198333333334,-22.24983333333333,1585047.5625,0.224,18.093833333333333,0.08,1263.0,35.705482,51.2669565,12.0,277.09999999999997,-0.05145812411296615,0.0,5.138888888888888
2024-11-18 16:02:54,129.2,48.3,32.2,21.8,760100,0.0,65.0,32.0,45.97366666666667,87.0,8.389000000000001,0.0,75.0,0.0,0.0,14.5,399.0,5.0,16.0,13.0,12436.199,-36.812,1585306.5,0.128,15.229333333333335,0.08,1263.0,35.705486,51.266953,12.0,0.0,0.2617993877991495,0.0,0.611111111111111
2024-11-18 16:03:00,57.3,57.1,37.2,24.5,792700,0.0,65.0,32.0,46.84966666666667,87.0,8.398,0.0,75.0,0.0,0.0,14.5,399.0,5.0,16.0,13.0,12436.199,-36.812,1585306.5,0.128,15.188,0.08,1263.0,35.705486,51.266945,12.0,270.0,-0.2617993877991495,0.0,0.0
2024-11-18 16:03:06,32.0,32.0,23.4,20.6,740080,0.0,64.0,32.0,47.23233333333334,87.0,8.352666666666666,0.0,76.0,0.0,0.0,14.5,399.0,5.0,16.0,13.0,12436.199,-36.812,1585306.5,0.128,15.188,0.08,1263.0,35.705486,51.266945,12.0,270.0,0.0,0.0,0.0
2024-11-18 16:03:12,35.3,34.6,24.7,21.4,756170,,,,,,,,,,,,,,,,,,,,,,,,,,,,0.0,0.0
2024-11-18 16:03:18,26.3,26.3,22.9,20.4,742450,,,,,,,,,,,,,,,,,,,,,,,,,,,,0.0,0.0
2024-11-18 16:03:24,30.0,30.0,25.3,20.7,738920,,,,,,,,,,,,,,,,,,,,,,,,,,,,0.0,0.0
2024-11-18 16:03:30,32.3,32.3,22.3,20.2,725070,,,,,,,,,,,,,,,,,,,,,,,,,,,,0.0,0.0
2024-11-18 16:03:36,28.7,28.6,24.0,20.3,733930,,,,,,,,,,,,,,,,,,,,,,,,,,,,0.0,0.0
2024-11-18 16:03:42,29.4,29.4,23.9,20.6,730910,,,,,,,,,,,,,,,,,,,,,,,,,,,,0.0,0.0
2024-11-18 16:03:48,28.9,28.9,22.6,20.1,717710,,,,,,,,,,,,,,,,,,,,,,,,,,,,0.0,0.0
2024-11-18 16:03:54,27.5,27.5,23.4,20.4,742450,,,,,,,,,,,,,,,,,,,,,,,,,,,,0.0,0.0
2024-11-18 16:04:00,27.3,27.3,24.7,21.7,782800,,,,,,,,,,,,,,,,,,,,,,,,,,,,0.0,0.0
2024-11-18 16:04:06,43.1,43.1,31.0,24.7,888920,,,,,,,,,,,,,,,,,,,,,,,,,,,,0.0,0.0
2024-11-18 16:04:12,38.4,38.4,28.1,24.4,886340,,,,,,,,,,,,,,,,,,,,,,,,,,,,0.0,0.0
2024-11-18 16:04:18,39.9,39.9,30.8,24.6,892370,,,,,,,,,,,,,,,,,,,,,,,,,,,,0.0,0.0
2024-11-18 16:04:24,39.5,39.5,30.6,25.1,902870,,,,,,,,,,,,,,,,,,,,,,,,,,,,0.0,0.0
2024-11-18 16:04:30,44.8,42.2,27.0,24.4,901500,,,,,,,,,,,,,,,,,,,,,,,,,,,,0.0,0.0
2024-11-18 16:04:36,31.0,31.0,26.3,24.2,894810,,,,,,,,,,,,,,,,,,,,,,,,,,,,0.0,0.0
2024-11-18 16:04:42,30.6,30.6,27.1,24.1,887000,,,,,,,,,,,,,,,,,,,,,,,,,,,,0.0,0.0
2024-11-18 16:04:48,26.3,26.3,25.0,22.8,845570,,,,,,,,,,,,,,,,,,,,,,,,,,,,0.0,0.0
2024-11-18 16:04:54,28.3,28.3,25.1,23.0,848560,,,,,,,,,,,,,,,,,,,,,,,,,,,,0.0,0.0
2024-11-18 16:05:00,26.4,26.4,24.3,23.0,854680,,,,,,,,,,,,,,,,,,,,,,,,,,,,0.0,0.0
2024-11-18 16:05:06,26.4,26.4,24.6,23.4,863490,,,,,,,,,,,,,,,,,,,,,,,,,,,,0.0,0.0
2024-11-18 16:05:12,29.0,29.0,26.7,23.7,874890,,,,,,,,,,,,,,,,,,,,,,,,,,,,0.0,0.0
2024-11-18 16:05:18,27.1,27.1,25.2,24.1,884620,,,,,,,,,,,,,,,,,,,,,,,,,,,,0.0,0.0
2024-11-18 16:05:24,26.6,26.6,25.4,24.0,886740,,,,,,,,,,,,,,,,,,,,,,,,,,,,0.0,0.0
2024-11-18 16:05:30,29.6,29.6,27.3,24.8,905910,,,,,,,,,,,,,,,,,,,,,,,,,,,,0.0,0.0
2024-11-18 16:05:36,28.3,28.3,26.3,24.5,894960,,,,,,,,,,,,,,,,,,,,,,,,,,,,0.0,0.0
2024-11-18 16:05:42,26.4,26.4,25.2,24.5,903830,,,,,,,,,,,,,,,,,,,,,,,,,,,,0.0,0.0
2024-11-18 16:05:48,29.0,29.0,27.2,24.8,904290,,,,,,,,,,,,,,,,,,,,,,,,,,,,0.0,0.0
2024-11-18 16:05:54,27.0,27.0,25.6,24.3,907030,,,,,,,,,,,,,,,,,,,,,,,,,,,,0.0,0.0
2024-11-18 16:06:00,27.0,27.0,25.5,24.1,896680,,,,,,,,,,,,,,,,,,,,,,,,,,,,0.0,0.0
2024-11-18 16:06:06,27.1,27.1,25.5,24.0,884720,,,,,,,,,,,,,,,,,,,,,,,,,,,,0.0,0.0
2024-11-18 16:06:12,26.0,26.0,25.4,24.1,893640,,,,,,,,,,,,,,,,,,,,,,,,,,,,0.0,0.0
2024-11-18 16:06:18,27.1,27.1,25.5,24.2,884260,,,,,,,,,,,,,,,,,,,,,,,,,,,,0.0,0.0
2024-11-18 16:06:24,24.5,24.5,24.4,23.9,875390,13.383333333333333,1.0,33.0,44.31183333333333,35.666666666666664,4.024333333333334,0.0,89.0,0.0,989.7083333333334,14.333333333333334,417.5,3.0,24.0,13.0,12436.199,-13.187166666666664,1279.5600000000002,0.37199999999999994,18.114333333333335,0.08,1263.0,35.705463,51.26692599999999,12.0,213.85,-0.0008325919672017468,0.0,0.0
2024-11-18 16:06:30,26.5,26.5,25.5,24.2,885930,13.433333333333332,97.0,33.0,41.00533333333333,35.0,3.9205,0.0,83.33333333333333,0.0,981.375,14.5,445.5,3.0,24.0,13.0,12436.199,-14.760333333333334,3449.151,0.3496666666666666,19.38533333333333,0.08,1263.0,35.705463,51.26692599999999,12.0,213.85,0.0,0.0,0.0
2024-11-18 16:06:36,27.9,27.9,25.4,24.0,889840,13.466666666666667,97.0,33.0,39.24783333333334,34.833333333333336,3.812666666666667,0.0,78.66666666666667,0.0,972.5,14.5,472.0,3.0,24.0,13.0,12436.199,-15.177,5524.617166666667,0.3383333333333334,20.448,0.08,1263.0,35.705463,51.26692599999999,12.0,213.85,0.0,0.0,0.0
2024-11-18 16:06:42,27.0,27.0,24.8,23.6,879400,13.466666666666667,97.0,33.0,38.31433333333333,34.0,3.622,0.0,77.83333333333333,0.0,965.5833333333334,14.5,494.0,3.0,24.0,13.0,12436.199,-15.364666666666666,7525.802,0.3275,20.6145,0.08,1263.0,35.705463,51.26692599999999,12.0,213.85,0.0,0.0,0.0
2024-11-18 16:06:48,26.4,26.4,25.6,24.3,885270,13.466666666666667,65.0,33.0,37.759166666666665,36.833333333333336,4.1315,0.38966666666666666,76.83333333333333,0.0,1197.9583333333333,14.5,515.0,3.0,21.333333333333332,13.0,12436.199,-16.729333333333333,9571.723833333333,0.31483333333333335,20.489833333333333,0.08,1263.0,35.705463,51.266918,12.0,270.0,0.1633337291658027,0.0,0.0
2024-11-18 16:06:54,26.8,26.8,26.1,24.3,899880,13.533333333333333,1.0,32.833333333333336,34.0755,51.5,15.284833333333333,16.343333333333334,75.16666666666667,10.833333333333334,2580.4166666666665,14.5,554.5,3.0,10.666666666666666,3.0,12436.204333333333,21.8125,15365.903666666665,1.4475,18.458666666666666,0.08,1263.0,35.705472500000006,51.26685749999999,12.0,276.17,0.035895604949349964,1.8055555555555556,0.0
2024-11-18 16:07:00,27.2,27.2,25.6,23.8,881320,13.516666666666666,17.0,32.666666666666664,27.837500000000002,77.16666666666667,34.85766666666667,25.486333333333334,74.0,38.166666666666664,3198.7916666666665,14.5,651.0,3.0,10.666666666666666,2.0,12436.242833333332,57.854000000000006,28040.43233333333,2.6801666666666666,18.364833333333333,0.08,1263.0,35.7055475,51.266414999999995,12.0,281.75,0.0013380857598624246,4.5555555555555545,0.0
2024-11-18 16:07:06,26.8,26.8,25.4,23.8,888110,13.5,97.0,33.0,34.5695,26.0,7.2331666666666665,0.0,74.0,31.333333333333332,2576.1666666666665,14.5,715.5,3.0,24.0,2.0,12436.309833333333,-20.57283333333333,37952.039,0.6375000000000001,20.781166666666667,0.08,1263.0,35.7056885,51.265669,12.0,283.09,0.00017453292519943974,0.0,1.1388888888888886
2024-11-18 16:07:12,25.2,25.2,24.5,23.4,865620,13.483333333333334,97.0,33.0,39.4255,30.166666666666668,3.0046666666666666,0.0,74.0,7.5,1029.625,14.5,716.5,3.0,24.0,5.5,12436.344,-15.052,40657.8045,0.2881666666666667,20.9375,0.08,1263.0,35.7057765,51.265314499999995,12.0,288.12,0.008726646259971653,0.0,3.972222222222222
2024-11-18 16:07:18,25.3,25.3,24.7,23.7,892220,13.5,97.0,33.0,39.0835,36.166666666666664,3.6745,0.0,75.0,0.0,909.875,14.5,713.5,3.0,24.0,13.0,12436.348,-8.322833333333334,42456.80216666667,0.32233333333333336,20.708333333333332,0.08,1263.0,35.705784,51.26528199999999,12.0,285.86,0.0,0.0,1.25
2024-11-18 16:07:24,27.0,27.0,24.7,23.4,871640,13.516666666666666,97.0,33.0,38.124500000000005,36.333333333333336,3.8990000000000005,0.0,75.0,0.0,944.5,14.5,711.0,3.0,24.0,13.0,12436.348,-8.874833333333333,44458.1015,0.32983333333333337,20.552,0.08,1263.0,35.705784,51.265277999999995,12.0,277.93,-0.04613486989438348,0.0,0.0
2024-11-18 16:07:30,25.5,25.5,24.8,23.5,876100,13.5,97.0,32.0,37.95133333333333,31.833333333333332,3.2565000000000004,0.0,74.33333333333333,0.0,964.0833333333334,14.5,708.0,3.0,24.0,13.0,12436.348,-13.562333333333333,46318.617,0.28583333333333333,20.812,0.08,1263.0,35.70578,51.265274,12.0,225.0,-0.2617993877991495,0.0,0.0
2024-11-18 16:07:36,170.9,128.2,19.4,12.1,430920,13.533333333333333,97.0,32.0,37.55733333333333,31.166666666666668,3.192833333333333,0.0,74.0,0.0,962.9583333333334,14.5,705.0,3.0,24.0,13.0,12436.348,-14.781333333333334,48029.213500000005,0.283,20.843500000000002,0.08,1263.0,35.705776,51.265274,12.0,180.0,0.0,0.0,0.0
2024-11-18 16:07:42,610.6,560.9,448.9,302.5,10032340,13.516666666666666,97.0,32.0,37.39933333333333,31.0,3.1245,0.0,73.66666666666667,0.0,952.2916666666666,14.5,702.0,3.0,24.0,13.0,12436.348,-14.374833333333333,49724.763,0.2783333333333333,20.896,0.08,1263.0,35.705774,51.265274,12.0,180.0,0.0,0.0,0.0
2024-11-18 16:07:48,407.9,398.5,266.1,192.6,7752610,13.483333333333334,97.0,32.0,37.2515,31.333333333333332,3.1135,0.0,73.83333333333333,0.0,948.5833333333334,14.5,699.0,3.0,24.0,13.0,12436.348,-14.479166666666666,51408.294499999996,0.2808333333333333,20.8855,0.08,1263.0,35.705772,51.265274,12.0,180.0,0.0,0.0,0.0
2024-11-18 16:07:54,87.0,76.9,30.8,28.9,1151370,13.516666666666666,97.0,32.0,37.241499999999995,31.0,3.124,0.0,73.83333333333333,0.0,962.75,14.5,696.0,3.0,24.0,13.0,12436.348,-14.6665,53085.9375,0.2786666666666667,20.896,0.08,1263.0,35.705772,51.265274,12.0,180.0,0.0,0.0,0.0
2024-11-18 16:08:00,33.5,31.8,23.6,19.9,716150,13.516666666666666,33.0,32.833333333333336,35.315,41.333333333333336,12.565333333333333,17.6635,73.66666666666667,4.5,1692.625,14.5,697.5,3.0,13.333333333333334,7.0,12436.348666666667,14.676833333333333,55989.06,1.0285,19.218666666666667,0.08,1263.0,35.705774,51.2652625,12.0,231.045,0.2969677722268352,0.75,0.0
2024-11-18 16:08:06,25.8,25.8,22.2,19.9,709810,13.516666666666666,1.0,33.0,28.392,38.166666666666664,14.272499999999999,15.669833333333335,73.0,28.833333333333332,3451.7083333333335,14.5,738.0,3.0,13.333333333333334,1.5,12436.375,9.531500000000001,65875.65366666667,1.3788333333333334,20.718833333333333,0.08,1263.0,35.7058355,51.264946,12.0,283.54,0.0054977871437822635,4.055555555555555,0.0
2024-11-18 16:08:12,24.5,24.5,22.3,20.0,718320,13.516666666666666,1.0,33.0,21.394666666666666,39.333333333333336,13.1875,17.090999999999998,73.0,35.0,2834.7916666666665,14.5,748.5,3.0,8.0,2.0,12436.429666666665,17.5,73522.461,1.3566666666666667,19.656499999999998,0.08,1263.0,35.7061215,51.264473,12.0,318.11999999999995,0.13994631718907855,1.027777777777778,0.0
2024-11-18 16:08:18,53.4,44.8,27.9,19.8,707940,13.549999999999999,1.0,32.5,16.429166666666667,60.0,34.885333333333335,24.18733333333334,74.33333333333333,49.5,3806.2916666666665,14.5,799.0,3.0,10.666666666666666,2.1666666666666665,12436.4975,42.364666666666665,88015.98183333332,2.6451666666666664,19.656166666666667,0.08,1263.0,35.7067355,51.264473,12.0,8.049999999999999,0.11783881333048386,2.4166666666666665,0.0
2024-11-18 16:08:24,25.4,25.4,21.8,20.2,723350,13.483333333333334,81.0,33.0,26.111,26.666666666666668,5.151666666666666,0.0,75.0,32.166666666666664,1919.9166666666667,14.5,814.5,3.0,24.0,4.5,12436.576833333333,-19.573,96921.81783333333,0.432,20.895666666666667,0.08,1263.0,35.707452999999994,51.2647095,12.0,15.930000000000001,0.010181087303300255,0.0,2.8888888888888893
2024-11-18 16:08:30,36.1,35.9,27.0,20.8,717660,13.516666666666666,97.0,33.0,32.870666666666665,32.333333333333336,3.1494999999999997,0.0,75.0,0.0,937.0,14.5,811.5,3.0,24.0,13.0,12436.598,-15.687666666666667,98919.5,0.30116666666666664,20.8645,0.08,1263.0,35.707603,51.264762999999995,12.0,16.45,0.0010181087303300091,0.0,5.361111111111111
2024-11-18 16:08:36,35.4,35.4,26.2,20.7,710710,13.549999999999999,33.0,33.0,32.5455,45.333333333333336,7.397666666666666,8.848,75.0,1.3333333333333333,995.125,14.5,808.0,3.0,16.0,9.0,12436.598,9.885333333333334,100995.15366666667,0.6248333333333334,18.906000000000002,0.08,1263.0,35.707605,51.264762999999995,12.0,8.225,-0.04785111032551117,0.2222222222222222,0.0
2024-11-18 16:08:42,24.6,24.6,20.9,19.6,702500,13.5,1.0,32.5,27.452166666666667,47.833333333333336,13.839166666666666,16.91433333333333,74.66666666666667,16.833333333333332,2506.6666666666665,14.5,802.0,3.0,10.666666666666666,1.0,12436.610666666667,22.968833333333333,106024.047,1.3118333333333334,18.791666666666668,0.08,1263.0,35.707737,51.264795,12.0,11.299999999999999,0.032899456400093126,2.583333333333333,0.0
2024-11-18 16:08:48,23.3,23.3,21.6,19.5,703210,13.566666666666668,1.0,32.166666666666664,27.526333333333337,52.0,16.544833333333333,19.900000000000002,73.83333333333333,31.5,2607.7916666666665,14.5,803.5,3.0,10.666666666666666,2.0,12436.650500000002,32.5315,114707.00766666666,1.4921666666666666,18.281166666666667,0.08,1263.0,35.708117,51.264886499999996,12.0,10.935,-0.002152572744126284,2.4444444444444446,0.0
2024-11-18 16:08:54,33.3,32.7,25.0,21.8,795730,13.483333333333334,33.0,32.5,29.1895,94.66666666666667,54.370000000000005,34.545833333333334,74.0,33.333333333333336,2769.5416666666665,13.033333333333333,810.0,3.0,13.333333333333334,2.0,12436.703833333333,84.94783333333334,125335.18216666667,5.3245000000000005,21.302,0.08,1263.0,35.708608500000004,51.2649975,12.0,10.35,-0.0005235987755982363,0.30555555555555597,0.0
2024-11-18 16:09:00,27.0,27.0,22.1,20.5,739280,13.533333333333333,1.0,32.5,23.769833333333334,100.0,59.5865,34.61666666666667,74.83333333333333,61.833333333333336,3926.7916666666665,12.266666666666666,854.0,3.0,13.333333333333334,2.6666666666666665,12436.781333333332,92.85449999999999,161611.63783333334,7.427333333333334,24.906333333333333,0.08,1263.0,35.709326,51.265153999999995,12.0,9.59,-0.00695222818711079,4.75,0.0
2024-11-18 16:09:06,27.1,26.5,21.9,20.0,726780,13.549999999999999,1.0,32.0,21.106166666666667,69.16666666666667,28.95483333333333,34.8845,75.0,87.5,4950.333333333333,14.033333333333333,895.0,3.0,8.0,3.0,12436.906333333332,59.927,206408.987,4.5441666666666665,24.5415,0.08,1263.0,35.71048149999999,51.265421,12.0,11.51,0.012682725897825417,4.277777777777778,0.0
2024-11-18 16:09:12,24.9,24.9,21.3,19.2,696060,13.566666666666668,1.0,32.333333333333336,24.418000000000003,96.33333333333333,63.11566666666667,50.33916666666667,75.66666666666667,93.0,4588.291666666667,12.783333333333333,903.0,3.0,8.0,3.5,12437.054666666665,87.60449999999999,232720.29933333336,8.303333333333333,25.572999999999997,0.08,1263.0,35.7118455,51.2657945,12.0,12.65,0.0013671745807289709,0.9166666666666666,0.0
2024-11-18 16:09:18,23.9,23.9,21.5,19.4,703060,13.583333333333334,1.0,32.333333333333336,23.917666666666666,57.833333333333336,18.738666666666667,15.7995,76.0,97.16666666666667,3596.5833333333335,14.25,906.5,3.0,18.666666666666668,4.666666666666667,12437.213000000002,32.53133333333333,272266.7656666667,2.6921666666666666,21.729166666666668,0.08,1263.0,35.713293,51.2661955,12.0,12.535000000000002,-0.0016289739685280474,0.6944444444444452,0.0
2024-11-18 16:09:24,27.3,26.7,20.8,19.2,693240,13.6,1.0,32.0,31.830333333333332,28.666666666666668,9.381166666666667,8.542333333333334,76.0,87.33333333333333,2847.9166666666665,14.5,897.0,3.0,10.666666666666666,5.0,12437.366499999998,-4.604333333333333,280526.8538333333,0.7873333333333333,20.6665,0.08,1263.0,35.714698500000004,51.266403,12.0,183.46,-0.03729186835094549,0.0,1.6388888888888904
2024-11-18 16:09:30,25.5,25.4,20.8,19.2,695510,13.6,1.0,32.0,35.01733333333333,46.5,14.835333333333333,19.196,75.83333333333333,84.16666666666667,2740.875,14.5,886.5,3.0,8.0,5.0,12437.507833333335,27.8125,286912.5205,1.4603333333333335,18.656166666666667,0.08,1263.0,35.716013,51.266325,12.0,356.46,-0.008901179185171087,0.0,0.5277777777777762
2024-11-18 16:09:36,27.0,27.0,22.9,19.8,705630,13.616666666666667,1.0,32.0,36.28966666666667,49.833333333333336,15.434833333333335,20.657333333333334,75.33333333333333,84.83333333333333,2777.5416666666665,14.5,874.5,3.0,8.0,5.0,12437.648500000001,31.4165,295824.7918333334,1.5238333333333334,18.531333333333333,0.08,1263.0,35.717318,51.266222,12.0,355.97499999999997,-0.004217879025652929,0.11111111111110954,0.0
2024-11-18 16:09:42,29.6,29.5,21.0,19.1,684230,13.633333333333333,1.0,32.0,37.727333333333334,38.666666666666664,11.837000000000002,11.563666666666668,75.0,84.5,2759.9166666666665,14.5,864.0,3.0,13.333333333333334,5.0,12437.788999999999,3.478999999999999,303683.3281666667,0.9225,19.61466666666667,0.08,1263.0,35.718626,51.266023499999996,12.0,351.8500000000001,-0.012973614106491123,0.0,0.05555555555555477
2024-11-18 16:09:48,41.4,40.6,28.3,20.9,722950,13.649999999999999,1.0,32.0,39.48466666666667,33.666666666666664,9.651666666666666,5.907333333333334,75.0,79.83333333333333,2610.9583333333335,14.1,855.0,3.0,13.333333333333334,5.0,12437.9265,-8.489666666666666,308421.94283333333,0.8195,20.010166666666667,0.08,1263.0,35.7198755,51.2657145,12.0,347.26,-0.015649785626215808,0.0,0.7777777777777786
2024-11-18 16:09:54,82.9,81.4,30.2,21.2,710310,13.633333333333333,1.0,32.0,38.0625,52.333333333333336,15.407000000000002,19.101499999999998,74.0,76.66666666666667,2504.2916666666665,14.5,846.0,3.0,8.0,5.0,12438.055166666667,34.604166666666664,314563.9945,1.4866666666666666,18.25,0.08,1263.0,35.721033,51.265316000000006,12.0,344.155,-0.0026179938779915934,0.0,0.5277777777777762
2024-11-18 16:10:00,44.8,44.1,25.1,19.9,696360,13.666666666666666,1.0,32.0,37.922000000000004,44.5,12.6395,11.965333333333334,74.0,76.66666666666667,2504.0833333333335,14.133333333333333,837.0,3.0,16.0,5.0,12438.182833333334,11.7605,323562.2293333334,1.1075,18.885666666666665,0.08,1263.0,35.722165999999994,51.2648605,12.0,340.665,-0.014748032179352064,0.0,0.0
2024-11-18 16:10:06,26.0,26.0,21.4,19.5,689420,13.633333333333333,1.0,32.0,39.23683333333333,39.833333333333336,14.110333333333335,10.062666666666667,74.0,69.33333333333333,2263.25,14.083333333333334,828.0,3.0,18.666666666666668,5.0,12438.305999999999,-9.177,327365.68233333336,0.7351666666666666,19.125,0.08,1263.0,35.723213,51.264314500000005,12.0,335.99,-0.011722794809228498,0.0,1.2222222222222239
2024-11-18 16:10:12,66.0,58.9,29.0,20.1,695610,13.616666666666667,38.333333333333336,32.0,40.8295,56.0,30.425166666666666,22.711166666666667,74.0,53.0,1725.2916666666667,14.200000000000001,820.5,3.0,18.666666666666668,5.0,12438.410166666667,23.06233333333333,331807.2968333333,1.0563333333333333,17.124666666666666,0.08,1263.0,35.724090499999996,51.263814499999995,12.0,335.64000000000004,0.004391159879483737,0.0,2.7222222222222214
2024-11-18 16:10:18,73.4,72.8,37.5,21.7,709200,13.616666666666667,1.0,32.5,37.593333333333334,55.666666666666664,23.396,15.639166666666666,74.0,51.333333333333336,1852.125,14.316666666666668,814.0,3.0,16.0,4.5,12438.492833333332,20.895833333333332,340990.13550000003,1.0111666666666668,18.42716666666667,0.08,1263.0,35.724794499999994,51.263419999999996,12.0,335.005,-0.006370451769779298,0.0,0.2777777777777774
2024-11-18 16:10:24,54.1,45.6,23.9,19.5,698380,13.616666666666667,1.0,32.0,35.61816666666667,81.66666666666667,33.506499999999996,31.6585,74.0,53.333333333333336,2234.5,13.950000000000001,813.0,3.0,8.0,4.0,12438.578833333333,74.97933333333334,349149.9585,3.1038333333333328,17.916833333333333,0.08,1263.0,35.725519,51.263008000000006,12.0,335.14,-0.0011344640137964403,0.3333333333333333,0.0
2024-11-18 16:10:30,53.5,53.5,37.9,24.1,751170,13.6,1.0,32.0,29.453333333333333,102.16666666666667,33.654666666666664,30.361500000000003,74.0,72.83333333333333,3037.75,13.066666666666668,836.5,3.0,8.0,4.0,12438.680833333332,85.1355,379999.44283333333,4.6285,21.781333333333333,0.08,1263.0,35.7263795,51.2624835,12.0,333.93,0.0039269908169873085,3.2499999999999987,0.0
2024-11-18 16:10:36,139.8,107.5,57.5,29.5,837830,13.616666666666667,1.0,32.0,30.956,40.5,14.357333333333335,18.536333333333335,74.0,75.16666666666667,3131.2083333333335,14.5,837.5,3.0,8.0,4.0,12438.805833333334,18.958333333333332,395801.2083333333,1.4046666666666665,19.656166666666667,0.08,1263.0,35.727436,51.2618615,12.0,334.01,-0.005235987755983021,0.38888888888889045,0.0
2024-11-18 16:10:42,179.3,162.2,52.5,28.4,803410,13.616666666666667,1.0,32.0,33.129333333333335,42.5,14.325000000000001,18.7285,74.16666666666667,73.0,3041.875,14.5,831.5,3.0,8.0,4.0,12438.928333333335,20.927,403968.6405,1.3833333333333335,19.30216666666667,0.08,1263.0,35.7284605,51.261247999999995,12.0,334.38000000000005,0.003519747324855337,0.0,0.3611111111111119
2024-11-18 16:10:48,151.5,143.8,74.8,32.3,837630,13.616666666666667,1.0,32.0,33.828833333333336,41.333333333333336,13.835166666666666,18.354833333333332,74.33333333333333,72.16666666666667,2999.5416666666665,14.5,825.5,3.0,8.0,4.0,12439.048999999999,19.271,412037.55216666666,1.3171666666666668,19.375,0.08,1263.0,35.729473000000006,51.260645000000004,12.0,334.17,-0.00037815467126542493,0.0,0.1388888888888881
2024-11-18 16:10:54,82.7,82.7,57.6,29.6,821850,13.633333333333333,1.0,32.0,34.24783333333333,49.333333333333336,16.573666666666664,22.179333333333332,74.0,72.83333333333333,3041.125,14.5,821.0,3.0,8.0,4.0,12439.168666666666,31.489333333333335,421442.05216666666,1.691,18.6355,0.08,1263.0,35.7304765,51.2600535,12.0,334.37,-0.0006399540590646669,0.11111111111110954,0.0
2024-11-18 16:11:00,67.1,67.0,43.2,24.2,748250,13.6,1.0,32.0,33.78483333333333,48.5,16.627333333333333,22.238,74.0,74.66666666666667,3113.0833333333335,14.5,817.5,3.0,8.0,4.0,12439.290333333332,30.06233333333333,431645.82266666665,1.6864999999999999,18.823166666666665,0.08,1263.0,35.731514,51.259478,12.0,336.19,0.005061454830783582,0.30555555555555713,0.0
2024-11-18 16:11:06,47.7,47.0,31.8,22.6,728390,13.616666666666667,1.0,32.0,34.5155,36.333333333333336,12.927666666666667,16.443,74.16666666666667,73.0,3041.9583333333335,14.5,814.0,3.0,8.0,4.0,12439.413999999999,12.791666666666666,439892.71866666665,1.2256666666666667,19.791666666666668,0.08,1263.0,35.732578,51.258949,12.0,338.665,0.007475826962709025,0.0,0.27777777777777857
2024-11-18 16:11:12,50.6,50.6,34.8,22.3,718060,13.633333333333333,1.0,32.0,31.607166666666668,54.666666666666664,19.554166666666667,21.828500000000002,74.0,71.5,2975.7083333333335,14.5,811.0,3.0,8.0,4.0,12439.533000000001,39.9585,447960.3488333333,1.8988333333333334,18.26033333333333,0.08,1263.0,35.733635,51.25857349999999,12.0,347.73499999999996,0.043662320120724775,0.0,0.25
2024-11-18 16:11:18,38.9,38.9,25.2,19.7,683480,13.666666666666666,17.0,32.0,21.391000000000002,36.666666666666664,11.709000000000001,6.7139999999999995,74.16666666666667,70.5,2927.6666666666665,14.5,812.0,3.0,16.0,4.0,12439.652500000002,-9.25,457168.24483333336,0.6501666666666667,19.9375,0.08,1263.0,35.7346915,51.258849999999995,12.0,21.035,0.1053306203578579,0.0,0.16666666666666666
2024-11-18 16:11:24,36.8,36.2,26.4,20.8,703560,13.666666666666666,1.0,32.0,15.696,90.33333333333333,33.6725,28.79433333333333,74.0,71.33333333333333,2971.0416666666665,13.966666666666667,821.5,3.0,8.0,4.0,12439.7675,96.35416666666667,467480.19783333334,4.043666666666667,18.270833333333332,0.08,1263.0,35.7353955,51.25977700000001,12.0,55.595,0.10131636307827085,0.1388888888888881,0.0
2024-11-18 16:11:30,43.0,41.1,26.7,20.3,694550,13.649999999999999,1.0,32.5,15.339333333333334,53.0,19.816,16.673666666666666,74.5,86.0,3465.7083333333335,14.5,850.5,3.0,16.0,4.166666666666667,12439.898500000001,25.417,488845.23949999997,1.9846666666666668,19.75,0.08,1263.0,35.735612999999994,51.261238,12.0,84.425,0.0629482083552622,2.444444444444445,0.0
2024-11-18 16:11:36,28.4,28.4,22.8,19.4,693540,13.6,33.0,32.0,25.579333333333334,28.333333333333332,8.806,3.155333333333333,74.66666666666667,84.16666666666667,2737.8333333333335,14.5,849.0,3.0,16.0,5.0,12440.038999999999,-26.072999999999997,495030.05199999997,0.3875,20.583166666666667,0.08,1263.0,35.735699000000004,51.2628685,12.0,86.16000000000001,-0.0013660703098068803,0.0,0.30555555555555475
2024-11-18 16:11:42,28.6,28.5,22.6,19.6,692240,13.649999999999999,1.0,32.0,30.889499999999998,62.166666666666664,25.6805,20.157500000000002,74.33333333333333,77.33333333333333,2517.5833333333335,14.25,841.0,3.0,13.333333333333334,5.0,12440.172666666665,39.020833333333336,499339.8958333333,1.6953333333333331,17.56266666666667,0.08,1263.0,35.735775,51.2643755,12.0,86.735,0.0031997702953229213,0.0,1.1388888888888904
2024-11-18 16:11:48,27.8,27.8,22.9,19.3,673010,13.616666666666667,1.0,32.0,29.926833333333335,111.16666666666667,50.059666666666665,39.6315,74.0,81.83333333333333,2665.4166666666665,13.266666666666666,840.5,3.0,10.666666666666666,5.0,12440.302666666665,100.94783333333334,515706.57300000003,4.615666666666667,19.375,0.08,1263.0,35.7358495,51.2658655,12.0,86.395,-0.0009890199094633797,0.75,0.0
2024-11-18 16:11:54,35.4,35.4,26.8,19.5,696110,13.633333333333333,65.0,32.5,31.712833333333332,30.333333333333332,6.329000000000001,1.9698333333333335,74.0,82.83333333333333,2083.5416666666665,14.0,843.5,3.0,21.333333333333332,7.666666666666667,12440.444000000001,-12.854333333333335,536563.4898333333,0.5568333333333334,20.406166666666667,0.08,1263.0,35.735901000000005,51.267480500000005,12.0,88.385,0.0074467381418424775,0.16666666666666666,0.0
2024-11-18 16:12:00,66.3,66.0,47.0,25.0,752890,13.616666666666667,49.0,32.0,28.460166666666666,31.166666666666668,3.0400000000000005,0.0,74.66666666666667,65.83333333333333,976.9583333333334,14.5,840.0,3.0,24.0,13.0,12440.565833333334,-14.1145,538667.823,0.294,20.770666666666667,0.08,1263.0,35.735786499999996,51.2688485,12.0,101.08999999999999,0.05384340742402505,0.0,2.8333333333333335
2024-11-18 16:12:06,237.8,235.3,110.0,35.5,859140,13.6,1.0,32.0,26.0445,28.5,4.758166666666667,2.8676666666666666,75.66666666666667,61.0,1473.9166666666667,14.5,836.0,3.0,16.0,8.666666666666666,12440.670666666667,-9.302166666666666,540579.7395,0.441,20.479,0.08,1263.0,35.73534,51.26989749999999,12.0,122.88,0.058817595792208986,0.0,0.8055555555555548
2024-11-18 16:12:12,107.1,105.0,38.0,22.1,708650,13.6,1.0,32.0,28.7145,24.5,7.447500000000001,5.600833333333333,74.0,58.5,2673.7916666666665,14.5,828.5,3.0,8.0,3.6666666666666665,12440.7695,-9.395833333333334,543818.1251666667,0.6655,21.052,0.08,1263.0,35.7347225,51.27073099999999,12.0,133.91,0.01724967077387723,0.0,0.4166666666666667
2024-11-18 16:12:18,48.7,48.7,29.8,20.7,694950,13.6,1.0,32.333333333333336,29.736333333333334,27.333333333333332,11.487,8.404,72.33333333333333,56.666666666666664,3916.7083333333335,14.5,825.0,3.0,13.333333333333334,2.3333333333333335,12440.863166666668,-22.093666666666667,548849.4895,0.8528333333333333,22.572999999999997,0.08,1263.0,35.734043500000006,51.2714295,12.0,142.815,0.030543261909900764,0.0,0.30555555555555597
2024-11-18 16:12:24,41.1,41.1,31.9,21.3,692540,13.616666666666667,1.0,32.333333333333336,34.09366666666667,44.833333333333336,11.137333333333332,14.1825,73.33333333333333,57.166666666666664,2118.5416666666665,14.5,821.0,3.0,10.666666666666666,4.666666666666667,12440.957666666667,22.75016666666667,554249.4375,1.0491666666666666,18.5625,0.08,1263.0,35.733396500000005,51.2721425,12.0,134.395,-0.04465134003018823,0.08333333333333333,0.0
2024-11-18 16:12:30,53.3,53.3,39.2,23.8,719270,13.649999999999999,1.0,32.0,35.39383333333333,49.833333333333336,12.4225,20.436,74.5,62.833333333333336,2052.75,14.5,813.0,3.0,8.0,5.0,12441.057999999999,35.427166666666665,561144.3126666667,1.1131666666666666,18.2085,0.08,1263.0,35.732842999999995,51.27306000000001,12.0,125.95,-0.00820304748437333,0.9444444444444452,0.0
2024-11-18 16:12:36,46.3,46.3,30.4,21.1,700440,13.616666666666667,1.0,32.0,36.07233333333333,46.166666666666664,12.253,19.128666666666664,76.16666666666667,66.83333333333333,2189.0833333333335,14.5,804.0,3.0,8.0,5.0,12441.165333333332,27.791833333333333,567907.6458333334,1.1265,18.5625,0.08,1315.0,35.7321815,51.2742555,12.0,122.255,-0.021583905082996586,0.6666666666666655,0.0
2024-11-18 16:12:42,48.8,48.8,35.3,21.5,700040,13.633333333333333,1.0,32.0,37.004333333333335,41.0,11.040999999999999,15.848333333333334,75.83333333333333,69.66666666666667,2274.5833333333335,14.5,794.5,3.0,8.0,5.0,12441.279333333334,17.24983333333333,574176.4581666667,1.004,19.281499999999998,0.08,1313.5,35.731711999999995,51.275427,12.0,115.80000000000001,-0.005643231248114993,0.4722222222222238,0.0
2024-11-18 16:12:48,67.8,67.7,42.1,22.1,705120,13.6,1.0,32.0,35.99033333333333,35.0,9.710666666666667,10.16,73.16666666666667,71.83333333333333,2332.0833333333335,14.083333333333334,786.5,3.0,10.666666666666666,5.0,12441.3965,0.8956666666666667,579732.427,0.7374999999999999,19.645666666666667,0.08,1311.5,35.731165,51.2766,12.0,121.12,0.014718943358485517,0.36111111111110955,0.0
2024-11-18 16:12:54,78.0,77.8,46.0,24.0,717460,13.616666666666667,1.0,32.0,35.808166666666665,33.166666666666664,9.143666666666666,3.0595,73.5,72.0,2342.5,14.5,780.5,3.0,18.666666666666668,5.0,12441.516166666668,-26.021,583573.6353333333,0.2205,19.760166666666667,0.08,1308.5,35.730518499999995,51.277713500000004,12.0,127.67,0.02402736603578866,0.027777777777778567,0.0
2024-11-18 16:13:00,85.3,84.6,48.2,26.9,761970,13.616666666666667,65.0,32.0,36.91766666666667,31.666666666666668,8.110666666666667,0.0,74.66666666666667,66.33333333333333,2158.4166666666665,14.5,774.5,3.0,24.0,5.0,12441.631499999998,-36.03116666666667,583779.75,0.0,19.645833333333332,0.08,1306.5,35.7298355,51.278572,12.0,136.86499999999998,0.02388192193145568,0.0,0.9444444444444452
2024-11-18 16:13:06,62.8,62.8,38.8,23.9,737810,13.6,81.0,32.0,42.66983333333334,33.333333333333336,6.075833333333333,1.8941666666666668,75.33333333333333,44.0,1445.875,13.9,769.0,3.0,21.333333333333332,5.0,12441.725833333332,-23.739833333333333,583910.5625,0.19633333333333333,19.478833333333334,0.08,1306.0,35.7292215,51.279194,12.0,141.58,0.011897327734428023,0.0,3.7222222222222214
2024-11-18 16:13:12,74.4,72.0,36.9,23.3,725070,13.616666666666667,1.0,32.5,40.55166666666667,73.66666666666667,22.6425,19.7115,76.0,38.5,1419.8333333333333,14.450000000000001,763.5,3.0,13.333333333333334,4.5,12441.789666666666,55.374833333333335,587815.4271666667,1.5986666666666665,16.854166666666668,0.08,1306.0,35.728752,51.279622999999994,12.0,143.88,0.004712388980384702,0.0,0.9166666666666666
2024-11-18 16:13:18,74.7,72.2,44.4,25.0,763380,13.649999999999999,1.0,32.166666666666664,35.17483333333333,70.66666666666667,25.5335,25.99383333333333,74.83333333333333,57.166666666666664,2385.0416666666665,14.483333333333334,777.0,3.0,10.666666666666666,4.0,12441.867166666665,62.70816666666667,600431.7811666667,1.992,16.833166666666667,0.08,1303.5,35.728098,51.280212,12.0,143.69500000000002,-0.0034906585039886254,3.1111111111111107,0.0
2024-11-18 16:13:24,64.9,64.7,39.1,25.0,775280,13.583333333333334,1.0,32.5,33.394666666666666,75.33333333333333,35.42433333333333,25.313333333333333,72.83333333333333,74.66666666666667,3743.2916666666665,13.75,814.5,3.0,13.333333333333334,3.5,12441.974499999998,39.1045,621114.6041666666,4.0925,22.677166666666665,0.08,1298.5,35.7271995,51.28104199999999,12.0,143.06,-0.0013089969389957967,2.916666666666668,0.0
2024-11-18 16:13:30,238.2,66.1,24.5,19.9,686550,13.566666666666668,49.0,32.333333333333336,32.084666666666664,68.16666666666667,34.902499999999996,32.497166666666665,73.66666666666667,87.0,3653.0416666666665,13.049999999999999,849.5,3.0,18.666666666666668,4.0,12442.114000000001,32.645833333333336,655229.6145,4.418666666666667,23.583333333333332,0.08,1294.0,35.726137,51.282020499999994,12.0,143.585,0.004421500771718999,2.055555555555555,0.0
2024-11-18 16:13:36,49.7,49.7,36.6,21.9,720430,13.6,97.0,32.0,37.7305,30.333333333333332,10.005833333333333,0.0,75.5,71.0,2942.0833333333335,14.5,847.0,3.0,24.0,4.0,12442.244666666666,-36.70816666666666,662103.562,0.0,20.468666666666667,0.08,1291.0,35.7251915,51.2828825,12.0,143.56500000000003,0.0008726646259971967,0.0,2.6666666666666665
2024-11-18 16:13:42,77.2,77.2,41.6,23.0,759290,13.6,33.0,32.0,40.6295,60.0,23.262,19.61,76.16666666666667,58.333333333333336,2450.0,14.200000000000001,840.5,3.0,16.0,4.0,12442.351499999999,34.01066666666667,663961.5518333333,1.8253333333333333,17.781333333333333,0.08,1288.0,35.724430000000005,51.283581,12.0,142.87,-0.004770566622117878,0.0,2.1111111111111107
2024-11-18 16:13:48,53.0,52.1,25.2,19.1,680310,13.6,1.0,32.0,35.9105,59.0,18.828666666666667,17.702166666666667,73.66666666666667,74.83333333333333,3111.5416666666665,14.15,844.0,3.0,8.0,4.0,12442.460333333334,37.896,682109.9895,2.1776666666666666,20.343833333333333,0.08,1285.5,35.7235775,51.28436250000001,12.0,143.51000000000002,0.002327105669325806,2.7499999999999987,0.0
2024-11-18 16:13:54,33.1,33.1,23.2,19.0,674320,13.6,1.0,32.0,36.3795,27.5,9.707833333333333,3.9835,73.66666666666667,75.0,3137.0416666666665,14.5,838.5,3.0,16.0,4.0,12442.586000000001,-22.739333333333335,687152.5833333334,0.3953333333333333,21.156333333333333,0.08,1282.0,35.722618000000004,51.285189,12.0,146.14000000000001,0.012653637076958872,0.027777777777778567,0.0
2024-11-18 16:14:00,33.6,33.6,26.4,19.8,690470,13.633333333333333,33.0,32.0,35.649,28.166666666666668,9.467833333333333,2.152,74.83333333333333,71.0,2961.7083333333335,14.5,831.5,3.0,21.333333333333332,4.0,12442.706333333334,-27.416666666666668,688924.3335000001,0.3325,20.833333333333332,0.08,1279.0,35.7216245,51.2858085,12.0,155.85,0.03033964016383478,0.0,0.6666666666666666
2024-11-18 16:14:06,29.0,28.9,22.2,19.2,685190,13.683333333333332,1.0,32.0,34.87616666666667,32.833333333333336,11.189166666666667,11.052666666666667,75.83333333333333,69.83333333333333,2900.0,14.5,826.5,3.0,10.666666666666666,4.0,12442.822166666667,0.17716666666666706,692573.677,0.9656666666666668,20.208333333333332,0.08,1276.5,35.7206,51.28619,12.0,165.795,0.03068870601423357,0.0,0.19444444444444522
2024-11-18 16:14:12,30.0,30.0,24.3,19.2,674520,13.633333333333333,49.0,32.0,34.886,35.333333333333336,11.493833333333333,4.4215,75.33333333333333,66.83333333333333,2788.9166666666665,14.283333333333333,820.5,3.0,21.333333333333332,4.0,12442.938166666667,-21.885499999999997,696276.6355,0.3815,19.9375,0.08,1274.5,35.7195415,51.286356000000005,12.0,174.63,0.02114757276999799,0.0,0.5
2024-11-18 16:14:18,30.7,30.7,25.3,19.8,687810,13.699999999999998,1.0,32.0,33.931666666666665,40.0,12.094500000000002,6.816666666666666,73.16666666666667,67.33333333333333,2811.4166666666665,14.5,816.0,3.0,10.666666666666666,4.0,12443.047,9.302166666666666,702670.0936666667,1.0865,19.7085,0.08,1273.0,35.7185155,51.286438000000004,12.0,176.415,0.001541707505928328,0.08333333333333333,0.0
2024-11-18 16:14:24,26.0,26.0,22.9,19.0,677840,13.649999999999999,1.0,32.0,33.396166666666666,38.333333333333336,12.1425,12.946666666666667,73.33333333333333,68.16666666666667,2824.5416666666665,13.783333333333333,815.0,3.0,16.0,4.0,12443.160166666667,4.750166666666666,711468.8541666666,1.2816666666666665,19.864833333333333,0.08,1273.5,35.7174645,51.286519999999996,12.0,176.295,-0.0009308422677302893,0.13888888888889048,0.0
2024-11-18 16:14:30,29.7,29.7,24.3,19.8,709810,13.683333333333332,1.0,32.0,33.41833333333333,33.833333333333336,11.524499999999998,9.815333333333333,74.5,67.16666666666667,2811.625,13.966666666666667,813.0,3.0,16.0,4.0,12443.272833333334,-8.698,717349.5416666666,1.0573333333333335,20.031333333333333,0.08,1273.0,35.7164195,51.286596,12.0,176.79,0.0019198621771937523,0.0,0.16666666666666666
2024-11-18 16:14:36,27.7,27.7,22.8,19.0,671250,13.683333333333332,1.0,32.0,33.98116666666667,49.833333333333336,15.831833333333334,17.9965,75.83333333333333,70.5,2935.2916666666665,14.5,809.5,3.0,8.0,4.0,12443.384833333332,30.041666666666668,725237.4688333333,1.5328333333333333,18.770666666666667,0.08,1271.5,35.715353,51.286678,12.0,176.23,-0.0023852833110589804,0.5555555555555548,0.0
2024-11-18 16:14:42,26.3,26.3,22.0,19.1,696720,13.683333333333332,1.0,32.0,33.50083333333333,34.666666666666664,12.07,8.243333333333332,75.33333333333333,78.5,3269.4166666666665,14.466666666666667,808.0,3.0,13.333333333333334,4.0,12443.509166666665,-7.968666666666667,734047.9061666667,0.7883333333333332,20.645833333333332,0.08,1266.5,35.714178,51.2867395,12.0,178.615,0.01276999236042522,1.3333333333333333,0.0
2024-11-18 16:14:48,25.2,25.2,22.5,18.8,677340,13.649999999999999,49.0,32.0,30.790833333333335,37.0,13.225499999999998,7.015000000000001,73.16666666666667,80.66666666666667,3353.5,14.5,805.0,3.0,18.666666666666668,4.0,12443.641833333333,-14.8855,739129.0416666666,0.6525,20.6145,0.08,1262.0,35.7129555,51.286511999999995,12.0,192.23000000000002,0.04273147785299448,0.3611111111111119,0.0
2024-11-18 16:14:54,33.3,33.3,27.4,21.5,733030,13.616666666666667,97.0,32.0,32.971333333333334,31.833333333333332,8.676499999999999,0.0,74.0,59.833333333333336,2479.1666666666665,14.5,800.5,3.0,24.0,4.0,12443.763666666666,-36.250166666666665,739985.0,0.0,19.9585,0.08,1259.5,35.711964,51.286011,12.0,206.215,0.038426332364741835,0.0,3.4722222222222228
2024-11-18 16:15:00,66.1,65.5,41.2,28.1,901040,13.633333333333333,1.0,32.0,32.56183333333333,151.83333333333334,83.55783333333333,78.50183333333332,74.5,54.833333333333336,2301.6666666666665,12.033333333333333,810.5,3.0,8.0,4.0,12443.850166666665,153.71866666666668,754205.2811666667,6.961166666666667,19.281333333333333,0.08,1259.0,35.711271,51.2855475,12.0,208.30999999999997,-0.0036651914291881502,0.0,0.8333333333333334
2024-11-18 16:15:06,37.0,35.2,24.7,20.0,716250,13.666666666666666,27.666666666666668,32.0,26.982833333333332,59.333333333333336,25.163,11.859666666666667,76.33333333333333,78.66666666666667,3294.4583333333335,13.816666666666668,842.5,3.0,16.0,4.0,12443.964333333332,11.510333333333334,792513.9476666666,2.1893333333333334,21.854166666666668,0.08,1259.0,35.7102355,51.28497350000001,12.0,202.85500000000002,-0.017976891295541534,3.9722222222222228,0.0
2024-11-18 16:15:12,31.0,31.0,25.4,20.0,687810,13.666666666666666,33.0,32.166666666666664,33.56166666666667,30.166666666666668,9.897166666666667,2.594,75.0,70.5,2939.7916666666665,14.283333333333333,839.0,3.0,21.333333333333332,4.0,12444.088000000002,-28.125,795538.219,0.30716666666666664,20.593999999999998,0.08,1258.5,35.709137000000005,51.284599500000006,12.0,193.05499999999998,-0.026325382884247846,0.0,1.3611111111111118
2024-11-18 16:15:18,34.4,34.4,24.9,20.3,711870,13.6,97.0,32.333333333333336,38.47266666666667,30.666666666666668,4.459333333333333,0.0,73.0,55.833333333333336,1520.6666666666667,14.1,834.0,3.0,24.0,6.333333333333333,12444.197166666667,-19.86466666666667,798281.0,0.36883333333333335,20.208333333333332,0.08,1258.0,35.7082005,51.2843375,12.0,192.79999999999998,0.00020362174606598665,0.0,2.444444444444444
2024-11-18 16:15:24,39.1,38.5,26.7,20.3,705530,13.616666666666667,97.0,32.0,43.897,32.0,3.0893333333333337,0.0,73.5,29.0,990.0,14.5,830.5,3.0,24.0,4.5,12444.266833333333,-15.593666666666666,800282.3331666667,0.32266666666666666,20.729333333333333,0.08,1257.0,35.707632,51.284189,12.0,191.64499999999998,-0.0031125038327232016,0.0,4.472222222222222
2024-11-18 16:15:30,30.1,30.1,24.8,20.5,719630,13.633333333333333,97.0,32.0,44.095166666666664,31.166666666666668,2.7495,0.0,74.5,11.666666666666666,946.4166666666666,14.5,827.5,3.0,24.0,1.8333333333333333,12444.302333333333,-14.760333333333334,802156.969,0.29333333333333333,20.93733333333333,0.08,1257.0,35.7073595,51.28411450000001,12.0,192.635,0.0010181087303300096,0.0,2.8888888888888893
2024-11-18 16:15:36,32.5,32.5,26.7,20.0,700690,13.533333333333333,17.0,33.0,39.66766666666667,48.0,14.694666666666668,13.893666666666666,75.5,11.166666666666666,1839.7916666666667,14.5,823.5,3.0,16.0,1.0,12444.315499999999,18.031166666666667,805440.4686666667,1.0846666666666667,19.031499999999998,0.08,1257.0,35.707232999999995,51.284082500000004,12.0,191.165,0.005294165397716197,0.0,0.08333333333333333
2024-11-18 16:15:42,27.9,27.9,22.4,20.5,721390,13.649999999999999,1.0,32.666666666666664,31.789,63.833333333333336,26.980333333333334,22.99083333333333,76.0,37.666666666666664,3047.0416666666665,14.483333333333334,833.0,3.0,13.333333333333334,2.0,12444.3555,49.5625,816223.0935,2.3196666666666665,18.458333333333332,0.08,1255.5,35.7067985,51.283964,12.0,192.35,-0.003112503832723283,4.416666666666667,0.0
2024-11-18 16:15:48,26.6,26.6,23.1,19.6,692340,13.649999999999999,1.0,32.166666666666664,27.785833333333333,78.5,34.8265,33.23466666666667,75.0,57.166666666666664,3255.875,14.133333333333333,849.0,3.0,8.0,3.0,12444.434166666666,77.448,830408.3645,3.471833333333333,18.593333333333334,0.08,1254.5,35.706022,51.283756000000004,12.0,192.485,0.0030543261909901104,3.25,0.0
2024-11-18 16:15:54,45.2,45.2,34.9,21.8,724410,13.683333333333332,17.0,32.333333333333336,28.891499999999997,36.333333333333336,13.0465,10.156166666666666,74.0,72.66666666666667,3120.0,14.5,861.0,3.0,16.0,3.8333333333333335,12444.543666666666,0.6458333333333334,846502.9061666667,1.0671666666666668,20.083166666666667,0.08,1252.5,35.7049825,51.2834585,12.0,193.0,-0.0009890199094634634,2.5833333333333344,0.0
2024-11-18 16:16:00,32.5,32.5,25.1,20.0,702450,13.633333333333333,97.0,32.0,38.111,32.666666666666664,8.111833333333333,0.0,75.0,54.5,2270.9166666666665,14.5,852.0,3.0,24.0,4.0,12444.654833333334,-36.072833333333335,848890.125,0.0,19.729166666666668,0.08,1250.5,35.7040235,51.283184,12.0,193.255,0.0017162404311277673,0.0,3.0277777777777786
2024-11-18 16:16:06,32.5,32.5,22.2,20.0,697220,13.649999999999999,17.0,32.0,40.213,39.666666666666664,7.861833333333333,5.433,76.0,40.666666666666664,1709.2916666666667,14.416666666666666,841.0,3.0,13.333333333333334,4.0,12444.729166666666,-2.6668333333333343,850712.1355,0.6146666666666667,18.6145,0.08,1248.5,35.703384500000006,51.282999,12.0,192.835,-0.004683300159518157,0.0,2.305555555555556
2024-11-18 16:16:12,33.7,33.7,26.3,21.6,736000,13.6,97.0,32.0,39.281666666666666,33.5,4.783666666666666,0.0,75.66666666666667,31.5,1314.4166666666667,14.1,832.0,3.0,24.0,4.0,12444.792333333333,-25.125333333333334,852569.6871666666,0.19199999999999998,19.770833333333332,0.08,1247.5,35.702856,51.2827725,12.0,205.67999999999998,0.062424609579663885,0.0,1.5277777777777775
2024-11-18 16:16:18,52.0,50.3,33.7,22.8,755310,13.6,65.0,32.833333333333336,35.094500000000004,35.666666666666664,4.938,4.031333333333333,73.66666666666667,17.166666666666668,1021.7083333333334,14.5,828.5,3.0,21.333333333333332,3.0,12444.832,1.166333333333333,854354.1875,0.5101666666666667,20.166666666666668,0.08,1247.0,35.702648,51.282481999999995,12.0,239.77,0.10032734316880738,0.0,2.388888888888889
2024-11-18 16:16:24,44.3,44.3,31.6,22.6,764740,13.633333333333333,1.0,32.166666666666664,26.355166666666666,80.33333333333333,30.156499999999998,31.695166666666665,73.0,35.666666666666664,2945.9583333333335,14.299999999999999,835.0,3.0,10.666666666666666,2.0,12444.869666666666,67.67683333333333,865948.7916666666,2.5855,18.385666666666665,0.08,1245.5,35.702688,51.281997499999996,12.0,280.7,0.10227629416686762,3.0833333333333326,0.0
2024-11-18 16:16:30,36.2,36.2,27.1,21.6,755510,13.649999999999999,1.0,32.5,25.0505,61.833333333333336,25.431,20.298333333333332,73.5,57.166666666666664,4095.0833333333335,14.450000000000001,864.5,3.0,10.666666666666666,2.3333333333333335,12444.949166666667,36.71866666666667,884790.073,2.663666666666667,20.791666666666668,0.08,1246.0,35.702847999999996,51.281034500000004,12.0,280.965,-0.008377580409572769,3.5833333333333335,0.0
2024-11-18 16:16:36,59.9,58.1,38.3,25.5,810780,13.649999999999999,11.666666666666666,32.0,29.646666666666665,32.0,11.160666666666666,1.0396666666666665,75.16666666666667,57.833333333333336,3251.3333333333335,14.5,867.5,3.0,24.0,3.0,12445.0475,-37.041666666666664,893302.5003333334,0.0,20.854166666666668,0.08,1247.0,35.7030315,51.2799245,12.0,281.90500000000003,0.004712388980384702,0.1111111111111119,0.0
2024-11-18 16:16:42,128.5,128.2,82.2,33.9,904440,13.633333333333333,1.0,32.0,30.611,95.5,42.05133333333333,37.10916666666667,75.66666666666667,59.333333333333336,3389.7083333333335,13.433333333333332,870.0,3.0,8.0,3.0,12445.140166666666,94.24000000000001,904248.0833333334,5.677499999999999,20.770666666666667,0.08,1248.0,35.703226,51.278890499999996,12.0,283.625,0.007037315167627598,0.25,0.0
2024-11-18 16:16:48,78.7,77.7,35.1,24.6,808210,13.649999999999999,65.0,32.0,29.58,39.0,13.722333333333333,0.0,74.0,67.66666666666667,3792.875,14.366666666666667,888.5,3.0,21.333333333333332,3.0,12445.254,-24.010333333333335,928925.3438333333,0.4535,21.552000000000003,0.08,1249.0,35.7034605,51.2775915,12.0,281.955,-0.007039494649710508,1.3888888888888893,0.0
2024-11-18 16:16:54,50.1,50.1,28.9,22.7,792600,13.616666666666667,17.0,32.0,36.0525,82.16666666666667,45.78233333333333,29.75666666666667,74.5,31.666666666666668,1822.9166666666667,14.183333333333332,878.5,3.0,13.333333333333334,3.0,12445.333333333334,66.35416666666667,933911.8748333333,2.2856666666666667,16.541666666666668,0.08,1249.5,35.7035985,51.27683450000001,12.0,283.515,0.007068583470577053,0.0,6.0
2024-11-18 16:17:00,52.5,28.9,23.1,20.6,745780,13.616666666666667,33.0,32.0,29.991,64.83333333333333,26.76516666666667,15.470333333333334,75.83333333333333,43.166666666666664,2461.4166666666665,13.933333333333332,870.5,3.0,16.0,3.0,12445.393166666667,31.0835,947994.5416666666,1.8230000000000002,19.197666666666667,0.08,1249.0,35.703739000000006,51.276119,12.0,283.88,0.003976450530388762,1.916666666666666,0.0
2024-11-18 16:17:06,30.2,30.1,25.3,21.0,749310,13.633333333333333,81.0,32.0,35.6405,34.0,6.316333333333333,0.323,75.33333333333333,28.166666666666668,1602.25,13.85,861.0,3.0,24.0,3.0,12445.4585,-32.875,950267.5103333333,0.11083333333333334,19.5105,0.08,1249.0,35.703859,51.275459500000004,12.0,281.15000000000003,-0.013526301702955988,0.0,2.4999999999999996
2024-11-18 16:17:12,90.0,89.3,60.3,27.5,833830,13.666666666666666,1.0,32.0,36.117,42.833333333333336,6.471166666666666,6.779,74.0,22.666666666666668,1314.75,14.5,851.5,3.0,13.333333333333334,3.0,12445.496,13.500166666666667,952861.0625,0.6443333333333333,18.593833333333333,0.08,1248.0,35.703934,51.2750395,12.0,282.695,0.002385283311058896,0.0,0.9166666666666666
2024-11-18 16:17:18,73.4,73.4,43.6,26.5,843400,13.616666666666667,1.0,32.0,34.695166666666665,50.833333333333336,10.998833333333332,14.715166666666667,74.0,27.5,1581.9166666666667,14.5,841.5,3.0,8.0,3.0,12445.5385,27.593999999999998,957596.1668333333,0.8741666666666666,17.656333333333333,0.08,1248.5,35.7040175,51.27455749999999,12.0,282.46999999999997,0.005788675352447887,0.8055555555555554,0.0
2024-11-18 16:17:24,51.9,51.6,32.6,23.7,792450,13.6,1.0,32.0,33.90166666666667,45.166666666666664,10.4,12.488666666666667,74.0,33.166666666666664,1886.0833333333333,14.483333333333334,831.0,3.0,10.666666666666666,3.0,12445.5885,14.771,962862.6458333334,0.9411666666666667,18.69783333333333,0.08,1249.5,35.7041265,51.273966,12.0,282.485,-0.0038397243543875047,0.9444444444444441,0.0
2024-11-18 16:17:30,66.4,64.9,33.1,24.4,812050,13.6,49.0,32.0,34.97666666666667,33.666666666666664,6.934,0.7216666666666667,74.0,30.666666666666668,1747.1666666666667,14.200000000000001,822.0,3.0,24.0,3.0,12445.643833333334,-29.895833333333332,965576.125,0.17500000000000002,19.2085,0.08,1250.0,35.704237,51.2733515,12.0,282.64500000000004,0.001687151610261139,0.0,0.4166666666666661
2024-11-18 16:17:36,40.1,38.4,25.9,21.9,788460,13.616666666666667,1.0,32.0,35.341166666666666,41.666666666666664,8.0775,12.261333333333333,74.0,28.0,1585.125,14.5,811.5,3.0,8.0,3.0,12445.6915,16.656166666666667,968294.927,0.7696666666666667,18.729166666666668,0.08,1251.0,35.704334499999995,51.2728425,12.0,283.60499999999996,0.0038979019961205967,0.0,0.44444444444444464
2024-11-18 16:17:42,29.0,29.0,24.3,21.5,781950,13.633333333333333,1.0,32.0,34.963,35.833333333333336,7.435666666666667,6.401166666666666,74.0,29.0,1666.125,12.85,802.5,3.0,18.666666666666668,3.0,12445.738333333333,-4.8646666666666665,972193.0936666667,0.6775000000000001,18.9165,0.08,1252.0,35.704445,51.2723025,12.0,284.055,-0.0010181087303299263,0.16666666666666666,0.0
2024-11-18 16:17:48,27.9,27.8,23.4,21.6,783560,13.6,1.0,32.166666666666664,33.35433333333334,64.0,39.98916666666667,28.484666666666666,73.0,32.666666666666664,1879.375,13.85,798.0,3.0,13.333333333333334,3.0,12445.788999999999,50.020999999999994,977617.5623333333,1.899,17.802333333333333,0.08,1252.0,35.704553499999996,51.271732500000006,12.0,283.21,0.0006108652381979553,0.6111111111111107,0.0
2024-11-18 16:17:54,40.0,40.0,31.0,23.1,812800,13.616666666666667,17.0,32.0,30.712333333333333,41.666666666666664,11.836166666666665,7.941666666666667,73.0,40.666666666666664,2306.5,13.633333333333333,799.5,3.0,18.666666666666668,3.0,12445.851499999999,-1.6663333333333317,986226.9896666667,1.0211666666666668,19.031166666666667,0.08,1253.0,35.704677499999995,51.270999999999994,12.0,280.785,-0.012508192972626063,1.3333333333333333,0.0
2024-11-18 16:18:00,44.5,44.5,33.2,25.8,860650,13.633333333333333,49.0,32.0,30.1865,35.5,9.884166666666667,5.281,73.66666666666667,42.5,2407.75,14.5,795.0,3.0,16.0,3.0,12445.92,-9.125,992279.3441666666,0.5801666666666666,19.614833333333333,0.08,1253.0,35.704811,51.2702145,12.0,282.76,0.011141018391897088,0.30555555555555597,0.0
2024-11-18 16:18:06,31.7,31.7,25.3,22.9,809420,13.6,1.0,32.0,32.72683333333333,41.0,14.695333333333332,14.345500000000001,74.0,36.666666666666664,2089.7916666666665,14.450000000000001,790.0,3.0,10.666666666666666,3.0,12445.986333333334,14.4585,994822.6875,1.1268333333333334,19.01033333333333,0.08,1253.0,35.704942499999994,51.2695065,12.0,282.805,-0.0006981317007975935,0.0,0.9722222222222227
2024-11-18 16:18:12,37.7,37.7,33.4,27.5,899270,13.649999999999999,17.0,32.0,31.740333333333336,36.166666666666664,9.483500000000001,3.8738333333333337,74.0,41.666666666666664,2376.3333333333335,13.816666666666668,789.0,3.0,16.0,3.0,12446.052666666665,-12.0105,1001725.2605,0.44283333333333336,19.729333333333333,0.08,1254.0,35.7050745,51.26874949999999,12.0,281.565,-0.006864961724511069,0.8333333333333334,0.0
2024-11-18 16:18:18,51.7,51.5,36.5,27.2,915660,13.616666666666667,17.0,32.0,34.04966666666667,39.0,10.264833333333334,7.396000000000001,74.0,37.5,2127.0,14.5,784.0,3.0,18.666666666666668,3.0,12446.118,-2.906333333333333,1004916.7393333333,0.6865000000000001,19.2085,0.08,1253.0,35.705204,51.268034,12.0,283.73499999999996,0.012973614106491123,0.0,0.6944444444444441
2024-11-18 16:18:24,40.3,40.3,29.7,23.2,806540,13.583333333333334,49.0,32.166666666666664,35.38733333333334,34.5,8.356333333333334,3.6346666666666665,73.0,34.166666666666664,1936.0833333333333,13.9,779.5,3.0,21.333333333333332,3.0,12446.178999999998,-22.260499999999997,1008462.6666666666,0.2811666666666667,19.291666666666668,0.08,1252.5,35.7053545,51.2673665,12.0,285.74,0.0024143721319256086,0.0,0.5555555555555559
2024-11-18 16:18:30,38.5,38.3,27.4,22.3,795380,13.549999999999999,49.0,33.0,37.78,39.5,19.114166666666666,11.908999999999999,73.0,10.666666666666666,1008.875,14.433333333333332,775.5,3.0,21.333333333333332,1.3333333333333333,12446.218333333332,-0.23966666666666706,1010277.8853333333,0.3675,19.718999999999998,0.08,1253.5,35.705465,51.267047999999996,12.0,317.755,0.16461363728393177,0.0,3.9166666666666665
2024-11-18 16:18:36,30.8,30.8,25.6,21.2,762870,13.583333333333334,1.0,33.0,30.24683333333333,50.833333333333336,33.122499999999995,27.03233333333333,73.0,5.833333333333333,2962.875,14.483333333333334,788.0,3.0,10.666666666666666,3.0,12446.229166666666,26.5,1017304.4271666667,1.8545,19.63533333333333,0.08,1254.0,35.7055495,51.2670575,12.0,12.83,0.0940732466824943,0.0,0.8055555555555555
2024-11-18 16:18:42,27.8,27.8,23.7,20.6,745830,13.583333333333334,33.0,33.0,28.7045,35.5,3.456166666666667,2.3285,74.0,10.0,964.4166666666666,14.5,793.0,3.0,18.666666666666668,1.6666666666666667,12446.243999999999,-1.4998333333333331,1023212.9686666667,0.3133333333333333,20.6145,0.08,1254.5,35.705687000000005,51.267086,12.0,8.985,-0.007446738141842486,0.6944444444444445,0.0
2024-11-18 16:18:48,32.8,32.8,25.6,21.8,779120,13.616666666666667,81.0,32.5,32.0785,32.5,3.2726666666666664,0.0,74.83333333333333,0.6666666666666666,971.3333333333334,14.5,789.0,3.0,24.0,11.0,12446.254,-13.3645,1025048.9688333333,0.30733333333333335,20.781166666666667,0.08,1256.0,35.70575,51.267101,12.0,142.885,-0.2984222132701637,0.0,1.5555555555555556
2024-11-18 16:18:54,26.5,26.5,23.1,21.1,764740,13.533333333333333,1.0,32.0,33.04416666666666,31.666666666666668,3.1231666666666666,0.0,75.16666666666667,0.0,961.375,14.5,786.0,3.0,24.0,13.0,12446.254,-13.125166666666667,1026875.5,0.29216666666666663,20.833166666666667,0.08,1256.5,35.705753,51.267097,12.0,0.0,0.2617993877991495,0.0,0.1111111111111111
2024-11-18 16:19:00,28.6,28.6,24.3,21.9,793410,13.583333333333334,1.0,32.0,33.56316666666667,31.333333333333332,3.0901666666666667,0.0,75.0,0.0,957.6666666666666,14.5,783.0,3.0,24.0,13.0,12446.254,-13.3855,1028612.198,0.2853333333333333,20.8645,0.08,1257.0,35.705755,51.267097,12.0,0.0,0.0,0.0,0.0
2024-11-18 16:19:06,29.6,29.5,23.6,21.1,760250,4.55,43.666666666666664,32.0,33.653333333333336,60.833333333333336,3.754,0.0,73.83333333333333,1.0,422.8333333333333,14.5,526.0,4.0,20.0,13.0,12446.254,-28.37483333333333,1030094.8956666667,0.17466666666666666,17.843500000000002,0.08,1257.0,35.705757,51.267097,12.0,0.0,0.0,0.16666666666666666,0.0
2024-11-18 16:19:12,27.9,27.9,24.9,21.6,774730,0.0,65.0,32.0,33.68716666666666,87.16666666666667,8.419333333333332,0.0,73.33333333333333,0.0,0.0,14.5,399.0,5.0,16.0,13.0,12446.254,-36.062,1030291.125,0.09800000000000002,15.301666666666668,0.08,1258.5,35.705755,51.267097,12.0,90.0,-0.5235987755982988,0.0,0.16666666666666666
2024-11-18 16:19:18,27.0,27.0,23.4,21.5,778670,,,,,,,,,,,,,,,,,,,,,,,,,,,,0.0,0.0
2024-11-18 16:19:24,29.5,29.4,24.2,20.9,752230,,,,,,,,,,,,,,,,,,,,,,,,,,,,0.0,0.0
2024-11-18 16:19:30,33.7,33.7,26.4,21.7,768620,,,,,,,,,,,,,,,,,,,,,,,,,,,,0.0,0.0
2024-11-18 16:19:36,26.9,26.9,24.5,21.1,770740,,,,,,,,,,,,,,,,,,,,,,,,,,,,0.0,0.0
2024-11-18 16:19:42,26.8,26.8,23.5,21.6,778570,,,,,,,,,,,,,,,,,,,,,,,,,,,,0.0,0.0
2024-11-18 16:19:48,30.3,30.3,25.6,21.0,756820,,,,,,,,,,,,,,,,,,,,,,,,,,,,0.0,0.0
2024-11-18 16:19:54,70.7,39.7,25.9,21.8,769780,,,,,,,,,,,,,,,,,,,,,,,,,,,,0.0,0.0
