Datetime,TSP [ug/m3],PM10 [ug/m3],PM2.5 [ug/m3],PM1 [ug/m3],TC [1/l],Battery_voltage,Electrical_load,Switch,Fuel_level,Intake_manifold_absolute_pressure,Throttle_position,Accelerator_pedal_position,Coolant_temperature,Vehicle_Speed,Engine_speed,Target_air_fuel_ratio,Estimated_catalyst_temperature,Engine_status,Status_bit,Current_gear_shift_position_(Current_gear),Cumulative_mileage,Clutch_torque,Trip_fuel_consumption,Average_fuel_consumption_rate,Pumping_and_rubbing_friction_torque_at_current_condition,RON_factor,altitude,latitude,longitude,satelites,bearing,angular_speed,Acceleration,Deceleration
2025-01-11 11:41:06,37.4,37.4,34.2,32.0,1406870,11.199999999999998,65.0,32.0,28.235,89.0,8.077666666666667,0.0,7.0,0.0,0.0,14.5,300.0,1.0,24.0,13.0,14606.773,0.0,0.0,0.0,28.25,0.395,1263.0,35.7055,51.267097,12.0,27.435,-0.15961036009488144,0.0,0.0
2025-01-11 11:41:12,44.2,41.9,33.6,31.7,1405760,11.149999999999999,65.0,32.0,28.235,89.0,8.0785,0.0,7.0,0.0,0.0,14.5,300.0,1.0,24.0,13.0,14606.773,0.0,0.0,0.0,28.25,0.395,1263.0,35.705507000000004,51.267104999999994,12.0,32.605,0.0,0.0,0.0
2025-01-11 11:41:18,39.2,39.2,34.3,32.3,1434460,11.149999999999999,65.0,32.0,28.235,89.0,8.088,0.0,7.0,0.0,0.0,14.5,300.0,1.0,24.0,13.0,14606.773,0.0,0.0,0.0,28.25,0.395,1265.0,35.705511,51.267109000000005,12.0,29.19,0.16982053621904816,0.0,0.0
2025-01-11 11:41:24,47.0,45.0,33.5,32.4,1427280,11.133333333333333,65.0,32.0,28.2175,89.0,8.076,0.0,7.0,0.0,0.0,14.5,300.0,1.0,24.0,13.0,14606.773,0.0,0.0,0.0,28.25,0.395,1265.5,35.705515,51.267113,12.0,29.19,-0.16982053621904816,0.0,0.0
2025-01-11 11:41:30,41.8,41.7,34.8,33.1,1460650,11.183333333333332,65.0,32.0,28.212999999999997,89.0,8.096333333333334,0.0,7.0,0.0,0.0,14.5,300.0,1.0,24.0,13.0,14606.773,0.0,0.0,0.0,28.25,0.395,1266.0,35.705517,51.267109000000005,12.0,135.0,-0.2617993877991495,0.0,0.0
2025-01-11 11:41:36,37.3,37.3,34.7,32.6,1436620,11.149999999999999,65.0,32.0,28.223333333333333,89.0,8.071166666666667,0.0,7.0,0.0,0.0,14.5,300.0,1.0,24.0,13.0,14606.773,0.0,0.0,0.0,28.25,0.395,1267.0,35.705513,51.267104999999994,12.0,180.0,-0.2617993877991495,0.0,0.0
2025-01-11 11:41:42,45.3,45.0,35.9,32.9,1459960,11.133333333333333,65.0,32.0,28.229,89.0,8.073166666666667,0.0,7.0,0.0,0.0,14.5,300.0,1.0,24.0,13.0,14606.773,0.0,0.0,0.0,28.25,0.395,1267.0,35.705509,51.267101,12.0,225.0,0.2617993877991495,0.0,0.0
2025-01-11 11:41:48,40.7,40.7,35.4,32.7,1442860,11.133333333333333,65.0,32.0,28.23183333333333,89.0,8.091166666666666,0.0,7.0,0.0,0.0,14.5,300.0,1.0,24.0,13.0,14606.773,0.0,0.0,0.0,28.25,0.395,1267.0,35.7055035,51.267097,12.0,180.0,-0.2617993877991495,0.0,0.0
2025-01-11 11:41:54,42.3,41.7,35.2,32.7,1452810,11.149999999999999,65.0,32.0,28.233500000000003,89.0,8.088166666666666,0.0,7.0,0.0,0.0,14.5,300.0,1.0,24.0,13.0,14606.773,0.0,0.0,0.0,28.25,0.395,1267.0,35.705490000000005,51.26709350000001,12.0,197.69500000000002,0.10294533704679883,0.0,0.0
2025-01-11 11:42:00,39.0,38.9,34.1,32.0,1425960,11.149999999999999,65.0,32.0,28.234166666666667,89.0,8.060833333333333,0.0,7.0,0.0,0.0,14.5,300.0,1.0,24.0,13.0,14606.773,0.0,0.0,0.0,28.25,0.395,1267.0,35.705484000000006,51.26709,12.0,197.69500000000002,-0.10294533704679883,0.0,0.0
2025-01-11 11:42:06,50.9,44.0,34.1,32.9,1443440,11.149999999999999,65.0,32.0,28.235,89.0,8.073,0.0,7.0,0.0,0.0,14.5,300.0,1.0,24.0,13.0,14606.773,0.0,0.0,0.0,28.25,0.395,1269.5,35.705486,51.267086000000006,12.0,135.0,-0.7853981633974483,0.0,0.0
2025-01-11 11:42:12,42.6,42.0,36.1,33.3,1463560,11.183333333333332,65.0,32.0,28.235,89.0,8.066666666666668,0.0,7.0,0.0,0.0,14.5,300.0,1.0,24.0,13.0,14606.773,0.0,0.0,0.0,28.25,0.395,1272.5,35.705486,51.267081999999995,12.0,270.0,0.0,0.0,0.0
2025-01-11 11:42:18,39.5,39.5,35.7,32.9,1452490,11.149999999999999,65.0,32.0,28.235,89.0,8.085833333333333,0.0,7.0,0.0,0.0,14.5,300.0,1.0,24.0,13.0,14606.773,0.0,0.0,0.0,28.25,0.395,1273.0,35.705486,51.267081999999995,12.0,270.0,0.0,0.0,0.0
2025-01-11 11:42:24,39.1,39.1,35.1,34.2,1506270,11.1,65.0,32.0,28.235,89.0,8.093333333333334,0.0,7.0,0.0,0.0,14.5,300.0,1.0,24.0,13.0,14606.773,0.0,0.0,0.0,28.25,0.395,1273.0,35.705486,51.267081999999995,12.0,270.0,0.0,0.0,0.0
2025-01-11 11:42:30,42.2,42.1,37.6,34.3,1502230,11.133333333333333,65.0,32.0,28.235,89.0,8.071333333333333,0.0,7.0,0.0,0.0,14.5,300.0,1.0,24.0,13.0,14606.773,0.0,0.0,0.0,28.25,0.395,1273.0,35.705486,51.267081999999995,12.0,270.0,0.0,0.0,0.0
2025-01-11 11:42:36,59.1,58.9,44.6,35.1,1498130,10.866666666666667,65.0,32.0,28.235,88.5,7.685666666666666,0.0,7.0,0.0,39.25,12.799999999999999,300.0,1.0,24.0,13.0,14606.773,10.520833333333334,0.0,0.04683333333333334,27.614666666666665,0.395,1273.0,35.705486,51.267086000000006,12.0,180.0,-0.5235987755982988,0.0,0.0
2025-01-11 11:42:42,49.1,49.1,41.0,33.9,1483940,12.866666666666667,1.0,32.833333333333336,26.864,48.666666666666664,5.7540000000000004,1.5198333333333334,7.0,0.8333333333333334,904.1666666666666,7.666666666666667,305.5,3.0,21.333333333333332,7.0,14606.773,4.4585,4339.112,0.9385,22.93766666666667,0.395,1272.5,35.705484000000006,51.267086000000006,12.0,164.19,0.43161992401819765,0.1388888888888889,0.0
2025-01-11 11:42:48,54.8,54.7,41.2,34.5,1493610,13.433333333333332,1.0,33.0,21.819666666666667,59.666666666666664,10.130666666666666,8.110666666666667,7.0,2.1666666666666665,817.5416666666666,8.299999999999999,307.5,3.0,16.0,3.0,14606.775666666666,23.531333333333333,9949.200666666666,1.444,22.458333333333332,0.395,1271.0,35.705473,51.2670575,12.0,244.14000000000001,-0.01820960186247415,0.22222222222222218,0.0
2025-01-11 11:42:54,50.8,50.7,37.9,32.7,1435410,13.649999999999999,1.0,33.0,16.703500000000002,49.666666666666664,15.615499999999999,16.148833333333332,7.0,16.0,2492.625,10.533333333333333,363.5,3.0,13.333333333333334,1.1666666666666667,14606.788333333332,18.593833333333333,20742.711,1.6941666666666668,24.479,0.395,1271.0,35.705486,51.26686900000001,12.0,274.065,0.14820754231518513,2.305555555555556,0.0
2025-01-11 11:43:00,48.4,48.4,38.9,33.0,1442170,13.699999999999998,1.0,32.666666666666664,17.43883333333333,52.666666666666664,13.088833333333334,16.166666666666668,7.666666666666667,21.166666666666668,1557.1666666666667,12.25,414.5,3.0,13.333333333333334,2.0,14606.8215,32.46866666666667,28843.200500000003,1.707,21.646,0.395,1271.0,35.705557,51.266526999999996,12.0,284.71,-0.0025889050571248837,0.8611111111111113,0.0
2025-01-11 11:43:06,50.4,50.4,40.0,32.8,1431610,13.666666666666666,1.0,32.0,15.483333333333334,50.0,15.939,20.478666666666665,8.666666666666666,30.833333333333332,2558.8333333333335,12.799999999999999,471.5,3.0,8.0,2.0,14606.864666666666,28.958166666666667,38403.31766666667,1.5586666666666666,24.010499999999997,0.395,1268.0,35.705652,51.26597,12.0,281.765,-0.0013671745807289709,1.6111111111111107,0.0
2025-01-11 11:43:12,413.7,409.8,171.0,48.9,1637420,13.633333333333333,1.0,32.0,16.099,36.0,12.864833333333335,15.059833333333332,10.333333333333334,34.5,2823.3333333333335,12.916666666666666,517.5,3.0,8.0,2.0,14606.92,7.874833333333334,47168.66933333333,1.2873333333333334,25.052166666666665,0.395,1267.0,35.705774,51.265341,12.0,283.79,0.006195918844579858,0.6111111111111113,0.0
2025-01-11 11:43:18,351.0,340.3,67.1,37.1,1461230,13.699999999999998,1.0,32.0,15.573333333333332,40.166666666666664,14.129,17.265166666666666,11.833333333333334,34.0,2771.375,13.083333333333334,548.5,3.0,8.0,2.0,14606.976499999999,15.5,54718.58866666667,1.4981666666666669,23.427333333333333,0.395,1266.5,35.7059595,51.2647555,12.0,295.035,0.06315183010132826,0.0,0.08333333333333333
2025-01-11 11:43:24,109.9,108.0,39.7,32.5,1399020,13.699999999999998,1.0,32.0,10.795499999999999,51.166666666666664,18.159000000000002,23.12783333333333,13.5,36.0,2945.2916666666665,12.85,588.0,3.0,8.0,2.0,14607.034666666666,33.5415,64621.94033333333,1.9523333333333335,21.677000000000003,0.395,1266.0,35.7063505,51.2644805,12.0,345.65000000000003,0.15489797111449674,0.3333333333333333,0.0
2025-01-11 11:43:30,167.2,162.8,77.4,34.2,1362880,13.699999999999998,1.0,32.5,9.522333333333334,48.333333333333336,19.448333333333334,19.093166666666665,15.5,41.333333333333336,3021.3333333333335,13.216666666666667,640.0,3.0,13.333333333333334,2.3333333333333335,14607.099499999998,24.74983333333333,76886.96083333333,1.9091666666666667,21.25016666666667,0.395,1267.0,35.706995,51.2645875,12.0,10.22,0.037175513067479224,0.8888888888888893,0.0
2025-01-11 11:43:36,178.4,168.5,68.2,34.3,1326970,13.666666666666666,1.0,32.0,10.219333333333333,79.66666666666667,32.418,31.68483333333333,17.5,49.666666666666664,2838.0416666666665,13.15,707.5,3.0,8.0,3.0,14607.173166666667,81.5,92144.46866666667,3.0075000000000003,18.375,0.395,1269.5,35.7076755,51.264761,12.0,11.524999999999999,-0.0016580627893945925,1.3888888888888882,0.0
2025-01-11 11:43:42,163.8,161.9,77.4,35.5,1256640,13.633333333333333,65.0,32.5,16.483,30.333333333333332,5.854666666666667,0.10883333333333334,19.5,38.0,1870.0,13.516666666666666,728.0,3.0,24.0,3.5,14607.253333333334,-14.6875,101196.703,0.5718333333333333,22.167,0.395,1272.0,35.708378,51.264953999999996,12.0,12.32,0.0013671745807288902,0.0,1.944444444444444
2025-01-11 11:43:48,273.1,262.6,78.3,37.0,1366650,13.699999999999998,1.0,32.333333333333336,16.305833333333332,70.66666666666667,28.113500000000002,25.828000000000003,21.5,30.666666666666668,2477.9583333333335,13.700000000000001,743.0,3.0,10.666666666666666,2.0,14607.301333333335,70.198,109757.64850000001,2.5261666666666667,16.448166666666665,0.395,1272.0,35.708748,51.265047,12.0,11.565,0.0004945099547316903,0.0,1.222222222222222
2025-01-11 11:43:54,126.2,124.4,46.7,34.4,1399970,13.699999999999998,1.0,32.166666666666664,13.774500000000002,72.0,27.8195,30.9135,23.333333333333332,43.666666666666664,2488.2083333333335,13.766666666666666,772.0,3.0,10.666666666666666,3.0,14607.365333333333,79.63533333333334,123620.92716666666,2.7355,15.781166666666666,0.395,1272.0,35.709339,51.265201499999996,12.0,12.295,0.004363323129985823,2.166666666666666,0.0
2025-01-11 11:44:00,120.2,119.5,60.5,38.0,1536740,13.699999999999998,1.0,32.333333333333336,12.885,58.166666666666664,20.537666666666667,23.841333333333335,25.333333333333332,54.833333333333336,2914.2916666666665,13.5,792.0,3.0,10.666666666666666,3.1666666666666665,14607.446666666665,50.604166666666664,138918.81783333333,2.2031666666666667,17.146,0.395,1272.5,35.710176499999996,51.2654345,12.0,12.604999999999999,-0.0019198621771937523,1.8611111111111118,0.0
2025-01-11 11:44:06,139.1,138.8,82.1,41.6,1584870,13.683333333333332,1.0,32.0,13.550666666666666,72.16666666666667,27.24416666666667,28.89016666666667,27.166666666666668,57.333333333333336,2394.2916666666665,14.149999999999999,795.5,3.0,8.0,4.0,14607.538999999999,75.5,150636.93733333334,2.4098333333333333,15.562333333333333,0.395,1275.5,35.7110995,51.2656705,12.0,11.344999999999999,-0.0037815467126544136,0.4166666666666667,0.0
2025-01-11 11:44:12,168.6,156.9,61.5,40.1,1552140,13.699999999999998,1.0,32.0,12.189833333333333,77.66666666666667,30.399166666666662,30.320666666666668,29.166666666666668,63.666666666666664,2649.75,14.033333333333333,808.5,3.0,8.0,4.0,14607.640666666666,82.323,167011.9245,2.6186666666666665,15.593666666666666,0.395,1279.5,35.712034,51.26591500000001,12.0,12.43,0.005352343039449203,1.0555555555555547,0.0
2025-01-11 11:44:18,254.5,243.3,107.1,46.5,1561470,13.683333333333332,1.0,32.0,12.790166666666666,66.83333333333333,21.80033333333333,27.68733333333334,31.166666666666668,63.166666666666664,2638.7916666666665,14.133333333333333,810.0,3.0,8.0,4.0,14607.746,64.8125,181139.35183333335,2.2568333333333332,16.156166666666667,0.395,1284.5,35.712988,51.266178,12.0,12.520000000000001,-0.0010762863720631829,0.0,0.08333333333333333
2025-01-11 11:44:24,192.0,185.6,61.8,36.0,1338630,13.666666666666666,1.0,32.0,14.3375,44.166666666666664,13.431333333333333,15.655499999999998,33.5,59.166666666666664,2473.875,14.333333333333334,807.5,3.0,8.0,4.0,14607.849666666667,24.052166666666665,191996.89599999998,1.2593333333333334,18.44783333333333,0.395,1289.0,35.7139075,51.2664015,12.0,9.86,-0.014457143970686362,0.0,0.6666666666666666
2025-01-11 11:44:30,160.6,150.3,76.9,35.8,1216360,13.666666666666666,1.0,32.0,16.202833333333334,50.833333333333336,16.37783333333333,18.878333333333334,35.333333333333336,54.666666666666664,2292.5833333333335,14.416666666666666,800.5,3.0,8.0,4.0,14607.942000000001,45.14566666666667,199482.67166666666,1.875333333333333,18.291666666666668,0.395,1291.0,35.7147635,51.266437499999995,12.0,179.57000000000002,-0.027110781047645152,0.0,0.75
2025-01-11 11:44:36,126.8,123.6,40.3,30.6,1261530,13.616666666666667,1.0,32.0,14.229833333333334,81.33333333333333,32.7925,31.670166666666663,36.666666666666664,62.666666666666664,2611.0833333333335,14.416666666666666,805.5,3.0,8.0,4.0,14608.037666666665,86.94749999999999,212198.42983333333,2.9091666666666662,16.979,0.395,1291.0,35.715675,51.266374500000005,12.0,356.40000000000003,-0.004799655442984339,1.3333333333333333,0.0
2025-01-11 11:44:42,50.0,50.0,36.9,30.5,1303680,13.699999999999998,1.0,32.0,12.8975,71.16666666666667,27.348666666666663,30.531500000000005,38.5,75.16666666666667,3137.8333333333335,14.483333333333334,824.0,3.0,8.0,4.0,14608.151833333332,71.37516666666666,229954.73433333333,2.8983333333333334,18.583333333333332,0.395,1293.0,35.716779499999994,51.2662925,12.0,356.50499999999994,-0.0006108652381981211,2.0833333333333344,0.0
2025-01-11 11:44:48,57.4,57.3,42.6,32.7,1386660,13.699999999999998,1.0,32.0,15.407166666666667,43.166666666666664,16.255166666666668,15.910833333333334,40.333333333333336,80.16666666666667,3332.0833333333335,14.5,830.5,3.0,10.666666666666666,4.0,14608.282,18.041666666666668,243956.46366666668,1.5668333333333333,21.833333333333332,0.395,1293.5,35.717999999999996,51.266153,12.0,354.075,-0.007417649320975934,0.8333333333333334,0.0
2025-01-11 11:44:54,61.9,61.7,38.3,28.9,1205760,13.666666666666666,1.0,32.0,18.217,46.333333333333336,17.577166666666667,18.937833333333334,42.166666666666664,76.83333333333333,3198.875,14.5,828.0,3.0,13.333333333333334,4.0,14608.412000000002,25.010333333333335,251941.19533333334,1.8371666666666666,21.93733333333333,0.395,1293.0,35.7191925,51.265955,12.0,351.045,-0.014748032179352064,0.0,0.5555555555555571
2025-01-11 11:45:00,67.7,60.7,38.9,30.6,1292790,13.699999999999998,1.0,32.0,17.389,55.0,20.406000000000002,23.471166666666665,43.666666666666664,80.66666666666667,3358.3333333333335,14.5,833.5,3.0,8.0,4.0,14608.542333333333,38.40616666666667,265931.51833333337,2.129166666666667,21.916833333333333,0.395,1292.5,35.7203905,51.2655925,12.0,345.075,-0.013409946419489808,0.6388888888888905,0.0
2025-01-11 11:45:06,50.4,50.4,39.0,32.7,1397760,13.683333333333332,1.0,32.0,17.036666666666665,56.833333333333336,21.546833333333336,26.051000000000002,45.5,82.33333333333333,3441.5,14.5,836.5,3.0,8.0,4.0,14608.677166666666,43.947833333333335,279792.9168333334,2.4353333333333333,21.666833333333333,0.395,1293.5,35.7216055,51.265136500000004,12.0,342.215,-0.009861110273767923,0.2777777777777762,0.0
2025-01-11 11:45:12,55.0,54.9,39.4,32.1,1345270,13.699999999999998,1.0,32.0,18.503666666666664,30.0,11.4335,4.665666666666667,47.333333333333336,79.33333333333333,3305.75,14.5,835.5,3.0,18.666666666666668,4.0,14608.813166666667,-12.073,290358.8906666667,0.9378333333333333,23.75,0.395,1295.0,35.722767,51.26457,12.0,337.425,-0.010995574287564197,0.0,0.5
2025-01-11 11:45:18,61.7,61.7,47.4,32.9,1361310,13.683333333333332,1.0,32.0,20.3085,42.666666666666664,14.907499999999999,17.405166666666666,48.666666666666664,70.66666666666667,2940.4166666666665,14.5,831.0,3.0,10.666666666666666,4.0,14608.9355,17.073,296273.55733333336,1.5330000000000001,21.572666666666667,0.395,1296.0,35.723791,51.26400950000001,12.0,335.71999999999997,-0.003490658503988626,0.0,1.4444444444444429
2025-01-11 11:45:24,89.2,78.9,42.1,31.9,1343440,13.666666666666666,1.0,32.0,16.147666666666666,47.5,15.659833333333333,17.06383333333333,50.166666666666664,69.5,2892.0833333333335,14.5,826.5,3.0,8.0,4.0,14609.052666666668,26.68766666666667,306232.2085,1.5211666666666668,20.9895,0.395,1297.5,35.7247635,51.2634525,12.0,334.735,-0.0038106355335209585,0.0,0.19444444444444522
2025-01-11 11:45:30,69.3,69.1,47.5,33.6,1352190,13.666666666666666,1.0,32.0,14.808666666666667,55.5,18.663,24.271833333333333,51.333333333333336,68.16666666666667,2850.5833333333335,14.5,820.5,3.0,8.0,4.0,14609.166666666666,42.40633333333333,316752.31783333333,2.0043333333333333,19.896,0.395,1299.5,35.725717499999995,51.262886,12.0,334.205,-0.0006981317007977583,0.0,0.22222222222222143
2025-01-11 11:45:36,47.8,47.8,35.6,29.6,1276450,13.683333333333332,1.0,32.0,14.146833333333333,69.83333333333333,24.837500000000002,29.906833333333335,52.666666666666664,71.66666666666667,2977.2916666666665,14.5,823.0,3.0,8.0,4.0,14609.281166666668,67.35433333333333,330331.63550000003,2.6936666666666667,18.698166666666665,0.395,1302.0,35.7267055,51.262328999999994,12.0,335.67,0.003112503832723202,0.5833333333333334,0.0
2025-01-11 11:45:42,51.5,51.5,39.0,30.3,1286280,13.699999999999998,1.0,32.0,13.541833333333335,58.333333333333336,21.144833333333334,23.421833333333336,54.333333333333336,77.5,3219.7916666666665,14.5,836.5,3.0,8.0,4.0,14609.404499999999,46.84366666666667,346904.9531666667,2.120833333333333,19.75,0.395,1304.5,35.727762000000006,51.261707,12.0,333.89500000000004,-0.0067195176201781765,0.9722222222222214,0.0
2025-01-11 11:45:48,52.2,52.2,37.4,30.6,1313650,13.699999999999998,1.0,32.0,16.906666666666666,37.5,13.056333333333333,5.902,55.833333333333336,72.83333333333333,3029.625,14.5,835.5,3.0,18.666666666666668,4.0,14609.531166666668,-14.843666666666666,355377.271,0.5611666666666667,20.9375,0.395,1306.5,35.728796,51.2610645,12.0,333.255,0.0002617993877990767,0.0,0.7777777777777786
2025-01-11 11:45:54,50.0,50.0,33.0,29.8,1301650,13.699999999999998,1.0,32.0,19.460166666666666,44.833333333333336,14.745666666666667,18.99116666666667,57.0,64.83333333333333,2700.5,14.5,829.0,3.0,8.0,4.0,14609.644,25.3335,360121.2708333333,1.594,19.791666666666668,0.395,1308.0,35.729713499999995,51.260509500000005,12.0,334.04,0.002094395102393275,0.0,1.3333333333333333
2025-01-11 11:46:00,57.2,55.4,37.1,29.5,1281860,13.699999999999998,1.0,32.0,18.2105,45.833333333333336,14.443166666666665,17.513166666666667,58.0,65.0,2712.4583333333335,14.5,822.5,3.0,8.0,4.0,14609.751333333334,23.791833333333333,369866.61950000003,1.4078333333333333,19.74983333333333,0.395,1309.5,35.7306175,51.259964,12.0,333.985,0.0009308422677302891,0.027777777777778567,0.0
2025-01-11 11:46:06,50.2,49.1,31.6,26.0,1114760,13.699999999999998,1.0,32.0,17.736166666666666,41.333333333333336,13.290999999999999,14.716666666666667,58.833333333333336,63.166666666666664,2645.5,14.450000000000001,816.5,3.0,8.0,4.0,14609.857333333333,18.69816666666667,377756.7915,1.2786666666666666,19.958166666666667,0.395,1310.5,35.731518,51.2594645,12.0,336.51,0.008552113334772208,0.0,0.30555555555555597
2025-01-11 11:46:12,56.9,56.5,30.5,26.3,1128220,13.666666666666666,1.0,32.0,17.24866666666667,49.666666666666664,15.454500000000001,20.413166666666665,60.0,61.666666666666664,2570.3333333333335,14.5,810.5,3.0,8.0,4.0,14609.961666666668,32.4375,385536.047,1.5888333333333335,19.12516666666667,0.395,1311.5,35.732405,51.259046500000004,12.0,339.705,0.007359471679242842,0.0,0.25
2025-01-11 11:46:18,57.1,56.9,33.0,26.9,1135680,13.683333333333332,1.0,32.0,16.360666666666667,49.5,15.398833333333334,19.682333333333332,61.0,63.333333333333336,2633.0833333333335,14.5,805.5,3.0,8.0,4.0,14610.0645,30.156333333333333,395459.63049999997,1.4923333333333335,19.093666666666667,0.395,1313.5,35.733324,51.25866299999999,12.0,342.675,0.01620247322268067,0.27777777777777857,0.0
2025-01-11 11:46:24,48.3,47.7,33.8,25.3,1049070,13.699999999999998,1.0,32.0,12.5225,60.0,19.957166666666666,25.360833333333332,62.0,64.5,2679.375,14.5,803.0,3.0,8.0,4.0,14610.17,51.958333333333336,405585.06766666664,2.0615,18.073166666666665,0.395,1315.5,35.7342835,51.258684499999994,12.0,8.79,0.09168796337143532,0.19444444444444406,0.0
2025-01-11 11:46:30,73.1,73.1,44.3,30.0,1199920,13.699999999999998,1.0,32.0,8.969333333333333,56.833333333333336,18.32133333333333,24.503,63.166666666666664,66.83333333333333,2781.625,14.5,801.0,3.0,8.0,4.0,14610.279333333334,44.562666666666665,417249.9893333333,1.9068333333333334,18.3855,0.395,1318.0,35.735113,51.2593575,12.0,41.57,0.09680759584395222,0.3888888888888881,0.0
2025-01-11 11:46:36,73.1,73.0,42.4,32.1,1329010,13.699999999999998,1.0,32.0,7.095666666666666,55.166666666666664,18.438166666666667,24.5695,64.5,70.0,2911.4166666666665,14.5,798.0,3.0,8.0,4.0,14610.3925,42.521,428599.3541666667,1.9325,18.531000000000002,0.395,1320.0,35.7355135,51.260538,12.0,75.35000000000001,0.09619673060575412,0.5277777777777786,0.0
2025-01-11 11:46:42,74.2,66.7,39.9,31.2,1301760,13.699999999999998,1.0,32.0,8.661,52.333333333333336,18.533833333333334,23.633666666666667,65.5,75.5,3142.2083333333335,14.5,798.5,3.0,8.0,4.0,14610.512166666667,37.6875,440165.86983333336,1.9526666666666666,18.92716666666667,0.395,1318.5,35.7356165,51.2619345,12.0,85.295,0.005963208277647243,0.9166666666666666,0.0
2025-01-11 11:46:48,56.1,55.5,37.1,30.4,1306760,13.649999999999999,1.0,32.0,10.9425,38.5,14.452833333333333,15.812166666666668,66.66666666666667,79.16666666666667,3305.8333333333335,14.5,801.0,3.0,8.0,4.0,14610.641833333333,14.3125,450684.05716666667,1.3896666666666668,20.5,0.395,1317.5,35.735704000000005,51.263428,12.0,86.07,0.0024117858131870572,0.6111111111111119,0.0
2025-01-11 11:46:54,50.3,50.2,36.4,30.9,1326710,13.649999999999999,1.0,32.0,12.223666666666666,48.333333333333336,17.626166666666666,22.715333333333334,67.66666666666667,78.0,3248.0833333333335,14.5,798.0,3.0,8.0,4.0,14610.7715,31.7915,459935.724,1.8481666666666667,19.17716666666667,0.395,1319.5,35.735775,51.264904,12.0,86.88499999999999,0.003199770295322839,0.0,0.19444444444444522
2025-01-11 11:47:00,39.8,39.8,33.4,31.0,1360150,13.666666666666666,1.0,32.0,12.977666666666666,44.833333333333336,15.9365,15.8055,68.66666666666667,76.83333333333333,3191.6666666666665,14.5,799.0,3.0,10.666666666666666,4.0,14610.900499999998,17.271,470788.44800000003,1.3985,19.48966666666667,0.395,1322.0,35.735837999999994,51.266365,12.0,87.04,0.000901753446863743,0.0,0.19444444444444522
2025-01-11 11:47:06,48.2,47.6,36.7,31.8,1377570,13.666666666666666,1.0,32.0,16.001833333333334,28.333333333333332,9.2515,3.3098333333333336,69.83333333333333,67.5,2815.2916666666665,14.0,796.5,3.0,13.333333333333334,4.0,14611.020833333334,-22.520666666666667,475606.3696666667,0.602,20.843999999999998,0.395,1324.0,35.7358895,51.267704,12.0,87.51,0.002356194490192352,0.0,1.5555555555555547
2025-01-11 11:47:12,47.8,47.8,39.4,32.6,1413400,13.683333333333332,1.0,32.0,14.732999999999999,32.5,9.543333333333333,8.991,70.33333333333333,59.166666666666664,2475.25,14.5,790.5,3.0,8.0,4.0,14611.125666666667,1.9998333333333334,479623.7866666667,0.8335,20.093999999999998,0.395,1324.5,35.7357845,51.2688315,12.0,101.82,0.05849761876267665,0.0,1.3888888888888893
2025-01-11 11:47:18,46.2,46.2,37.9,31.8,1379940,13.683333333333332,1.0,32.0,13.574333333333334,42.166666666666664,11.967500000000001,11.756833333333333,71.0,54.5,2271.6666666666665,14.5,784.5,3.0,13.333333333333334,4.0,14611.220166666666,7.583333333333333,483476.8388333334,0.9113333333333333,19.103833333333334,0.395,1323.5,35.7354315,51.2697925,12.0,117.58999999999999,0.036361026083215196,0.0,0.7777777777777773
2025-01-11 11:47:24,51.9,51.9,41.6,32.4,1376420,13.649999999999999,1.0,32.0,11.770000000000001,51.333333333333336,14.965333333333334,20.366500000000002,71.16666666666667,59.5,2468.6666666666665,14.5,779.5,3.0,8.0,4.0,14611.313,33.21866666666667,491692.7498333333,1.4058333333333335,18.3645,0.395,1321.5,35.734861,51.270622,12.0,133.665,0.042120612614796445,0.8333333333333334,0.0
2025-01-11 11:47:30,50.4,49.2,34.1,30.7,1340300,13.683333333333332,1.0,32.0,11.153,47.166666666666664,14.750666666666667,19.502,72.0,64.33333333333333,2685.4166666666665,14.5,775.5,3.0,8.0,4.0,14611.416,26.291666666666668,500336.13000000006,1.4061666666666666,18.76033333333333,0.395,1320.5,35.734125,51.271404499999996,12.0,141.405,0.026499915809447282,0.8055555555555548,0.0
2025-01-11 11:47:36,60.2,57.7,38.9,31.2,1352340,13.699999999999998,1.0,32.0,11.472499999999998,44.5,14.876666666666667,19.214499999999997,72.5,68.33333333333333,2855.5416666666665,14.5,772.5,3.0,8.0,4.0,14611.526,23.604,508762.7656666667,1.4305,19.083000000000002,0.395,1318.5,35.7333435,51.272236,12.0,135.845,-0.03985168458720391,0.6666666666666666,0.0
2025-01-11 11:47:42,66.3,59.4,40.8,31.9,1356540,13.699999999999998,1.0,32.0,15.159833333333333,41.166666666666664,14.227166666666667,15.565166666666668,73.16666666666667,71.83333333333333,2989.2083333333335,14.5,769.5,3.0,10.666666666666666,4.0,14611.6425,15.271,517488.98966666666,1.2821666666666667,19.5105,0.395,1316.0,35.73267,51.2732985,12.0,126.86,-0.013409946419489725,0.5833333333333334,0.0
2025-01-11 11:47:48,78.4,76.4,43.4,30.8,1284460,13.699999999999998,1.0,32.0,19.019499999999997,32.0,11.235999999999999,7.388833333333333,74.0,68.33333333333333,2846.5833333333335,14.5,767.0,3.0,16.0,4.0,14611.759166666665,-14.010333333333334,522126.05199999997,0.5983333333333333,20.260166666666667,0.395,1313.5,35.732110999999996,51.274418,12.0,118.675,-0.032870367579226574,0.0,0.5833333333333334
2025-01-11 11:47:54,63.7,61.2,39.3,30.4,1262620,13.649999999999999,1.0,32.0,18.587333333333333,37.166666666666664,12.344500000000002,12.455833333333333,74.16666666666667,67.83333333333333,2835.8333333333335,14.5,764.0,3.0,10.666666666666666,4.0,14611.871,7.427,528383.5625,1.0166666666666668,19.854166666666668,0.395,1311.5,35.73167,51.275587,12.0,115.695,0.008843001543437912,0.0,0.08333333333333333
2025-01-11 11:48:00,52.0,51.8,32.8,28.9,1266670,13.699999999999998,1.0,32.0,17.295666666666666,41.0,14.068,18.057833333333335,74.0,69.16666666666667,2876.5,14.5,761.0,3.0,8.0,4.0,14611.9845,18.843833333333333,535008.3646666667,1.3763333333333332,19.395666666666667,0.395,1308.5,35.731136,51.276708500000005,12.0,121.62,0.014457143970686445,0.2222222222222238,0.0
2025-01-11 11:48:06,54.6,52.7,36.6,29.1,1249320,13.683333333333332,1.0,32.0,16.239333333333335,44.166666666666664,15.440166666666668,18.241333333333333,72.5,73.5,3080.625,14.466666666666667,760.0,3.0,8.0,4.0,14612.102166666666,23.697666666666667,543990.2186666667,1.4989999999999999,19.37483333333333,0.395,1306.5,35.730467,51.277806999999996,12.0,128.80499999999998,0.023329234334990817,0.7222222222222214,0.0
2025-01-11 11:48:12,53.9,52.2,37.7,29.8,1272440,13.683333333333332,33.0,32.0,15.718833333333334,36.0,13.154833333333334,9.249333333333333,71.0,75.0,3111.0833333333335,14.5,759.5,3.0,16.0,4.0,14612.227166666666,-9.083166666666665,551957.3438333333,0.7178333333333334,20.208166666666667,0.395,1303.5,35.729637000000004,51.278799,12.0,138.47,0.029990574313435905,0.25,0.0
2025-01-11 11:48:18,49.2,49.2,34.1,28.7,1256180,13.666666666666666,49.0,32.0,20.784333333333333,54.666666666666664,19.44366666666667,12.331166666666666,71.0,48.666666666666664,2024.4583333333333,13.983333333333334,756.0,3.0,18.666666666666668,4.0,14612.332,15.8855,554247.3645,1.1686666666666667,17.8855,0.395,1301.5,35.728941,51.279464999999995,12.0,142.505,0.003025237370123482,0.0,4.388888888888889
2025-01-11 11:48:24,64.3,57.4,34.7,29.0,1253630,13.683333333333332,1.0,32.0,17.326333333333334,61.666666666666664,16.925666666666668,24.172833333333333,71.0,54.5,2282.9166666666665,14.5,761.5,3.0,8.0,4.0,14612.414166666667,52.53116666666667,563989.198,1.5931666666666666,17.645666666666667,0.395,1300.0,35.7283135,51.2800425,12.0,143.70000000000002,0.006225007665446485,0.9722222222222227,0.0
2025-01-11 11:48:30,67.4,63.9,36.8,31.0,1307810,13.666666666666666,1.0,32.0,15.961333333333334,55.0,17.513166666666667,23.34483333333333,71.33333333333333,64.16666666666667,2689.9166666666665,14.5,760.5,3.0,8.0,4.0,14612.512499999999,41.885333333333335,573903.2916666666,1.7606666666666666,18.1355,0.395,1298.5,35.727543000000004,51.2807425,12.0,143.295,-0.003694280250054694,1.6111111111111118,0.0
2025-01-11 11:48:36,48.4,48.3,33.6,28.4,1256850,13.699999999999998,1.0,32.0,15.978833333333334,46.833333333333336,16.1735,18.877666666666666,72.5,72.66666666666667,3029.6666666666665,14.5,764.0,3.0,10.666666666666666,4.0,14612.627,21.958166666666667,584463.6041666666,1.4344999999999999,19.041666666666668,0.395,1295.5,35.726671,51.281549500000004,12.0,143.15,0.0008144869842640238,1.4166666666666667,0.0
2025-01-11 11:48:42,68.3,44.3,30.9,29.1,1270210,13.699999999999998,1.0,32.0,19.569666666666667,29.333333333333332,10.316666666666666,2.973333333333333,73.5,71.66666666666667,2982.4583333333335,14.5,762.5,3.0,18.666666666666668,4.0,14612.748,-24.885499999999997,589162.8855,0.40199999999999997,20.81266666666667,0.395,1293.5,35.72576900000001,51.282377499999996,12.0,143.37,0.0007272205216643041,0.0,0.16666666666666666
2025-01-11 11:48:48,41.8,41.8,33.1,29.8,1309210,13.666666666666666,65.0,32.0,23.761333333333337,31.0,9.777666666666667,0.0,74.16666666666667,62.166666666666664,2588.5,14.5,760.0,3.0,24.0,4.0,14612.861166666667,-36.260333333333335,590728.375,0.0,20.197666666666667,0.395,1291.5,35.7249525,51.283120999999994,12.0,143.205,-0.0032288591161894666,0.0,1.5833333333333346
2025-01-11 11:48:54,73.9,68.7,37.1,30.8,1325710,13.533333333333333,17.0,32.0,25.17616666666667,47.0,11.659666666666666,9.11,74.83333333333333,42.166666666666664,1759.8333333333333,13.950000000000001,754.5,3.0,16.0,4.0,14612.9435,13.187666666666667,592946.0936666667,0.9338333333333333,18.13533333333333,0.395,1290.0,35.724392,51.283646000000005,12.0,142.945,0.002123483923259738,0.0,3.3333333333333335
2025-01-11 11:49:00,49.6,49.6,35.1,30.4,1321530,13.6,1.0,32.0,21.4195,43.166666666666664,10.641166666666667,12.618166666666667,73.66666666666667,46.666666666666664,1949.5416666666667,14.016666666666666,749.0,3.0,10.666666666666666,4.0,14613.0175,20.073,598393.7083333334,1.0588333333333333,18.833333333333332,0.395,1288.5,35.7238255,51.2841585,12.0,143.85,0.0017162404311277678,0.75,0.0
2025-01-11 11:49:06,63.3,63.1,36.3,29.8,1294350,13.583333333333334,1.0,32.0,18.3145,49.833333333333336,14.031999999999998,16.877333333333336,71.5,55.5,2326.8333333333335,14.5,747.0,3.0,8.0,4.0,14613.102166666666,29.989666666666665,606102.8333333334,1.2608333333333333,18.56266666666667,0.395,1286.5,35.7231635,51.284765,12.0,143.35,-0.00020362174606598522,1.4722222222222225,0.0
2025-01-11 11:49:12,101.3,81.0,41.2,30.4,1278160,13.583333333333334,1.0,32.0,19.086333333333332,29.5,8.6815,6.333666666666667,71.0,57.833333333333336,2407.875,14.033333333333333,743.0,3.0,10.666666666666666,4.0,14613.1985,-9.375,611073.9168333333,0.7686666666666667,20.31233333333333,0.395,1284.5,35.7224255,51.285375499999994,12.0,147.54999999999998,0.016755160819145538,0.3888888888888893,0.0
2025-01-11 11:49:18,60.5,53.7,35.2,29.9,1293470,13.583333333333334,1.0,32.0,18.598166666666668,37.833333333333336,11.729166666666666,12.983166666666667,70.83333333333333,59.333333333333336,2472.0833333333335,14.5,739.5,3.0,8.0,4.0,14613.294333333333,13.156166666666666,615966.823,1.1384999999999998,19.62516666666667,0.395,1283.0,35.7216095,51.285855999999995,12.0,156.63,0.025859961750382607,0.25,0.0
2025-01-11 11:49:24,47.4,47.3,36.2,29.8,1271820,13.566666666666668,1.0,32.0,16.655833333333334,42.833333333333336,13.825000000000001,17.175833333333333,70.83333333333333,63.666666666666664,2655.1666666666665,14.5,736.5,3.0,8.0,4.0,14613.3965,20.781166666666667,622961.052,1.3549999999999998,19.26033333333333,0.395,1281.0,35.72069,51.286201500000004,12.0,165.15,0.0257145176460498,0.7222222222222214,0.0
2025-01-11 11:49:30,50.3,50.1,33.8,29.7,1279460,13.516666666666666,1.0,32.0,15.854500000000002,44.5,14.927,17.6835,71.33333333333333,69.33333333333333,2899.0,14.5,737.0,3.0,8.0,4.0,14613.506666666666,22.0835,631630.8541666666,1.3928333333333331,19.218666666666667,0.395,1278.5,35.7196465,51.2863825,12.0,173.875,0.023038346126325198,0.9444444444444441,0.0
2025-01-11 11:49:36,66.6,66.5,41.3,30.9,1291910,13.566666666666668,1.0,32.0,17.051,35.833333333333336,12.3055,10.368166666666667,72.16666666666667,69.33333333333333,2890.625,14.5,737.0,3.0,13.333333333333334,4.0,14613.623,-4.458333333333333,637513.4688333333,0.8601666666666667,20.031000000000002,0.395,1277.5,35.718567,51.286466499999996,12.0,176.82500000000002,0.0050323660099169535,0.0,0.0
2025-01-11 11:49:42,183.2,177.9,45.7,31.7,1284150,13.549999999999999,1.0,32.0,17.0455,48.833333333333336,16.092166666666667,19.889333333333333,73.5,68.83333333333333,2879.25,14.5,739.0,3.0,8.0,4.0,14613.737000000001,29.604333333333333,645805.9164999999,1.5815,18.791666666666668,0.395,1279.0,35.717503,51.286539,12.0,176.51999999999998,-0.0036651914291880657,0.0,0.08333333333333333
2025-01-11 11:49:48,83.0,80.7,49.9,32.3,1300450,13.566666666666668,1.0,32.0,16.841833333333334,42.833333333333336,14.592333333333334,15.344833333333334,74.66666666666667,70.5,2948.875,14.5,744.0,3.0,10.666666666666666,4.0,14613.8535,12.541833333333335,654579.4164999999,1.3111666666666666,19.375,0.395,1278.0,35.7164175,51.286621,12.0,176.93999999999997,0.005323254218582658,0.27777777777777857,0.0
2025-01-11 11:49:54,107.1,105.1,58.7,33.7,1322630,13.549999999999999,1.0,32.0,17.825166666666664,37.833333333333336,13.0465,10.215833333333332,75.0,69.66666666666667,2908.875,14.5,744.0,3.0,13.333333333333334,4.0,14613.970666666666,1.1039999999999992,661178.1355,0.9301666666666666,19.843500000000002,0.395,1276.5,35.715340000000005,51.286714499999995,12.0,175.37,-0.006864961724510986,0.0,0.1388888888888881
2025-01-11 11:50:00,130.3,122.7,48.5,30.9,1302690,13.6,1.0,32.0,18.901,29.166666666666668,10.101166666666666,3.9631666666666674,72.66666666666667,69.16666666666667,2884.8333333333335,14.5,743.5,3.0,16.0,4.0,14614.084,-21.833166666666667,664828.8125,0.4363333333333333,20.7395,0.395,1272.5,35.714264,51.2867965,12.0,177.535,0.012420926510026261,0.0,0.08333333333333333
2025-01-11 11:50:06,109.0,107.0,55.9,32.6,1306240,13.566666666666668,1.0,32.0,18.806833333333334,30.5,10.693666666666667,6.942,71.0,69.83333333333333,2906.2916666666665,14.316666666666668,741.0,3.0,13.333333333333334,4.0,14614.201000000001,-13.760666666666667,668633.5,0.596,20.6975,0.395,1267.5,35.713194,51.286693500000005,12.0,187.11,0.03083415011856655,0.11111111111110954,0.0
2025-01-11 11:50:12,77.3,73.6,39.9,30.1,1258150,13.533333333333333,65.0,32.0,18.6645,30.666666666666668,9.870833333333334,1.145,71.0,64.0,2654.0,14.5,737.5,3.0,21.333333333333332,4.0,14614.3125,-32.58316666666666,672037.6981666667,0.12183333333333334,20.458333333333332,0.395,1264.5,35.7122155,51.286312,12.0,201.93500000000003,0.04677482395344799,0.0,0.9722222222222214
2025-01-11 11:50:18,62.7,62.0,36.7,28.7,1234600,13.566666666666668,49.0,32.0,23.011499999999998,66.33333333333333,25.047166666666666,17.8765,71.0,37.0,1555.375,14.5,733.5,3.0,16.0,4.0,14614.395833333334,30.447833333333335,673453.7814999999,1.0565,16.81233333333333,0.395,1264.0,35.711628,51.285921,12.0,209.77499999999998,0.012275482405693448,0.0,4.5
2025-01-11 11:50:24,53.4,53.2,33.6,28.0,1200130,13.6,1.0,32.0,17.6325,77.5,23.963333333333335,26.256833333333333,71.16666666666667,48.333333333333336,2024.2916666666667,14.5,744.0,3.0,8.0,4.0,14614.4635,75.3335,684292.0101666667,1.8378333333333334,16.26033333333333,0.395,1263.5,35.7110445,51.285503500000004,12.0,210.125,-0.0004363323129985989,1.8888888888888893,0.0
2025-01-11 11:50:30,59.3,59.2,36.3,30.3,1289980,13.6,1.0,32.0,16.276333333333334,47.166666666666664,13.722,19.1215,72.33333333333333,56.666666666666664,2362.5833333333335,14.5,745.5,3.0,8.0,4.0,14614.550833333333,28.0415,693088.5001666667,1.29,18.656499999999998,0.395,1263.0,35.710283,51.285030500000005,12.0,205.24,-0.018616845354606115,1.3888888888888882,0.0
2025-01-11 11:50:36,41.6,41.6,32.4,28.2,1230190,13.6,1.0,32.0,16.503,46.333333333333336,13.867666666666667,16.8085,73.5,59.833333333333336,2498.2916666666665,14.5,744.0,3.0,8.0,4.0,14614.649,24.458333333333332,700962.4896666667,1.3183333333333334,18.854,0.395,1263.0,35.7094155,51.2846755,12.0,195.74,-0.03150319299849769,0.5277777777777786,0.0
2025-01-11 11:50:42,118.8,116.7,69.3,32.8,1276340,13.616666666666667,33.0,32.0,18.75016666666667,36.333333333333336,10.681666666666667,2.5533333333333332,74.83333333333333,58.5,2437.75,14.5,740.5,3.0,21.333333333333332,4.0,14614.748666666666,-26.229,706304.4896666667,0.2305,19.593666666666667,0.395,1262.0,35.7085155,51.284431500000004,12.0,192.26999999999998,-0.0016580627893945934,0.0,0.22222222222222263
2025-01-11 11:50:48,329.0,307.0,57.8,32.0,1239880,13.566666666666668,81.0,32.0,23.965,34.166666666666664,6.2236666666666665,0.0,75.83333333333333,34.666666666666664,1441.5,13.966666666666667,736.0,3.0,24.0,4.0,14614.830166666667,-28.031166666666667,706647.5313333333,0.17633333333333331,19.75,0.395,1261.5,35.70787,51.2842575,12.0,192.455,0.0009308422677302893,0.0,3.9722222222222228
2025-01-11 11:50:54,106.9,105.8,47.7,31.3,1244030,13.583333333333334,1.0,32.0,22.996666666666666,33.666666666666664,4.678833333333333,2.3698333333333337,75.5,24.833333333333332,1052.625,14.5,733.0,3.0,21.333333333333332,4.0,14614.874333333333,-7.646000000000001,708670.7918333333,0.41850000000000004,20.552,0.395,1261.5,35.7074835,51.28414,12.0,195.495,0.018907733563271908,0.0,1.6388888888888886
2025-01-11 11:51:00,77.6,75.1,39.4,30.1,1252230,13.533333333333333,1.0,32.0,17.755166666666668,79.33333333333333,41.67916666666667,29.16416666666667,73.16666666666667,32.5,1374.75,14.5,727.0,3.0,13.333333333333334,4.0,14614.9205,60.07266666666666,714130.8335000001,1.4151666666666667,15.395833333333334,0.395,1260.0,35.7070405,51.283972,12.0,195.705,-0.020333085785733968,1.277777777777778,0.0
2025-01-11 11:51:06,64.0,64.0,40.3,29.6,1245900,13.583333333333334,1.0,32.0,14.477166666666667,70.33333333333333,21.6155,26.44683333333333,71.16666666666667,46.333333333333336,1943.375,14.5,728.0,3.0,8.0,4.0,14614.987000000001,70.6355,722895.4793333333,1.768,16.448,0.395,1259.5,35.706390500000005,51.2838095,12.0,191.23,-0.0034615696831220796,2.305555555555556,0.0
2025-01-11 11:51:12,62.4,62.3,36.7,30.1,1266050,13.6,1.0,32.0,13.414166666666667,64.0,19.775666666666666,24.46983333333333,71.0,60.666666666666664,2536.5833333333335,14.5,744.0,3.0,8.0,4.0,14615.076166666666,54.624833333333335,734257.6456666667,1.8665,17.531166666666667,0.395,1257.5,35.7055225,51.283592,12.0,191.465,-0.0004945099547316913,2.388888888888888,0.0
2025-01-11 11:51:18,45.2,44.9,30.2,27.8,1215900,13.583333333333334,17.0,32.0,16.8005,30.833333333333332,9.979166666666666,1.5431666666666668,71.16666666666667,63.833333333333336,2657.1666666666665,14.5,747.0,3.0,21.333333333333332,4.0,14615.181666666665,-31.468666666666667,740695.5413333332,0.13133333333333333,20.364833333333333,0.395,1255.5,35.7045475,51.283348,12.0,191.545,0.0007563093425308499,0.5277777777777786,0.0
2025-01-11 11:51:24,53.6,52.7,34.6,28.7,1253580,13.516666666666666,49.0,32.0,20.706833333333332,61.0,22.489333333333335,18.415333333333333,72.0,47.166666666666664,1969.2083333333333,14.466666666666667,745.0,3.0,16.0,4.0,14615.274833333335,33.8125,742097.5831666667,1.4715,17.82283333333333,0.395,1253.5,35.703764,51.283142,12.0,192.44999999999996,0.0038397243543875047,0.0,2.7777777777777786
2025-01-11 11:51:30,62.8,60.9,34.1,28.3,1233710,13.516666666666666,49.0,32.0,19.255166666666668,42.333333333333336,9.659,1.1128333333333333,72.5,50.166666666666664,2079.8333333333335,14.5,758.5,3.0,21.333333333333332,4.0,14615.356166666666,-20.854,750655.8646666667,0.20966666666666667,19.13533333333333,0.395,1253.0,35.703129,51.282962999999995,12.0,193.295,0.006254096486313031,0.5,0.0
2025-01-11 11:51:36,55.0,54.9,35.7,28.5,1221800,13.483333333333334,49.0,32.0,15.231333333333334,40.0,7.096333333333334,4.534833333333333,73.66666666666667,29.0,1192.6666666666667,13.950000000000001,754.0,3.0,18.666666666666668,4.0,14615.420666666667,-6.354166666666667,751483.198,0.4496666666666667,19.37483333333333,0.395,1253.0,35.7026615,51.2826135,12.0,226.35,0.13133602621257331,0.0,3.5277777777777772
2025-01-11 11:51:42,125.6,125.5,91.7,40.6,1427960,13.549999999999999,1.0,32.0,10.4545,111.33333333333333,76.284,47.74633333333333,74.16666666666667,35.666666666666664,1496.875,14.166666666666666,750.5,3.0,8.0,4.0,14615.468,105.73933333333333,759533.5625,2.279333333333333,15.291833333333335,0.395,1253.0,35.7026405,51.282075999999996,12.0,276.375,0.12525646265145973,1.1111111111111107,0.0
2025-01-11 11:51:48,62.1,59.8,36.4,29.8,1273590,13.549999999999999,1.0,32.0,10.485333333333333,57.333333333333336,16.694,20.8725,75.5,48.0,2006.2916666666667,14.416666666666666,759.5,3.0,10.666666666666666,4.0,14615.537166666667,39.97933333333334,771575.0001666667,1.4618333333333335,17.81233333333333,0.395,1253.0,35.70278,51.281263499999994,12.0,281.61,-0.00445058959258546,2.055555555555556,0.0
2025-01-11 11:51:54,121.1,121.0,81.9,32.0,1264180,13.516666666666666,1.0,32.0,11.07,64.66666666666667,20.1205,26.727666666666668,74.83333333333333,55.5,2312.875,14.5,760.5,3.0,8.0,4.0,14615.623833333333,61.67683333333333,781479.0518333333,1.9633333333333332,17.125333333333334,0.395,1253.0,35.7029455,51.2802905,12.0,282.03000000000003,0.0025307274153916256,1.25,0.0
2025-01-11 11:52:00,138.9,137.3,39.0,28.9,1224600,13.516666666666666,1.0,32.0,11.539833333333334,60.0,21.277,18.037,72.16666666666667,62.5,2600.9583333333335,14.200000000000001,775.0,3.0,13.333333333333334,4.0,14615.720666666666,38.239666666666665,793457.4896666667,1.7305,17.916666666666668,0.395,1253.0,35.703144,51.279171,12.0,282.455,0.0017162404311278497,1.1666666666666667,0.0
2025-01-11 11:52:06,97.2,92.0,41.2,29.1,1217560,13.516666666666666,17.0,32.0,13.773833333333334,33.833333333333336,10.818333333333333,5.832000000000001,72.0,62.666666666666664,2614.625,14.5,777.5,3.0,16.0,4.0,14615.826166666666,-11.96883333333333,801882.7291666666,0.5995,19.958333333333332,0.395,1253.0,35.7033675,51.277994,12.0,283.28000000000003,0.001425352222462062,0.027777777777777384,0.0
2025-01-11 11:52:12,53.4,52.7,32.2,27.7,1204620,13.450000000000001,81.0,32.0,20.064333333333334,38.833333333333336,7.126,0.45566666666666666,72.0,37.333333333333336,1554.6666666666667,14.133333333333333,771.5,3.0,21.333333333333332,4.0,14615.916,-22.531166666666667,803111.1978333333,0.2025,19.083166666666667,0.395,1253.0,35.7035445,51.2770635,12.0,283.23499999999996,0.0004654211338650618,0.0,4.222222222222221
2025-01-11 11:52:18,94.2,94.2,49.3,31.0,1285920,13.6,1.0,32.0,16.862333333333332,99.83333333333333,59.86183333333333,35.428333333333335,72.83333333333333,31.833333333333332,1336.2916666666667,14.5,762.0,3.0,8.0,4.0,14615.964166666667,91.64566666666667,808920.6251666667,1.8321666666666667,13.885333333333334,0.395,1253.0,35.703647499999995,51.276518,12.0,282.965,-0.0013671745807288058,0.0,0.9166666666666673
2025-01-11 11:52:24,40.7,40.7,31.2,29.7,1304470,13.566666666666668,1.0,32.0,13.845500000000001,49.666666666666664,12.789000000000001,7.133500000000001,73.66666666666667,43.666666666666664,1824.3333333333333,14.5,762.0,3.0,16.0,4.0,14616.029499999999,8.843833333333334,818287.4061666667,0.6445,18.177166666666665,0.395,1253.0,35.7037965,51.275797000000004,12.0,284.195,-0.0007272205216643039,1.972222222222222,0.0
2025-01-11 11:52:30,42.0,42.0,33.5,31.4,1364400,13.533333333333333,49.0,32.0,17.979333333333333,49.833333333333336,11.2545,10.259,75.0,34.833333333333336,1469.0833333333333,14.5,759.0,3.0,16.0,4.0,14616.095500000001,8.135333333333334,820026.5313333333,0.6391666666666667,17.76033333333333,0.395,1253.0,35.7039205,51.275064500000006,12.0,282.79,0.010501064332832584,0.0,1.4722222222222214
2025-01-11 11:52:36,48.4,47.8,36.8,31.9,1397550,13.583333333333334,1.0,32.0,15.996,52.166666666666664,10.931833333333332,10.250333333333332,76.0,37.833333333333336,1582.5416666666667,14.433333333333332,751.5,3.0,16.0,4.0,14616.154999999999,18.020833333333332,826174.625,0.7195,17.656333333333333,0.395,1253.0,35.704067,51.274398999999995,12.0,284.8,-0.004566944876051975,0.5,0.0
2025-01-11 11:52:42,42.8,42.8,35.1,31.6,1390970,13.583333333333334,17.0,32.0,15.781166666666666,41.0,7.8999999999999995,8.955833333333333,75.16666666666667,36.166666666666664,1529.25,14.383333333333333,745.0,3.0,13.333333333333334,4.0,14616.217333333334,1.8335000000000006,830276.9685,0.6238333333333334,18.593666666666667,0.395,1253.0,35.704189500000005,51.2736855,12.0,281.015,-0.010559241974565682,0.0,0.27777777777777857
2025-01-11 11:52:48,59.9,53.2,39.3,32.4,1416200,13.533333333333333,1.0,32.0,13.989333333333335,64.0,16.488666666666667,18.598333333333333,72.16666666666667,40.0,1675.7083333333333,14.416666666666666,739.0,3.0,10.666666666666666,4.0,14616.278833333336,49.291666666666664,836362.3336666668,1.2421666666666666,16.73966666666667,0.395,1253.0,35.704311499999996,51.272991,12.0,282.95,0.009337511498169767,0.6388888888888893,0.0
2025-01-11 11:52:54,51.9,51.8,37.2,32.3,1416830,13.566666666666668,1.0,32.0,13.356333333333334,46.166666666666664,10.782166666666667,9.876,71.0,44.333333333333336,1859.5416666666667,14.5,734.0,3.0,13.333333333333334,4.0,14616.349500000002,9.156333333333334,842687.1039999999,0.7033333333333333,18.343666666666667,0.395,1253.0,35.70447,51.2721845,12.0,283.64500000000004,0.00040724349213197043,0.7222222222222227,0.0
2025-01-11 11:53:00,71.4,63.9,38.3,32.4,1402660,13.583333333333334,1.0,32.0,15.205,46.666666666666664,10.720999999999998,12.594999999999999,71.66666666666667,40.166666666666664,1690.2916666666667,14.5,728.5,3.0,13.333333333333334,4.0,14616.4205,12.0415,845442.7708333334,0.8186666666666667,18.031333333333333,0.395,1253.0,35.704624,51.271404,12.0,283.56,-0.0009308422677302882,0.0,0.6944444444444452
2025-01-11 11:53:06,53.6,53.6,41.9,35.1,1484150,13.583333333333334,1.0,32.0,13.8605,63.5,17.083000000000002,21.584500000000002,72.0,48.166666666666664,2003.125,14.5,728.0,3.0,10.666666666666666,4.0,14616.492166666665,52.979166666666664,853622.1353333333,1.4416666666666667,17.249833333333335,0.395,1253.0,35.704778999999995,51.27059,12.0,283.05,-0.0018035068937274868,1.3333333333333333,0.0
2025-01-11 11:53:12,54.8,54.6,40.5,33.3,1461970,13.6,1.0,32.0,14.3575,43.666666666666664,11.724666666666666,13.97166666666667,73.16666666666667,51.666666666666664,2151.8333333333335,14.5,727.5,3.0,8.0,4.0,14616.574833333332,21.145666666666667,860504.4686666667,1.02,19.0,0.395,1253.0,35.704950000000004,51.269645999999995,12.0,282.35499999999996,-0.00264708269885814,0.5833333333333334,0.0
2025-01-11 11:53:18,42.8,42.6,32.2,30.4,1344650,13.5,1.0,32.0,14.573,35.666666666666664,10.259833333333333,10.468,74.16666666666667,52.5,2192.125,14.5,724.5,3.0,10.666666666666666,4.0,14616.662166666667,5.010333333333334,866510.5835000001,0.7686666666666667,19.75,0.395,1253.0,35.705124,51.268668999999996,12.0,282.235,-0.0015998851476613366,0.13888888888888928,0.0
2025-01-11 11:53:24,40.7,40.7,35.2,32.2,1404550,13.549999999999999,65.0,32.0,18.138333333333332,33.0,7.439333333333333,0.35916666666666663,75.5,43.5,1819.2916666666667,14.5,721.0,3.0,21.333333333333332,4.0,14616.745499999999,-32.760333333333335,869289.3953333334,0.08700000000000001,19.593833333333333,0.395,1253.0,35.705302999999994,51.267761500000006,12.0,283.97999999999996,0.0037815467126542488,0.0,1.5
2025-01-11 11:53:30,41.0,41.0,33.9,30.9,1364140,13.433333333333332,97.0,32.666666666666664,22.47666666666667,34.5,3.8905,0.0,76.0,17.0,930.0,13.9,717.0,3.0,24.0,2.8333333333333335,14616.798333333334,-7.677,870622.25,0.3908333333333333,20.583333333333332,0.395,1253.0,35.705425,51.2672485,12.0,288.26000000000005,0.01480620982108532,0.0,4.416666666666667
2025-01-11 11:53:36,41.9,41.9,34.5,32.5,1432980,13.483333333333334,97.0,33.0,22.270833333333332,32.666666666666664,3.833,0.0,75.33333333333333,5.0,980.1666666666666,14.5,714.5,3.0,24.0,1.0,14616.815333333334,-13.062333333333333,872687.1248333333,0.32316666666666666,20.81233333333333,0.395,1253.0,35.7054575,51.2670845,12.0,280.995,-0.014515321612419538,0.0,2.0
2025-01-11 11:53:42,47.3,45.5,33.8,31.2,1387400,13.516666666666666,97.0,33.0,22.093500000000002,34.166666666666664,4.0975,0.0,73.16666666666667,0.0,957.375,14.5,711.5,3.0,24.0,13.0,14616.82,-12.822833333333334,874665.573,0.34,20.791333333333334,0.395,1253.0,35.705461500000006,51.26706149999999,12.0,195.97,-0.5084725887476813,0.0,0.8333333333333334
2025-01-11 11:53:48,38.6,38.6,33.8,32.6,1447460,13.5,97.0,33.0,19.548833333333334,34.5,4.120166666666667,0.0,71.66666666666667,0.0,947.7916666666666,14.5,708.5,3.0,24.0,13.0,14616.82,-12.656166666666666,876638.4896666667,0.32416666666666666,20.801833333333335,0.395,1253.0,35.705461500000006,51.267081999999995,12.0,45.0,-0.315817328148374,0.0,0.0
2025-01-11 11:53:54,43.2,43.2,35.7,32.4,1436990,13.483333333333334,97.0,33.0,17.67683333333333,34.5,4.116833333333333,0.0,71.16666666666667,0.0,950.875,14.5,705.5,3.0,24.0,13.0,14616.82,-12.947833333333334,878564.2186666667,0.3165,20.833166666666667,0.395,1253.0,35.705467,51.267081999999995,12.0,0.0,0.0,0.0,0.0
2025-01-11 11:54:00,46.1,45.5,36.1,32.2,1429860,13.483333333333334,97.0,33.0,16.911333333333335,34.666666666666664,4.191833333333333,0.0,71.83333333333333,0.0,950.9583333333334,14.5,702.5,3.0,24.0,13.0,14616.82,-12.729166666666666,880477.5211666668,0.31633333333333336,20.822666666666667,0.395,1253.0,35.705475,51.267081999999995,12.0,0.0,0.0,0.0,0.0
2025-01-11 11:54:06,51.1,50.7,33.9,31.6,1397290,13.483333333333334,17.0,33.0,16.381,38.166666666666664,5.905,4.224166666666666,72.5,0.8333333333333334,1154.9583333333333,14.5,699.0,3.0,18.666666666666668,9.0,14616.82,-4.4165,882653.0623333333,0.4888333333333334,19.666666666666668,0.395,1253.0,35.705486,51.2670785,12.0,162.305,-0.10294533704679883,0.1388888888888889,0.0
2025-01-11 11:54:12,44.2,44.0,34.7,31.5,1392240,13.516666666666666,1.0,33.0,13.407666666666666,42.166666666666664,10.684,12.2565,73.0,13.0,1969.375,14.5,696.5,3.0,13.333333333333334,1.0,14616.828666666668,15.572833333333334,886678.448,0.8721666666666666,18.906166666666667,0.395,1253.0,35.7055035,51.266948500000005,12.0,277.27000000000004,-0.13066698333264218,2.0277777777777777,0.0
2025-01-11 11:54:18,56.1,52.7,34.0,32.5,1425010,13.516666666666666,1.0,33.0,12.3345,51.166666666666664,13.689333333333332,18.589833333333335,73.5,24.333333333333332,2024.1666666666667,14.5,697.5,3.0,8.0,2.0,14616.860666666667,29.843666666666667,892317.125,1.0868333333333333,18.104333333333333,0.395,1253.0,35.705561,51.266567,12.0,280.52000000000004,0.00015013209248055984,1.8888888888888886,0.0
2025-01-11 11:54:24,6510.2,6433.0,2599.2,275.4,4111410,13.516666666666666,1.0,33.0,12.7675,39.5,12.856166666666667,15.909166666666666,74.5,32.666666666666664,2699.125,14.5,696.5,3.0,8.0,2.0,14616.909,13.843833333333334,898795.7395,1.1618333333333333,19.531166666666667,0.395,1253.0,35.705652,51.2660085,12.0,281.675,0.00445058959258546,1.3888888888888886,0.0
2025-01-11 11:54:30,568.2,533.0,96.4,43.4,1491910,13.516666666666666,1.0,32.833333333333336,13.679333333333332,32.333333333333336,11.970166666666666,11.048833333333334,75.66666666666667,38.333333333333336,3154.4583333333335,14.5,703.5,3.0,10.666666666666666,2.0,14616.967333333334,-2.9898333333333333,905825.4688333333,0.8816666666666667,20.698,0.395,1253.0,35.70578,51.26532749999999,12.0,283.38000000000005,0.004596033696918522,0.9444444444444452,0.0
2025-01-11 11:54:36,726.6,682.3,236.3,57.8,1625950,13.516666666666666,1.0,32.833333333333336,12.339500000000001,38.333333333333336,11.011833333333334,12.766833333333333,74.33333333333333,37.166666666666664,2167.5,14.5,704.5,3.0,10.666666666666666,3.0,14617.029999999999,14.427,910358.4478333333,0.9843333333333334,19.343999999999998,0.395,1253.0,35.7059975,51.264673499999994,12.0,299.535,0.08069238908387104,0.0,0.19444444444444522
2025-01-11 11:54:42,370.6,360.0,128.2,40.8,1510960,13.516666666666666,1.0,32.0,8.762666666666666,85.0,38.845666666666666,34.48433333333333,72.5,46.0,2614.9166666666665,14.5,731.0,3.0,8.0,3.0,14617.097,91.05183333333333,921061.1355,3.0081666666666664,16.2395,0.395,1253.0,35.706548500000004,51.2644745,12.0,175.99,0.16534085780559624,1.4722222222222225,0.0
2025-01-11 11:54:48,605.6,590.3,205.2,56.6,1617090,13.516666666666666,1.0,32.5,9.167666666666667,56.0,19.461166666666667,19.342166666666667,73.0,58.166666666666664,2713.5833333333335,14.5,776.5,3.0,13.333333333333334,3.6666666666666665,14617.183666666666,43.427,935719.75,1.9006666666666667,18.2395,0.395,1253.0,35.7073725,51.264656,12.0,11.13,0.013031791748224298,2.0277777777777772,0.0
2025-01-11 11:54:54,233.2,228.7,86.8,40.1,1462920,13.483333333333334,81.0,32.0,13.2555,36.333333333333336,8.566,0.0,74.0,47.666666666666664,1992.5,14.15,779.0,3.0,24.0,4.0,14617.278,-30.271,943306.8536666668,0.12166666666666666,19.510666666666665,0.395,1253.0,35.708217499999996,51.2648715,12.0,11.714999999999998,0.0,0.0,1.75
2025-01-11 11:55:00,282.4,274.1,93.5,42.4,1491480,13.533333333333333,1.0,32.0,15.617833333333332,77.16666666666667,60.30133333333333,42.470333333333336,75.16666666666667,26.833333333333332,1136.0416666666667,14.416666666666666,771.5,3.0,13.333333333333334,4.0,14617.3365,62.479166666666664,946364.875,1.3478333333333332,15.656166666666666,0.395,1253.0,35.708695999999996,51.2649975,12.0,11.89,-0.002239839206726085,0.0,3.472222222222222
2025-01-11 11:55:06,179.0,176.9,65.9,37.6,1449630,13.566666666666668,1.0,32.0,11.087166666666667,140.33333333333334,77.70583333333333,51.269,76.0,44.166666666666664,1857.5833333333333,12.616666666666667,775.0,3.0,8.0,4.0,14617.391833333333,142.32316666666665,962192.5311666667,4.777666666666667,17.6875,0.395,1253.0,35.7092265,51.265136500000004,12.0,12.344999999999999,0.005526875964648644,2.888888888888889,0.0
2025-01-11 11:55:12,204.4,198.4,82.6,38.8,1427280,13.583333333333334,1.0,32.0,10.108666666666666,63.333333333333336,18.849333333333334,24.294,73.83333333333333,61.666666666666664,2575.125,14.5,798.0,3.0,8.0,4.0,14617.481,52.958499999999994,984357.25,1.9133333333333333,17.604,0.395,1253.0,35.7100755,51.265377,12.0,12.674999999999999,-0.0035197473248552544,2.9166666666666665,0.0
2025-01-11 11:55:18,253.1,248.7,72.4,37.5,1399920,13.566666666666668,1.0,32.0,11.036833333333334,62.5,20.0855,24.87483333333333,72.83333333333333,65.5,2730.5833333333335,14.5,798.5,3.0,8.0,4.0,14617.588000000002,51.500166666666665,995723.5621666666,1.9835,17.645833333333332,0.395,1253.0,35.7110425,51.2656365,12.0,12.475000000000001,0.002152572744126366,0.6388888888888893,0.0
2025-01-11 11:55:24,294.0,292.5,136.2,47.5,1504250,13.549999999999999,1.0,32.0,11.589500000000001,61.0,19.767333333333333,25.657166666666665,73.66666666666667,65.66666666666667,2743.75,14.5,801.0,3.0,8.0,4.0,14617.698666666665,51.302,1007308.4376666667,2.0420000000000003,17.625,0.395,1253.0,35.712038,51.2659055,12.0,12.51,0.0015417075059283283,0.027777777777778567,0.0
2025-01-11 11:55:30,388.2,356.4,95.9,44.8,1529470,13.566666666666668,1.0,32.0,11.655666666666667,68.5,22.195333333333334,28.112166666666667,75.33333333333333,66.0,2750.0416666666665,14.5,807.0,3.0,8.0,4.0,14617.805999999999,63.458333333333336,1020475.8855,2.251,17.1355,0.395,1253.0,35.713024,51.26618199999999,12.0,12.735,-0.001076286372063183,0.05555555555555477,0.0
2025-01-11 11:55:36,314.0,309.5,123.5,46.2,1553910,13.583333333333334,1.0,32.0,11.369,61.833333333333336,19.7985,25.9455,76.16666666666667,66.33333333333333,2774.75,14.5,810.5,3.0,8.0,4.0,14617.917333333333,52.541500000000006,1033417.0418333333,2.0273333333333334,17.604333333333333,0.395,1253.0,35.7140275,51.26641850000001,12.0,9.405,-0.01672607199827899,0.05555555555555477,0.0
2025-01-11 11:55:42,328.6,325.3,115.5,43.1,1492860,13.566666666666668,1.0,32.0,11.652000000000001,46.833333333333336,15.253666666666666,19.25583333333333,73.5,68.5,2857.0,14.5,808.5,3.0,8.0,4.0,14618.024833333335,25.458333333333332,1044161.4168333333,1.5016666666666667,18.9375,0.395,1253.0,35.715067,51.26642999999999,12.0,358.145,-0.02795435685277572,0.3611111111111119,0.0
2025-01-11 11:55:48,121.8,118.7,35.6,29.3,1232260,13.583333333333334,1.0,32.0,14.299333333333335,36.166666666666664,12.251666666666665,11.319666666666668,73.66666666666667,67.66666666666667,2839.2083333333335,14.5,803.5,3.0,10.666666666666666,4.0,14618.137999999999,2.0206666666666666,1050852.6041666667,0.9561666666666667,19.93733333333333,0.395,1253.0,35.7161195,51.2663575,12.0,356.76,-0.0004945099547317731,0.0,0.1388888888888881
2025-01-11 11:55:54,52.7,52.0,31.3,26.5,1138820,13.549999999999999,1.0,32.0,15.846666666666666,35.666666666666664,11.7615,12.517666666666665,74.83333333333333,67.33333333333333,2803.5,14.5,798.5,3.0,8.0,4.0,14618.250666666667,7.062333333333334,1057266.5833333333,1.0166666666666666,19.968999999999998,0.395,1253.0,35.7171595,51.2662755,12.0,355.945,-0.004596033696918353,0.0,0.055555555555557135
2025-01-11 11:56:00,50.0,48.1,28.5,25.9,1127090,13.533333333333333,1.0,32.0,17.13266666666667,33.166666666666664,10.9315,9.135333333333334,75.83333333333333,65.5,2715.6666666666665,14.5,793.0,3.0,13.333333333333334,4.0,14618.360666666667,-2.531333333333334,1062789.7916666667,0.9006666666666666,20.12516666666667,0.395,1253.0,35.7181835,51.266157,12.0,354.04999999999995,-0.006690428799311629,0.0,0.30555555555555475
2025-01-11 11:56:06,43.6,43.0,30.5,26.0,1133360,13.5,1.0,32.0,16.527333333333335,48.666666666666664,15.863666666666667,19.740166666666667,73.66666666666667,65.66666666666667,2741.2916666666665,14.5,789.0,3.0,8.0,4.0,14618.470833333333,29.00016666666667,1069859.6666666667,1.5190000000000001,18.666666666666668,0.395,1253.0,35.719173500000004,51.265983500000004,12.0,350.955,-0.011170107212763639,0.027777777777778567,0.0
2025-01-11 11:56:12,47.0,46.4,33.8,26.6,1133620,13.533333333333333,1.0,32.0,16.725166666666667,40.0,13.205,15.923166666666667,73.16666666666667,66.0,2759.7916666666665,14.5,786.0,3.0,8.0,4.0,14618.58,14.843666666666666,1077418.1666666667,1.2183333333333335,19.541333333333334,0.395,1253.0,35.720169,51.265690000000006,12.0,345.5,-0.01210094948049409,0.05555555555555477,0.0
2025-01-11 11:56:18,57.9,57.1,33.1,24.1,999840,13.516666666666666,1.0,32.0,16.254666666666665,45.833333333333336,14.772833333333333,18.7435,74.33333333333333,66.16666666666667,2764.875,14.5,783.0,3.0,8.0,4.0,14618.6875,23.656333333333333,1085399.4583333333,1.3869999999999998,18.94783333333333,0.395,1253.0,35.721155,51.265356,12.0,344.16,-0.005410520681182462,0.027777777777778567,0.0
2025-01-11 11:56:24,52.2,52.2,32.8,23.2,966630,13.516666666666666,1.0,32.0,15.526833333333334,48.833333333333336,16.096833333333333,20.31833333333333,75.5,67.0,2785.5,14.5,782.0,3.0,10.666666666666666,4.0,14618.798333333334,31.541833333333333,1094364.6666666667,1.6049999999999998,18.677,0.395,1253.0,35.722128,51.264946,12.0,339.85999999999996,-0.014718943358485519,0.1388888888888881,0.0
2025-01-11 11:56:30,48.5,48.0,24.9,18.6,771850,13.516666666666666,1.0,32.0,15.198500000000001,45.166666666666664,14.628833333333333,17.626833333333334,75.16666666666667,66.83333333333333,2785.1666666666665,14.5,782.0,3.0,8.0,4.0,14618.910833333333,22.395666666666667,1103087.0833333333,1.3608333333333336,19.06233333333333,0.395,1253.0,35.7230875,51.2644615,12.0,337.11499999999995,-0.006894050545377616,0.0,0.027777777777778567
2025-01-11 11:56:36,38.1,38.1,25.0,19.5,820080,13.5,1.0,32.0,14.745166666666668,43.833333333333336,14.445666666666666,18.086833333333335,73.0,67.0,2795.875,14.5,780.0,3.0,8.0,4.0,14619.020166666667,21.323166666666665,1111959.4791666667,1.3496666666666668,19.1145,0.395,1253.0,35.7240145,51.263915999999995,12.0,334.06,-0.0046542113386514455,0.027777777777778567,0.0
2025-01-11 11:56:42,39.9,39.9,26.0,21.0,893790,13.516666666666666,1.0,32.0,14.6965,51.166666666666664,16.6535,20.616,73.66666666666667,66.0,2761.3333333333335,14.5,778.5,3.0,8.0,4.0,14619.130333333334,33.41683333333334,1120376.1666666667,1.6291666666666667,18.510166666666667,0.395,1253.0,35.724940999999994,51.2633665,12.0,334.34999999999997,0.0006981317007977579,0.0,0.16666666666666666
2025-01-11 11:56:48,52.0,50.2,28.5,23.7,1008920,13.5,1.0,32.0,14.946833333333332,45.0,15.307,17.582666666666668,75.33333333333333,65.66666666666667,2739.1666666666665,14.5,780.0,3.0,8.0,4.0,14619.240833333335,23.239833333333333,1129372.4583333333,1.3958333333333333,19.041666666666668,0.395,1253.0,35.7258645,51.262825,12.0,334.685,0.0015707963267947913,0.0,0.05555555555555477
2025-01-11 11:56:54,52.2,52.2,31.6,23.7,1005660,13.5,1.0,32.0,15.349499999999999,56.833333333333336,19.655,18.686833333333333,75.83333333333333,66.0,2749.7083333333335,14.5,788.5,3.0,10.666666666666666,4.0,14619.349,36.323,1139036.8541666667,1.6656666666666666,18.0105,0.395,1253.0,35.726789000000004,51.262321500000006,12.0,336.125,-0.0001745329251994406,0.05555555555555477,0.0
2025-01-11 11:57:00,47.0,46.9,29.2,23.0,979310,13.5,1.0,32.0,15.252,43.5,13.709999999999999,15.113333333333335,73.83333333333333,65.83333333333333,2736.4583333333335,14.5,790.5,3.0,8.0,4.0,14619.458333333334,19.520666666666667,1148385.2916666667,1.3074999999999999,19.19783333333333,0.395,1253.0,35.727703,51.261776,12.0,333.79,-0.004217879025652931,0.0,0.027777777777778567
2025-01-11 11:57:06,68.0,66.7,37.0,25.1,1010860,13.466666666666667,1.0,32.0,14.982166666666666,44.5,14.070500000000001,15.846666666666666,73.5,65.66666666666667,2744.5833333333335,14.5,790.5,3.0,8.0,4.0,14619.567666666668,19.645833333333332,1157151.5208333333,1.224,19.198,0.395,1253.0,35.728609,51.261213,12.0,332.88,-0.0041597013839198395,0.0,0.027777777777776198
2025-01-11 11:57:12,68.5,68.5,42.2,28.6,1157500,13.5,1.0,32.0,15.128,46.5,14.819333333333333,19.020166666666668,74.5,65.16666666666667,2708.375,14.5,785.5,3.0,8.0,4.0,14619.675166666666,25.18766666666667,1164551.9583333333,1.425,18.87483333333333,0.395,1253.0,35.729498,51.260661999999996,12.0,333.62,0.0036942802500547762,0.0,0.08333333333333333
2025-01-11 11:57:18,68.6,68.3,40.8,28.3,1175860,13.5,1.0,32.0,14.179166666666667,51.666666666666664,16.608,21.664833333333334,76.0,67.5,2826.8333333333335,14.5,784.5,3.0,8.0,4.0,14619.784999999998,33.541666666666664,1174514.9583333333,1.6368333333333334,18.437833333333334,0.395,1253.0,35.730405499999996,51.260111,12.0,333.88500000000005,0.0014835298641951537,0.3888888888888881,0.0
2025-01-11 11:57:24,71.7,69.1,34.2,25.5,1081980,13.450000000000001,1.0,32.0,15.009666666666668,39.166666666666664,12.984833333333333,14.931166666666668,75.0,67.66666666666667,2812.3333333333335,14.5,781.5,3.0,8.0,4.0,14619.898500000001,13.208166666666665,1182630.0,1.1721666666666668,19.562,0.395,1253.0,35.7313655,51.259571,12.0,336.02500000000003,0.006574073515845282,0.027777777777778567,0.0
2025-01-11 11:57:30,75.1,68.2,37.9,24.0,978800,13.450000000000001,1.0,32.0,14.587000000000002,44.833333333333336,14.512166666666667,18.485833333333336,73.33333333333333,66.16666666666667,2760.5833333333335,14.5,778.5,3.0,8.0,4.0,14620.009166666665,22.614833333333333,1190391.7708333333,1.3724999999999998,19.01033333333333,0.395,1253.0,35.732321,51.25909049999999,12.0,338.46999999999997,0.007795803992241358,0.0,0.25
2025-01-11 11:57:36,104.2,77.0,34.0,24.7,987360,13.5,1.0,32.0,13.3665,50.5,16.05816666666667,20.946833333333334,74.33333333333333,66.33333333333333,2760.4583333333335,14.5,777.0,3.0,8.0,4.0,14620.118500000002,31.416666666666668,1199038.6041666667,1.5970000000000002,18.55216666666667,0.395,1253.0,35.733293499999995,51.258688,12.0,343.125,0.0196931317266693,0.027777777777776198,0.0
2025-01-11 11:57:42,57.9,57.9,29.6,21.9,898460,13.516666666666666,1.0,32.0,9.731833333333332,51.0,16.462833333333332,21.3355,75.66666666666667,67.83333333333333,2808.2083333333335,14.5,774.0,3.0,8.0,4.0,14620.229833333333,33.1355,1208968.8541666667,1.6165,18.406333333333333,0.395,1253.0,35.734308000000006,51.258714499999996,12.0,9.229999999999999,0.0932878485190969,0.25,0.0
2025-01-11 11:57:48,57.4,57.3,34.9,25.6,1063490,13.5,1.0,32.0,7.376833333333333,49.166666666666664,16.144499999999997,21.188333333333333,75.66666666666667,68.0,2815.1666666666665,14.5,771.0,3.0,8.0,4.0,14620.341833333334,31.156166666666667,1218438.7291666667,1.6219999999999999,18.5,0.395,1253.0,35.735149,51.25942799999999,12.0,42.82,0.09666215173961934,0.027777777777778567,0.0
2025-01-11 11:57:54,60.8,57.4,32.0,25.2,1044820,13.516666666666666,1.0,32.0,6.439833333333333,44.666666666666664,15.108666666666666,18.419,73.5,69.5,2893.0,14.5,768.0,3.0,8.0,4.0,14620.455,23.427166666666665,1227930.0,1.4226666666666665,19.083000000000002,0.395,1287.0,35.7355345,51.260599000000006,12.0,76.17999999999999,0.09642944117268674,0.25,0.0
2025-01-11 11:58:00,52.8,52.8,35.4,25.5,1053000,13.533333333333333,1.0,32.0,8.757333333333333,30.833333333333332,11.011166666666668,7.060833333333334,74.16666666666667,70.0,2909.6666666666665,14.5,765.5,3.0,10.666666666666666,4.0,14620.572166666667,-8.125,1234452.8541666667,0.7548333333333334,20.4585,0.395,1321.0,35.7356205,51.261914999999995,12.0,85.915,0.00610865238198022,0.08333333333333333,0.0
2025-01-11 11:58:06,46.4,46.3,29.9,25.2,1079060,13.5,1.0,32.0,12.147666666666666,32.166666666666664,10.600166666666667,9.091666666666667,75.33333333333333,67.16666666666667,2792.6666666666665,14.5,763.5,3.0,10.666666666666666,4.0,14620.6855,-4.916833333333334,1238599.6666666667,0.8176666666666668,20.31233333333333,0.395,1319.5,35.735690999999996,51.263317,12.0,86.44,-0.0004945099547316909,0.0,0.47222222222222143
2025-01-11 11:58:12,51.3,51.3,30.9,25.3,1071790,13.5,1.0,32.0,12.480166666666667,48.333333333333336,15.692,20.575333333333333,75.66666666666667,66.66666666666667,2779.6666666666665,14.5,760.5,3.0,8.0,4.0,14620.796333333334,29.25,1245904.875,1.5428333333333333,18.583333333333332,0.395,1318.0,35.7357465,51.2644655,12.0,86.755,-0.00026179938779915976,0.0,0.08333333333333333
2025-01-11 11:58:18,64.5,62.6,44.1,28.2,1109010,13.5,1.0,32.0,12.305833333333334,44.333333333333336,14.477500000000001,17.8735,73.33333333333333,67.66666666666667,2808.25,14.5,758.0,3.0,8.0,4.0,14620.907500000001,22.020833333333332,1255351.5,1.3691666666666666,19.104333333333333,0.395,1318.0,35.735815,51.2657355,12.0,86.25,0.0006108652381980384,0.16666666666666666,0.0
2025-01-11 11:58:24,48.7,48.6,30.4,25.2,1087000,13.516666666666666,1.0,32.0,12.306333333333333,47.5,14.945500000000001,17.579333333333334,73.5,66.83333333333333,2783.75,14.5,755.0,3.0,8.0,4.0,14621.018833333334,25.041666666666668,1263862.9166666667,1.3981666666666666,18.823,0.395,1318.0,35.73588,51.2670005,12.0,86.375,-5.817764173317409e-05,0.0,0.13888888888889048
2025-01-11 11:58:30,38.5,38.5,30.2,25.4,1102850,13.549999999999999,1.0,32.0,12.774833333333333,36.5,11.364666666666666,5.984999999999999,74.83333333333333,60.333333333333336,2524.5416666666665,14.5,752.5,3.0,18.666666666666668,4.0,14621.126333333334,-15.469000000000001,1268337.6666666667,0.5976666666666667,19.520666666666667,0.395,1318.0,35.7358875,51.268209500000005,12.0,92.2,0.02879793265790646,0.0,1.0833333333333321
2025-01-11 11:58:36,35.6,35.6,30.4,26.0,1138870,13.533333333333333,1.0,32.0,10.343666666666666,70.16666666666667,26.024,26.676000000000002,76.0,63.833333333333336,2662.25,14.5,766.5,3.0,8.0,4.0,14621.226,63.85433333333333,1277832.7916666667,2.2151666666666667,16.979,0.395,1318.0,35.7356415,51.269307999999995,12.0,109.625,0.050905436516501285,0.5833333333333334,0.0
2025-01-11 11:58:42,45.1,44.9,29.6,25.0,1088440,13.533333333333333,1.0,32.0,9.394,34.5,11.605833333333335,9.420166666666667,75.0,67.33333333333333,2801.2083333333335,14.15,772.0,3.0,13.333333333333334,4.0,14621.336666666668,-6.479166666666667,1286308.1875,0.9568333333333333,19.98966666666667,0.395,1318.0,35.735054,51.270340000000004,12.0,129.84,0.05753768767407965,0.5833333333333321,0.0
2025-01-11 11:58:48,43.5,42.8,29.7,25.4,1111420,13.5,1.0,32.0,9.699833333333332,44.666666666666664,14.988666666666667,18.955833333333334,73.0,69.0,2866.9166666666665,14.5,769.5,3.0,8.0,4.0,14621.448666666665,22.510499999999997,1292869.875,1.4175000000000002,19.052,0.395,1318.0,35.734297000000005,51.2712195,12.0,138.9,0.026383560525981013,0.27777777777777857,0.0
2025-01-11 11:58:54,33.9,33.7,26.1,24.8,1079980,13.516666666666666,1.0,32.0,11.385333333333334,31.0,10.836333333333334,4.8453333333333335,73.66666666666667,70.16666666666667,2929.4583333333335,14.5,766.5,3.0,16.0,4.0,14621.5645,-19.010166666666667,1299344.0416666667,0.4303333333333333,20.50016666666667,0.395,1318.0,35.73348,51.272095,12.0,136.63000000000002,-0.027459846898044104,0.19444444444444522,0.0
2025-01-11 11:59:00,43.8,43.6,31.1,25.1,1074960,13.533333333333333,1.0,32.0,16.095833333333335,40.0,13.599833333333335,9.045333333333334,74.66666666666667,64.5,2703.125,14.483333333333334,764.0,3.0,16.0,4.0,14621.677166666666,-2.968833333333334,1301165.5833333333,0.831,19.38533333333333,0.395,1318.0,35.7328245,51.273075,12.0,128.085,-0.015591607984482716,0.0,0.9444444444444452
2025-01-11 11:59:06,36.9,36.9,26.8,24.4,1067840,13.5,1.0,32.0,16.539833333333334,42.0,13.9835,17.231166666666667,75.83333333333333,66.83333333333333,2788.2083333333335,14.5,762.5,3.0,8.0,4.0,14621.784999999998,18.458166666666667,1308274.6666666667,1.3308333333333333,19.23966666666667,0.395,1318.0,35.7322505,51.2740995,12.0,122.81,-0.021351194516064056,0.3888888888888881,0.0
2025-01-11 11:59:12,39.0,38.9,29.0,26.3,1147920,13.5,1.0,32.0,15.568666666666667,38.666666666666664,13.425166666666668,10.940666666666667,75.0,68.33333333333333,2857.2916666666665,14.5,760.5,3.0,13.333333333333334,4.0,14621.897833333334,5.2396666666666665,1315086.1875,1.0996666666666666,19.604166666666668,0.395,1318.0,35.731784499999996,51.275261,12.0,115.325,-0.011926416555294568,0.25,0.0
2025-01-11 11:59:18,52.0,51.3,33.5,27.9,1197700,13.516666666666666,1.0,32.0,16.431833333333334,33.0,11.596166666666667,5.306,73.0,68.33333333333333,2846.8333333333335,14.5,760.5,3.0,18.666666666666668,4.0,14622.011833333332,-17.42716666666667,1320397.75,0.5191666666666667,20.11466666666667,0.395,1318.0,35.7312695,51.276388,12.0,120.565,0.013991722836821215,0.0,0.0
2025-01-11 11:59:24,50.0,49.3,31.6,26.9,1155080,13.5,1.0,32.0,16.041166666666665,36.666666666666664,12.255666666666665,11.216833333333334,73.0,68.33333333333333,2848.2083333333335,14.5,758.5,3.0,10.666666666666666,4.0,14622.123666666666,2.2811666666666666,1325314.0625,0.9416666666666668,19.937833333333334,0.395,1318.0,35.730684000000004,51.277454500000005,12.0,125.78500000000001,0.020158552860534442,0.0,0.0
2025-01-11 11:59:30,96.4,95.4,44.6,28.9,1166110,13.5,1.0,32.0,15.549000000000001,31.5,10.948,4.740833333333334,74.16666666666667,69.66666666666667,2903.0416666666665,14.5,756.0,3.0,16.0,4.0,14622.238166666668,-15.229333333333335,1330911.625,0.5776666666666667,20.44783333333333,0.395,1318.0,35.729965,51.278431000000005,12.0,134.005,0.021205750411731162,0.2222222222222238,0.0
2025-01-11 11:59:36,48.0,47.4,30.8,26.2,1132080,13.450000000000001,81.0,32.333333333333336,20.971333333333334,31.833333333333332,7.975833333333334,0.0,75.33333333333333,50.666666666666664,2099.5833333333335,14.15,752.0,3.0,24.0,4.0,14622.345000000001,-29.354166666666668,1332342.4791666667,0.20366666666666666,19.73966666666667,0.395,1318.0,35.729237000000005,51.279199500000004,12.0,141.33,0.019576776443203034,0.0,3.166666666666668
2025-01-11 11:59:42,48.1,48.0,35.1,26.9,1150500,13.549999999999999,1.0,32.5,20.264833333333332,57.333333333333336,17.323666666666668,20.435333333333332,76.0,39.0,1981.625,14.5,754.0,3.0,10.666666666666666,3.3333333333333335,14622.412666666665,42.208333333333336,1336578.3333333333,1.5951666666666666,17.812833333333334,0.395,1318.0,35.728756,51.2796475,12.0,143.17499999999998,0.0020071286397934716,0.0,1.944444444444444
2025-01-11 11:59:48,42.2,42.2,29.6,25.4,1106850,13.5,1.0,32.333333333333336,14.869166666666667,62.666666666666664,25.82766666666667,23.814333333333334,74.33333333333333,59.333333333333336,3210.375,14.5,788.5,3.0,13.333333333333334,3.1666666666666665,14622.492833333332,52.78133333333333,1350790.0208333333,2.5386666666666664,18.302,0.395,1318.0,35.7281265,51.280212500000005,12.0,144.14000000000001,0.0031415926535898297,3.3888888888888893,0.0
2025-01-11 11:59:54,39.8,39.2,30.1,28.1,1206020,13.5,1.0,32.0,14.809833333333332,40.333333333333336,13.343499999999999,15.709666666666665,73.0,67.33333333333333,2812.7916666666665,14.5,797.5,3.0,8.0,4.0,14622.598333333333,15.208333333333334,1360367.9166666667,1.2383333333333333,19.5105,0.395,1318.0,35.727315999999995,51.280952500000005,12.0,143.48,0.0003199770295322501,1.3333333333333321,0.0
2025-01-11 12:00:00,38.0,38.0,29.9,26.9,1174210,13.5,1.0,32.0,17.613,28.5,9.709166666666667,2.8671666666666664,73.5,67.83333333333333,2825.875,14.299999999999999,794.0,3.0,16.0,4.0,14622.712333333335,-27.98966666666667,1364969.0208333333,0.3455,20.729166666666668,0.395,1318.0,35.726465,51.2817305,12.0,143.145,-0.003170681474456292,0.08333333333333333,0.0
2025-01-11 12:00:06,37.4,37.4,31.5,27.1,1158740,13.5,1.0,32.0,19.38533333333333,31.5,10.256833333333333,0.35083333333333333,74.66666666666667,65.16666666666667,2715.4583333333335,14.5,789.5,3.0,21.333333333333332,4.0,14622.822833333334,-32.41683333333334,1367790.75,0.12616666666666668,20.270833333333332,0.395,1318.0,35.725643,51.282486000000006,12.0,143.34,0.0007853981633973956,0.0,0.44444444444444287
2025-01-11 12:00:12,40.1,40.1,29.9,26.7,1164410,13.416666666666666,97.0,32.333333333333336,23.754,31.833333333333332,7.8875,0.0,75.66666666666667,51.0,2055.0416666666665,13.9,783.5,3.0,24.0,4.166666666666667,14622.923166666667,-29.864500000000003,1367988.8125,0.19633333333333333,19.656666666666666,0.395,1318.0,35.7249085,51.2831535,12.0,143.88500000000002,0.0031415926535898297,0.0,2.361111111111112
2025-01-11 12:00:18,46.9,45.0,29.6,26.8,1156060,13.5,1.0,33.0,21.430000000000003,59.5,22.384,25.827333333333332,76.0,47.333333333333336,2674.0833333333335,14.5,786.0,3.0,10.666666666666666,3.0,14622.999333333333,47.44816666666667,1374138.7083333333,2.032833333333333,17.718500000000002,0.395,1318.0,35.7243465,51.2836665,12.0,143.24,-0.002181661564992912,0.0,0.6111111111111107
2025-01-11 12:00:24,55.2,54.6,35.4,27.9,1195060,13.5,1.0,33.0,17.231666666666666,44.833333333333336,17.3115,17.341333333333335,73.33333333333333,63.5,3398.4583333333335,14.5,808.5,3.0,13.333333333333334,3.1666666666666665,14623.0905,23.218666666666667,1387758.9791666667,1.9068333333333334,20.104333333333333,0.395,1318.0,35.723634999999994,51.284321,12.0,143.36499999999998,0.0015707963267948735,2.694444444444444,0.0
2025-01-11 12:00:30,49.2,49.0,32.6,27.8,1190830,13.5,1.0,32.0,17.0695,31.666666666666668,10.487833333333333,5.026666666666666,73.0,68.33333333333333,2845.625,14.283333333333333,812.0,3.0,13.333333333333334,4.0,14623.202333333335,-11.801833333333333,1395613.8541666667,0.632,20.468500000000002,0.395,1318.0,35.722784,51.2850665,12.0,145.36499999999998,0.009279333856436511,0.8055555555555548,0.0
2025-01-11 12:00:36,55.9,54.1,37.3,27.9,1176010,13.5,1.0,32.0,16.358,28.166666666666668,10.161333333333333,6.2443333333333335,73.83333333333333,68.16666666666667,2840.6666666666665,14.5,806.5,3.0,10.666666666666666,4.0,14623.315833333334,-8.979,1400238.4791666667,0.6853333333333333,20.74983333333333,0.395,1318.0,35.721859,51.285705500000006,12.0,152.86999999999998,0.024929119482652324,0.0,0.027777777777776198
2025-01-11 12:00:42,43.2,43.1,29.6,26.2,1147980,13.5,1.0,32.0,16.372,27.333333333333332,9.426666666666668,5.803,74.83333333333333,67.83333333333333,2811.125,14.416666666666666,801.5,3.0,13.333333333333334,4.0,14623.429166666667,-14.677,1404686.4166666667,0.8258333333333333,20.906333333333333,0.395,1318.0,35.720953,51.2861005,12.0,163.26000000000002,0.02748893571891074,0.0,0.055555555555557135
2025-01-11 12:00:48,35.9,35.3,27.2,25.3,1106030,13.483333333333334,1.0,32.0,16.898500000000002,25.333333333333332,8.319333333333333,4.5874999999999995,76.0,66.33333333333333,2794.25,14.5,795.5,3.0,10.666666666666666,4.0,14623.540333333332,-11.927,1408965.9583333333,0.6538333333333334,21.06266666666667,0.395,1298.0,35.719761,51.2863485,12.0,172.245,0.028827021478773,0.0,0.25
2025-01-11 12:00:54,67.6,59.0,32.7,26.9,1167660,13.5,1.0,32.0,17.719833333333334,32.0,10.631333333333332,10.751166666666668,74.66666666666667,65.83333333333333,2754.2916666666665,14.5,790.0,3.0,8.0,4.0,14623.649666666666,1.8021666666666667,1413751.3333333333,0.9078333333333334,20.270500000000002,0.395,1278.0,35.7188225,51.286438000000004,12.0,175.95000000000002,0.004305145488252649,0.0,0.08333333333333333
2025-01-11 12:01:00,63.6,63.5,35.1,28.4,1189170,13.516666666666666,1.0,32.0,17.959833333333332,54.666666666666664,20.770833333333332,23.349,73.0,64.83333333333333,2703.8333333333335,14.5,786.5,3.0,8.0,4.0,14623.758500000002,40.677166666666665,1420149.9166666667,1.9026666666666667,18.270833333333332,0.395,1278.0,35.7178135,51.286511999999995,12.0,176.47500000000002,-0.0013089969389957145,0.0,0.16666666666666666
2025-01-11 12:01:06,50.7,50.1,33.8,26.8,1130950,13.5,1.0,32.0,16.973666666666666,43.5,14.819833333333333,8.9565,73.33333333333333,68.5,2865.9166666666665,14.5,797.0,3.0,13.333333333333334,4.0,14623.869,6.187833333333335,1430448.7708333333,1.0323333333333333,19.562833333333334,0.395,1278.0,35.716863499999995,51.286584500000004,12.0,176.585,0.00043633231299859974,0.6111111111111119,0.0
2025-01-11 12:01:12,86.3,85.9,49.4,31.1,1227500,13.5,1.0,32.0,17.7115,36.166666666666664,11.962833333333334,10.280500000000002,74.33333333333333,68.33333333333333,2844.1666666666665,14.5,796.0,3.0,10.666666666666666,4.0,14623.9825,0.6040000000000004,1436868.5,0.8598333333333333,20.0625,0.395,1278.0,35.715717500000004,51.286665,12.0,176.79,0.00017453292519944,0.0,0.027777777777778567
2025-01-11 12:01:18,64.2,63.8,33.3,26.1,1129040,13.533333333333333,1.0,32.0,17.934833333333334,30.833333333333332,10.888333333333334,7.947,75.66666666666667,70.16666666666667,2926.7916666666665,14.5,792.5,3.0,10.666666666666666,4.0,14624.095666666666,-11.489666666666666,1442626.6458333333,0.6193333333333334,20.552,0.395,1278.0,35.714651,51.286756499999996,12.0,176.06499999999997,0.0006108652381979568,0.30555555555555713,0.0
2025-01-11 12:01:24,68.6,68.4,35.3,27.2,1147260,13.549999999999999,1.0,32.0,19.06116666666667,31.0,10.8035,0.0,76.16666666666667,69.83333333333333,2893.7083333333335,14.5,789.0,3.0,24.0,4.0,14624.213000000002,-37.375166666666665,1444079.25,0.0,20.468999999999998,0.395,1278.0,35.713566,51.286725999999994,12.0,183.625,0.026558093451180365,0.0,0.055555555555557135
2025-01-11 12:01:30,60.5,59.8,33.7,27.2,1151630,13.566666666666668,33.0,32.0,18.618666666666666,31.833333333333332,10.528666666666666,3.760333333333333,73.0,66.33333333333333,2758.4166666666665,14.5,785.5,3.0,18.666666666666668,4.0,14624.326666666666,-24.479166666666668,1445837.1041666667,0.3306666666666666,20.322666666666667,0.395,1278.0,35.71254750000001,51.2864535,12.0,196.02,0.04310963252426,0.0,0.5833333333333334
2025-01-11 12:01:36,59.9,59.9,38.2,27.8,1189590,13.516666666666666,49.0,32.833333333333336,21.366833333333332,37.166666666666664,8.335833333333333,5.603000000000001,72.0,38.0,1696.5,14.183333333333332,781.5,3.0,18.666666666666668,4.0,14624.418,-6.927333333333334,1447148.8541666667,0.556,19.2605,0.395,1278.0,35.7118285,51.286035999999996,12.0,208.91,0.03223041352016191,0.0,4.722222222222221
2025-01-11 12:01:42,56.6,56.6,39.1,29.3,1236570,13.549999999999999,1.0,33.0,16.654333333333334,74.0,27.374,30.61616666666667,72.16666666666667,42.166666666666664,2408.7916666666665,14.5,785.0,3.0,8.0,3.0,14624.477833333332,76.84383333333334,1455459.125,2.4765,16.51033333333333,0.395,1278.0,35.71134,51.285688,12.0,209.53,-0.006923139366244162,0.6944444444444441,0.0
2025-01-11 12:01:48,112.7,101.9,39.7,28.2,1193250,13.533333333333333,1.0,32.666666666666664,13.729999999999999,58.5,21.558166666666665,21.677999999999997,73.33333333333333,59.0,3007.7916666666665,14.5,810.5,3.0,10.666666666666666,3.5,14624.563666666667,41.114666666666665,1469923.7708333333,1.8658333333333335,18.541833333333333,0.395,1278.0,35.710615,51.285202,12.0,207.9,-0.00863937979737193,2.805555555555556,0.0
2025-01-11 12:01:54,49.4,49.2,30.2,26.6,1158950,13.549999999999999,1.0,32.0,14.454,43.0,13.285833333333334,14.9365,75.16666666666667,63.166666666666664,2628.9583333333335,14.5,807.0,3.0,8.0,4.0,14624.664666666666,20.6665,1478525.4583333333,1.3028333333333333,19.24983333333333,0.395,1278.0,35.7097285,51.284782500000006,12.0,198.41,-0.031241393610698526,0.6944444444444441,0.0
2025-01-11 12:02:00,34.4,34.4,26.9,25.4,1121750,13.516666666666666,17.0,32.0,15.704833333333333,40.666666666666664,12.966833333333334,11.345999999999998,76.83333333333333,65.5,2726.7916666666665,14.5,803.5,3.0,13.333333333333334,4.0,14624.7715,8.020833333333334,1486082.7916666667,0.9886666666666667,19.479166666666668,0.395,1278.0,35.708761,51.284496,12.0,192.69500000000002,-0.009715666169435028,0.3888888888888893,0.0
2025-01-11 12:02:06,33.4,33.4,26.5,24.8,1100280,13.483333333333334,65.0,32.666666666666664,20.61433333333333,32.166666666666664,6.782,1.4501666666666668,74.33333333333333,39.833333333333336,1756.8333333333333,14.5,799.5,3.0,21.333333333333332,3.5,14624.866666666667,-22.510333333333335,1489893.7916666667,0.24016666666666667,19.729166666666668,0.395,1278.0,35.707935,51.284273000000006,12.0,192.68500000000003,0.002763437982324322,0.0,4.277777777777778
2025-01-11 12:02:12,33.2,32.6,26.2,24.8,1104390,13.483333333333334,49.0,32.833333333333336,20.895166666666665,29.333333333333332,5.334499999999999,1.4613333333333334,73.0,24.833333333333332,1438.625,14.35,794.5,3.0,18.666666666666668,2.8333333333333335,14624.916666666666,-13.270833333333334,1492610.2708333333,0.431,19.833333333333332,0.395,1278.0,35.707508,51.2841585,12.0,192.42,0.0018325957145940326,0.0,2.5000000000000004
2025-01-11 12:02:18,40.8,40.8,33.8,26.5,1146430,13.433333333333332,97.0,32.5,24.47883333333333,32.666666666666664,3.5301666666666667,0.0,73.0,3.6666666666666665,936.6666666666666,14.5,791.5,3.0,24.0,7.166666666666667,14624.940500000002,-12.270499999999998,1494757.375,0.2886666666666667,20.948,0.395,1278.0,35.7073095,51.284107,12.0,185.505,-0.039822595766337274,0.0,3.5277777777777772
2025-01-11 12:02:24,187.3,185.0,100.1,44.4,1370910,13.450000000000001,97.0,32.166666666666664,22.203000000000003,33.0,3.781,0.0,73.66666666666667,0.0,953.4583333333334,14.5,788.5,3.0,24.0,13.0,14624.941,-13.281333333333334,1496524.0833333333,0.30416666666666664,20.854166666666668,0.395,1278.0,35.707302,51.284107,12.0,180.0,0.0,0.0,0.611111111111111
2025-01-11 12:02:30,412.7,356.8,167.3,59.6,1550700,13.5,1.0,33.0,19.996333333333332,36.333333333333336,5.174833333333333,3.2449999999999997,74.66666666666667,0.6666666666666666,971.7083333333334,14.5,785.5,3.0,21.333333333333332,9.0,14624.941666666668,-6.333666666666667,1498456.8958333333,0.44966666666666666,20.135666666666665,0.395,1278.0,35.707298,51.284107,12.0,180.0,0.0,0.1111111111111111,0.0
2025-01-11 12:02:36,238.2,191.5,40.9,32.0,1282170,13.466666666666667,1.0,33.0,15.574666666666667,52.5,21.200166666666668,29.218499999999995,75.66666666666667,20.0,2929.125,14.416666666666666,794.0,3.0,13.333333333333334,1.1666666666666667,14624.954333333333,35.604166666666664,1504971.1041666667,1.9366666666666668,19.645666666666667,0.395,1278.0,35.707163,51.284075,12.0,190.29999999999998,0.03697189132141324,3.222222222222222,0.0
2025-01-11 12:02:42,80.3,77.3,37.2,28.7,1214760,13.466666666666667,1.0,32.166666666666664,11.160666666666666,114.16666666666667,71.42566666666667,58.692,76.5,64.33333333333333,5160.041666666667,11.200000000000001,854.0,3.0,10.666666666666666,2.0,14625.020666666665,95.76033333333334,1548903.375,10.727833333333335,32.40633333333333,0.395,1278.0,35.706489499999996,51.283916500000004,12.0,190.52,-0.006544984694978735,7.388888888888888,0.0
2025-01-11 12:02:48,51.2,50.9,32.5,27.6,1199610,13.516666666666666,33.0,32.0,11.121,83.16666666666667,48.02433333333334,28.046666666666667,77.0,92.5,5219.333333333333,12.833333333333334,891.5,3.0,16.0,3.0,14625.156333333332,54.46866666666667,1605593.0625,6.686333333333334,30.718833333333333,0.395,1278.0,35.705221,51.283561999999996,12.0,193.38,0.00820304748437333,4.6944444444444455,0.0
2025-01-11 12:02:54,47.0,46.7,31.6,27.8,1207310,13.5,65.0,32.0,20.642,40.666666666666664,14.684000000000003,8.296666666666667,75.33333333333333,56.5,3185.6666666666665,14.5,889.5,3.0,18.666666666666668,3.0,14625.287833333334,-8.676666666666664,1617429.1041666667,0.7253333333333334,20.073,0.395,1278.0,35.7040615,51.2832395,12.0,192.545,-0.0016871516102612213,0.0,6.0
2025-01-11 12:03:00,65.7,62.8,38.6,30.1,1249580,13.5,33.0,32.0,19.209333333333333,43.833333333333336,14.51,9.664833333333332,76.0,52.333333333333336,2963.7083333333335,14.5,881.5,3.0,16.0,3.0,14625.3725,0.4686666666666663,1625711.7291666667,0.8716666666666667,19.406166666666667,0.395,1278.0,35.703303999999996,51.28301200000001,12.0,193.975,0.003141592653589829,0.0,0.6944444444444441
2025-01-11 12:03:06,50.1,50.0,36.0,28.7,1219990,13.516666666666666,65.0,32.0,16.12516666666667,34.5,7.7861666666666665,0.18816666666666668,75.66666666666667,32.5,1824.875,14.233333333333334,871.0,3.0,24.0,3.0,14625.444666666668,-36.291333333333334,1627708.0,0.039,19.2395,0.395,1278.0,35.7027285,51.282686500000004,12.0,216.06499999999997,0.10253809355466685,0.0,3.305555555555556
2025-01-11 12:03:12,59.3,59.1,40.3,29.9,1253430,13.516666666666666,1.0,32.0,11.137666666666668,111.0,48.892500000000005,39.80266666666667,74.33333333333333,39.0,2230.5416666666665,13.583333333333334,863.5,3.0,8.0,3.0,14625.497333333333,116.54166666666667,1637535.6875,4.1395,17.770833333333332,0.395,1278.0,35.702653500000004,51.282158,12.0,271.435,0.15076735855144355,1.0833333333333333,0.0
2025-01-11 12:03:18,47.9,47.9,34.9,30.9,1307700,13.516666666666666,1.0,32.5,9.495333333333333,48.833333333333336,18.645666666666667,17.384833333333333,74.0,62.666666666666664,3279.5833333333335,14.5,871.5,3.0,13.333333333333334,3.1666666666666665,14625.586000000001,23.406333333333333,1659780.25,1.7016666666666669,19.81233333333333,0.395,1278.0,35.7028295,51.281143500000006,12.0,282.22499999999997,0.0029670597283903088,3.944444444444444,0.0
2025-01-11 12:03:24,48.3,47.6,29.7,28.2,1241650,13.549999999999999,1.0,32.0,10.462333333333333,59.833333333333336,19.358333333333334,23.3265,75.0,66.0,2756.25,14.5,866.5,3.0,8.0,4.0,14625.693333333335,46.5105,1669921.0416666667,1.9198333333333333,17.8125,0.395,1254.0,35.703061999999996,51.27972400000001,12.0,281.56,0.0009599310885968349,0.5555555555555559,0.0
2025-01-11 12:03:30,87.4,61.7,36.1,30.5,1308950,13.533333333333333,1.0,32.0,11.897833333333333,33.5,10.803166666666668,8.524666666666667,75.0,67.33333333333333,2808.0833333333335,14.5,858.0,3.0,10.666666666666666,4.0,14625.805333333332,-4.041333333333333,1678824.7916666667,0.7376666666666667,20.302,0.395,1255.0,35.703291,51.278458,12.0,282.59,0.0004363323129986819,0.22222222222222143,0.0
2025-01-11 12:03:36,49.6,49.4,33.3,29.4,1272390,13.516666666666666,81.0,32.0,15.118333333333332,33.333333333333336,8.723666666666666,1.5248333333333333,74.0,52.5,2173.625,14.183333333333332,848.5,3.0,21.333333333333332,4.0,14625.908166666666,-29.583166666666667,1681523.3125,0.1805,19.67716666666667,0.395,1255.0,35.7034875,51.27738,12.0,282.79,0.001396263401595351,0.0,2.4722222222222214
2025-01-11 12:03:42,37.0,37.0,30.4,28.4,1239780,13.533333333333333,49.0,33.0,20.152,41.166666666666664,7.259833333333333,5.5715,73.66666666666667,22.666666666666668,1313.875,14.5,842.0,3.0,18.666666666666668,3.0,14625.9695,3.7498333333333327,1683186.0833333333,0.6375000000000001,19.427333333333333,0.395,1256.0,35.7035825,51.276867,12.0,282.935,0.0006690428799312125,0.0,4.972222222222222
2025-01-11 12:03:48,47.9,47.9,34.2,28.3,1231540,13.549999999999999,1.0,33.0,14.748,56.166666666666664,19.527333333333335,20.044,74.0,35.333333333333336,2847.8333333333335,14.5,841.5,3.0,13.333333333333334,2.0,14626.011666666667,40.531333333333336,1692464.3958333333,1.8575,18.468999999999998,0.395,1256.0,35.703676,51.27639,12.0,283.84999999999997,0.00674860644104472,2.111111111111111,0.0
2025-01-11 12:03:54,45.8,45.6,32.1,28.2,1231590,13.549999999999999,17.0,33.0,15.4415,28.333333333333332,6.574000000000001,1.8595,75.0,39.0,2218.1666666666665,14.5,841.5,3.0,18.666666666666668,3.0,14626.078,-18.156333333333333,1699479.9166666667,0.531,20.281333333333333,0.395,1256.0,35.7038215,51.275654,12.0,282.93,-0.008872090364304542,0.6111111111111107,0.0
2025-01-11 12:04:00,41.8,41.7,33.9,28.4,1209230,13.5,49.0,33.0,19.191,34.666666666666664,6.587,5.262666666666667,74.66666666666667,26.833333333333332,1486.125,14.5,838.0,3.0,18.666666666666668,2.8333333333333335,14626.132166666668,-1.9791666666666667,1702328.1875,0.6038333333333333,19.56266666666667,0.395,1256.0,35.70393,51.2750565,12.0,283.165,0.005206898935116476,0.0,2.027777777777778
2025-01-11 12:04:06,40.5,40.5,30.1,27.1,1194290,13.5,1.0,33.0,15.618166666666667,52.166666666666664,17.807,18.561166666666665,73.83333333333333,36.0,2930.2083333333335,14.5,836.5,3.0,13.333333333333334,2.0,14626.180999999999,31.479166666666668,1710657.7291666667,1.734,18.8645,0.395,1256.0,35.704044,51.274494000000004,12.0,284.09499999999997,0.0015126186850616984,1.527777777777778,0.0
2025-01-11 12:04:12,134.8,54.0,41.0,32.6,1371480,13.533333333333333,1.0,33.0,12.702166666666665,58.833333333333336,18.359333333333336,24.15516666666667,73.16666666666667,46.0,2624.3333333333335,14.5,833.0,3.0,8.0,3.0,14626.250666666667,45.46866666666667,1720419.3125,1.832,17.8125,0.395,1256.0,35.704176,51.2737065,12.0,280.91,-0.009395689139902694,1.6666666666666667,0.0
2025-01-11 12:04:18,39.6,39.6,31.7,29.9,1332510,13.516666666666666,1.0,32.5,11.349333333333334,58.0,19.4775,22.8335,74.0,54.333333333333336,3097.0833333333335,14.5,832.0,3.0,8.0,3.0,14626.333833333332,39.687666666666665,1730726.2708333333,1.9023333333333332,18.489833333333333,0.395,1256.0,35.704347500000004,51.27277,12.0,283.335,0.007883070454840995,1.3888888888888893,0.0
2025-01-11 12:04:24,39.5,39.4,33.9,30.5,1337160,13.5,17.0,32.333333333333336,10.988666666666667,40.5,13.910833333333334,11.605333333333334,75.0,61.333333333333336,2901.4583333333335,14.5,836.0,3.0,16.0,3.6666666666666665,14626.431666666665,5.020833333333333,1742012.7708333333,1.2378333333333333,19.75016666666667,0.395,1256.0,35.704561500000004,51.271677000000004,12.0,283.22499999999997,-0.003985168458720398,1.1666666666666667,0.0
2025-01-11 12:04:30,126.4,45.5,36.1,30.4,1323940,13.483333333333334,33.0,32.0,15.0025,33.166666666666664,9.629333333333333,2.7328333333333332,74.5,53.833333333333336,2241.4583333333335,14.133333333333333,828.0,3.0,24.0,4.0,14626.529166666667,-26.958333333333332,1744398.3333333333,0.3113333333333333,19.7915,0.395,1256.0,35.7047615,51.270607000000005,12.0,283.005,0.0004945099547317729,0.0,1.25
2025-01-11 12:04:36,43.4,43.3,33.4,30.6,1345380,13.5,17.0,32.0,16.093166666666665,43.166666666666664,11.675333333333334,8.469166666666666,73.16666666666667,49.333333333333336,2068.0833333333335,14.283333333333333,819.0,3.0,16.0,4.0,14626.613166666668,1.1666666666666667,1748457.4166666667,0.8490000000000001,18.9165,0.395,1256.0,35.7049445,51.2696745,12.0,284.06,0.005468698322915552,0.0,0.75
2025-01-11 12:04:42,38.1,38.1,32.9,30.8,1350140,13.466666666666667,65.0,32.0,19.887666666666664,35.166666666666664,6.226500000000001,0.0,73.0,33.333333333333336,1395.0416666666667,13.966666666666667,811.5,3.0,24.0,4.0,14626.684833333333,-31.666833333333333,1750246.0208333333,0.09933333333333333,19.656333333333333,0.395,1256.0,35.705097,51.2689,12.0,283.11499999999995,-0.00500327718905049,0.0,2.6666666666666665
2025-01-11 12:04:48,38.2,38.2,31.9,30.2,1340250,13.5,1.0,32.0,18.519000000000002,45.333333333333336,7.3875,12.507666666666665,73.83333333333333,27.5,1166.1666666666667,14.5,803.5,3.0,8.0,4.0,14626.731833333333,24.281333333333333,1752498.875,0.6774999999999999,18.916666666666668,0.395,1256.0,35.705183,51.268383,12.0,281.53000000000003,0.0006690428799312129,0.0,0.9722222222222227
2025-01-11 12:04:54,33.4,33.4,29.1,28.0,1250160,13.466666666666667,33.0,32.0,15.966500000000002,45.0,7.863666666666667,8.887666666666666,74.33333333333333,31.666666666666668,1333.125,14.5,791.5,3.0,16.0,4.0,14626.782,15.333333333333334,1757239.0416666667,0.6383333333333333,18.4165,0.395,1259.5,35.7052935,51.2677785,12.0,282.53000000000003,-0.001978039818926927,0.6944444444444446,0.0
2025-01-11 12:05:00,35.3,35.3,31.0,29.0,1285400,13.450000000000001,65.0,33.0,17.861833333333333,30.0,3.860666666666667,0.0,75.0,22.833333333333332,1067.875,14.5,789.0,3.0,24.0,3.5,14626.828666666666,-15.2605,1759611.8333333333,0.2861666666666667,20.770666666666667,0.395,1263.0,35.7053795,51.267305,12.0,282.745,0.0021234839232598204,0.0,1.4722222222222225
2025-01-11 12:05:06,34.8,34.8,30.6,28.9,1290810,13.483333333333334,33.0,33.0,17.605833333333333,39.0,5.577833333333333,5.737333333333333,75.33333333333333,18.333333333333332,1088.7916666666667,14.5,784.0,3.0,16.0,3.0,14626.862500000001,4.135333333333333,1762014.25,0.42450000000000004,19.67716666666667,0.395,1263.0,35.705456,51.2669395,12.0,285.305,0.010122909661567165,0.0,0.75
2025-01-11 12:05:12,34.9,34.9,32.3,30.7,1367970,13.416666666666666,75.66666666666667,33.0,19.039666666666665,33.166666666666664,3.7593333333333327,0.0,74.5,4.833333333333333,932.2916666666666,14.5,780.0,3.0,24.0,3.1666666666666665,14626.884333333333,-12.1145,1763971.7708333333,0.28750000000000003,20.916666666666668,0.395,1263.0,35.7054995,51.266723500000005,12.0,286.695,0.019634954084936217,0.0,2.25
2025-01-11 12:05:18,35.9,35.9,32.3,31.1,1383250,13.466666666666667,1.0,32.166666666666664,18.578333333333333,32.833333333333336,3.831166666666667,0.0,73.5,0.0,948.1666666666666,14.5,777.0,3.0,24.0,13.0,14626.887,-12.656166666666666,1765748.5416666667,0.2956666666666667,20.927333333333333,0.395,1263.0,35.705505,51.26670099999999,12.0,270.0,-0.06864961724511036,0.0,0.8055555555555555
2025-01-11 12:05:24,49.7,46.6,32.6,30.9,1380670,13.5,1.0,32.0,16.733333333333334,32.5,3.7908333333333335,0.0,73.0,0.0,946.2916666666666,14.5,774.0,3.0,24.0,13.0,14626.887,-11.530999999999999,1767485.1875,0.28583333333333333,20.937833333333334,0.395,1263.0,35.705502,51.26668900000001,12.0,252.89,-0.049770972502705006,0.0,0.0
2025-01-11 12:05:30,39.2,39.0,34.3,32.3,1428970,13.516666666666666,1.0,32.0,15.836500000000001,32.333333333333336,3.796,0.0,73.0,0.0,960.7916666666666,14.5,771.0,3.0,24.0,13.0,14626.887,-12.791833333333335,1769204.625,0.2838333333333333,20.896,0.395,1263.0,35.705502,51.26668900000001,12.0,252.89,0.0,0.0,0.0
2025-01-11 12:05:36,40.4,40.4,34.0,31.4,1414980,13.633333333333333,1.0,32.0,15.499166666666667,31.333333333333332,3.673,0.0,73.16666666666667,0.0,958.2083333333334,14.5,768.0,3.0,24.0,13.0,14626.887,-12.353833333333332,1770883.6041666667,0.27599999999999997,20.948166666666665,0.395,1263.0,35.705502,51.266682,12.0,270.0,0.049770972502705006,0.0,0.0
2025-01-11 12:05:42,4205.6,34.2,27.4,26.2,1167600,13.583333333333334,1.0,32.0,15.130666666666665,31.333333333333332,3.670666666666667,0.0,74.0,0.0,957.3333333333334,14.5,765.0,3.0,24.0,13.0,14626.887,-13.104166666666666,1772550.0,0.27516666666666667,20.958666666666666,0.395,1263.0,35.705498,51.266682,12.0,180.0,-0.2617993877991495,0.0,0.0
2025-01-11 12:05:48,71.4,60.0,34.1,28.3,1255030,13.583333333333334,1.0,32.0,15.019833333333333,31.166666666666668,3.676833333333333,0.0,75.0,0.0,957.875,14.5,762.0,3.0,24.0,13.0,14626.887,-13.333166666666665,1774214.0,0.27566666666666667,20.948166666666665,0.395,1263.0,35.705494,51.266682,12.0,180.0,0.0,0.0,0.0
2025-01-11 12:05:54,85.2,66.0,31.4,28.3,1247400,13.583333333333334,1.0,32.0,14.796166666666666,31.666666666666668,3.6978333333333335,0.0,75.0,0.0,956.0416666666666,14.5,759.0,3.0,24.0,13.0,14626.887,-12.427166666666666,1775876.7916666667,0.2783333333333334,20.938,0.395,1263.0,35.705494,51.266682,12.0,180.0,0.0,0.0,0.0
2025-01-11 12:06:00,90.7,51.1,28.2,26.6,1186640,13.6,1.0,32.0,14.662166666666666,31.666666666666668,3.664,0.0,75.0,0.0,950.2083333333334,14.5,756.0,3.0,24.0,13.0,14626.887,-12.802,1777547.625,0.2745,20.948333333333334,0.395,1263.0,35.705494,51.266682,12.0,180.0,0.0,0.0,0.0
2025-01-11 12:06:06,73.9,56.8,29.4,27.5,1214500,13.583333333333334,1.0,32.0,14.590666666666666,31.166666666666668,3.670166666666667,0.0,74.33333333333333,0.0,954.7083333333334,14.5,753.0,3.0,24.0,13.0,14626.887,-12.927166666666666,1779210.1041666667,0.277,20.9275,0.395,1263.0,35.705498,51.266682,12.0,0.0,-0.5235987755982988,0.0,0.0
2025-01-11 12:06:12,65.7,53.5,29.4,27.8,1231020,13.633333333333333,1.0,32.0,14.552666666666667,31.166666666666668,3.6445000000000003,0.0,73.16666666666667,0.0,956.0833333333334,14.5,750.0,3.0,24.0,13.0,14626.887,-12.916833333333335,1780872.7708333333,0.2771666666666667,20.979166666666668,0.395,1263.0,35.7055,51.266682,12.0,0.0,0.0,0.0,0.0
2025-01-11 12:06:18,1225.6,85.8,29.3,28.1,1250930,13.633333333333333,1.0,32.0,14.532666666666666,31.333333333333332,3.6943333333333332,0.0,72.33333333333333,0.0,951.4583333333334,14.5,747.0,3.0,24.0,13.0,14626.887,-13.666833333333335,1782543.9375,0.2783333333333333,20.979333333333333,0.395,1263.0,35.7055035,51.266682,12.0,0.0,0.0,0.0,0.0
2025-01-11 12:06:24,66.5,66.5,40.2,2.9,116800,13.583333333333334,1.0,32.0,14.521833333333333,31.333333333333332,3.6809999999999996,0.0,72.5,0.0,954.3333333333334,14.5,744.0,3.0,24.0,13.0,14626.887,-13.698,1784217.7291666667,0.27666666666666667,20.927333333333333,0.395,1263.0,35.705505,51.266682,12.0,0.0,0.0,0.0,0.0
2025-01-11 12:06:30,1.9,1.9,1.9,1.9,80600,13.616666666666667,1.0,32.0,14.516166666666669,31.333333333333332,3.7403333333333335,0.0,73.0,0.0,959.875,14.5,741.0,3.0,24.0,13.0,14626.887,-13.614666666666666,1785891.0,0.2785,20.927333333333333,0.395,1263.0,35.705505,51.266682,12.0,0.0,0.0,0.0,0.0
2025-01-11 12:06:36,2.4,2.4,2.1,1.8,76350,13.649999999999999,1.0,32.0,14.513166666666665,31.833333333333332,3.6903333333333332,0.0,73.83333333333333,0.0,946.7083333333334,14.5,738.0,3.0,24.0,13.0,14626.887,-12.854333333333335,1787565.7083333333,0.2803333333333333,20.937833333333334,0.395,1263.0,35.705505,51.266682,12.0,0.0,0.0,0.0,0.0
2025-01-11 12:06:42,159.5,1.9,1.7,1.3,57400,13.6,1.0,32.0,14.511666666666665,31.333333333333332,3.6966666666666668,0.0,74.5,0.0,953.9583333333334,14.5,735.0,3.0,24.0,13.0,14626.887,-12.968833333333334,1789244.25,0.27566666666666667,20.93766666666667,0.395,1263.0,35.7055035,51.266682,12.0,90.0,-0.5235987755982988,0.0,0.0
2025-01-11 12:06:48,1.2,1.2,1.2,1.2,53550,13.6,1.0,32.0,14.511000000000001,31.333333333333332,3.6955000000000005,0.0,75.0,0.0,957.375,14.5,732.0,3.0,24.0,13.0,14626.887,-13.010166666666665,1790912.7083333333,0.2785,20.948166666666665,0.395,1263.0,35.705502,51.266682,12.0,180.0,0.0,0.0,0.0
2025-01-11 12:06:54,664.9,5.2,5.2,5.2,224010,13.616666666666667,1.0,32.0,14.51,31.666666666666668,3.708833333333333,0.0,75.0,0.0,950.125,14.5,729.0,3.0,24.0,13.0,14626.887,-13.0625,1792583.9375,0.278,20.93766666666667,0.395,1263.0,35.7055,51.266682,12.0,180.0,0.0,0.0,0.0
2025-01-11 12:07:00,11.1,11.1,10.3,9.9,440630,13.6,1.0,32.0,14.51,31.5,3.7445,0.0,75.0,0.0,952.9583333333334,14.5,726.0,3.0,24.0,13.0,14626.887,-13.104166666666666,1794258.1666666667,0.2811666666666666,20.916999999999998,0.395,1263.0,35.705498,51.266674,12.0,270.0,0.2617993877991495,0.0,0.0
2025-01-11 12:07:06,105.2,17.6,12.8,12.3,547040,13.583333333333334,1.0,32.0,14.51,31.166666666666668,3.6835,0.0,73.83333333333333,0.0,955.9166666666666,14.5,723.0,3.0,24.0,13.0,14626.887,-13.812333333333333,1795938.8333333333,0.2776666666666667,20.948166666666665,0.395,1263.0,35.705494,51.266674,12.0,180.0,-0.2617993877991495,0.0,0.0
2025-01-11 12:07:12,16.9,16.9,16.4,15.5,677340,13.616666666666667,1.0,32.0,14.51,31.5,3.6745,0.0,72.66666666666667,0.0,952.0833333333334,14.5,720.0,3.0,24.0,13.0,14626.887,-13.302,1797618.1875,0.2803333333333333,20.937833333333334,0.395,1263.0,35.705494,51.266674,12.0,180.0,0.0,0.0,0.0
2025-01-11 12:07:18,1282.8,47.4,15.7,15.3,672210,13.583333333333334,1.0,32.0,14.51,31.333333333333332,3.7075,0.0,72.0,0.0,950.25,14.5,717.0,3.0,24.0,13.0,14626.887,-13.104,1799288.8333333333,0.2818333333333333,20.937833333333334,0.395,1263.0,35.705494,51.266674,12.0,180.0,0.0,0.0,0.0
2025-01-11 12:07:24,17.3,17.3,16.7,16.1,707490,13.616666666666667,1.0,32.0,14.51,31.5,3.702166666666667,0.0,72.83333333333333,0.0,954.625,14.5,714.0,3.0,24.0,13.0,14626.887,-12.270666666666665,1800975.1875,0.2798333333333333,20.948,0.395,1263.0,35.705494,51.266674,12.0,180.0,0.0,0.0,0.0
2025-01-11 12:07:30,21.8,21.8,18.5,17.8,798460,13.566666666666668,1.0,32.0,14.51,31.5,3.6971666666666665,0.0,73.0,0.0,954.0416666666666,14.5,711.0,3.0,24.0,13.0,14626.887,-13.364333333333333,1802654.875,0.2806666666666667,20.9275,0.395,1263.0,35.705498,51.266678000000006,12.0,45.0,-0.26179938779914935,0.0,0.0
2025-01-11 12:07:36,21.7,21.7,19.7,18.9,836410,13.549999999999999,1.0,32.0,14.51,31.5,3.6618333333333335,0.0,74.0,0.0,953.5416666666666,14.5,708.0,3.0,24.0,13.0,14626.887,-14.104,1804334.5208333333,0.2793333333333334,20.93766666666667,0.395,1263.0,35.705498,51.266682,12.0,90.0,0.0,0.0,0.0
2025-01-11 12:07:42,22.0,22.0,20.6,19.8,889890,13.533333333333333,1.0,32.0,14.51,31.5,3.699333333333333,0.0,74.83333333333333,0.0,952.7083333333334,14.5,705.0,3.0,24.0,13.0,14626.887,-13.406333333333334,1806014.2916666667,0.2806666666666667,20.927333333333333,0.395,1263.0,35.705502,51.266682,12.0,0.0,-0.2617993877991495,0.0,0.0
2025-01-11 12:07:48,23.4,23.3,21.0,20.1,897590,13.583333333333334,1.0,32.0,14.487499999999999,31.666666666666668,3.6925000000000003,0.0,75.66666666666667,0.0,945.1666666666666,14.5,702.0,3.0,24.0,13.0,14626.887,-13.406500000000001,1807686.8541666667,0.2775,20.9275,0.395,1259.0,35.705507000000004,51.266682,12.0,0.0,0.0,0.0,0.0
2025-01-11 12:07:54,23.8,23.8,22.6,21.4,951980,13.566666666666668,1.0,32.0,14.489833333333332,31.166666666666668,3.7266666666666666,0.0,75.83333333333333,0.0,958.3333333333334,14.5,699.5,3.0,24.0,13.0,14626.887,-14.1355,1809356.8541666667,0.2791666666666667,20.93766666666667,0.395,1259.0,35.705509,51.266682,12.0,0.0,0.0,0.0,0.0
2025-01-11 12:08:00,24.6,24.6,23.2,22.0,975950,13.583333333333334,1.0,32.0,14.499166666666667,31.5,3.716666666666667,0.0,75.83333333333333,0.0,954.5416666666666,14.5,696.5,3.0,24.0,13.0,14626.887,-13.396,1811038.9791666667,0.27999999999999997,20.916999999999998,0.395,1260.0,35.705509,51.266682,12.0,0.0,0.0,0.0,0.0
2025-01-11 12:08:06,23.1,23.1,22.7,22.3,995920,13.583333333333334,1.0,32.0,14.504333333333333,31.166666666666668,3.7119999999999997,0.0,74.5,0.0,958.4166666666666,14.5,693.5,3.0,24.0,13.0,14626.887,-13.395666666666665,1812719.2083333333,0.2796666666666667,20.958666666666666,0.395,1261.0,35.705509,51.266682,12.0,0.0,0.0,0.0,0.0
2025-01-11 12:08:12,48.2,39.5,26.6,24.3,1071480,13.549999999999999,1.0,32.0,14.506833333333333,31.166666666666668,3.656833333333333,0.0,72.83333333333333,0.0,948.9166666666666,14.5,691.5,3.0,24.0,13.0,14626.887,-13.541666666666666,1814407.5833333333,0.2795,20.958666666666666,0.395,1261.0,35.705509,51.266678000000006,12.0,135.0,-0.2617993877991495,0.0,0.0
2025-01-11 12:08:18,362.9,152.2,28.8,26.0,1155550,13.549999999999999,1.0,32.0,14.508166666666666,31.333333333333332,3.6885,0.0,72.16666666666667,0.0,955.1666666666666,14.5,688.5,3.0,24.0,13.0,14626.887,-13.541666666666666,1816088.8333333333,0.2796666666666667,20.948166666666665,0.395,1261.0,35.705509,51.266674,12.0,270.0,0.0,0.0,0.0
2025-01-11 12:08:24,78.9,49.7,26.9,25.9,1156110,13.549999999999999,1.0,32.0,14.509,31.333333333333332,3.6959999999999997,0.0,72.0,0.0,944.4166666666666,14.5,686.0,3.0,24.0,13.0,14626.887,-13.406166666666666,1817768.0,0.28350000000000003,20.968833333333333,0.395,1261.0,35.705505,51.266674,12.0,180.0,-0.2617993877991495,0.0,0.0
2025-01-11 12:08:30,56.3,47.1,29.7,28.3,1262150,13.5,1.0,32.0,14.509,32.166666666666664,3.77,0.0,73.0,0.0,949.25,14.5,683.5,3.0,24.0,13.0,14626.887,-12.791666666666666,1819466.5,0.2866666666666667,20.906333333333333,0.395,1261.0,35.7055035,51.266674,12.0,180.0,0.0,0.0,0.0
2025-01-11 12:08:36,115.6,34.8,29.6,28.4,1244970,13.4,1.0,32.0,14.509833333333333,34.0,4.012166666666666,0.0,73.66666666666667,0.0,948.7083333333334,14.5,680.5,3.0,24.0,13.0,14626.887,-13.229333333333335,1821260.3541666667,0.30616666666666664,20.822666666666667,0.395,1261.0,35.7055,51.266674,12.0,180.0,0.0,0.0,0.0
2025-01-11 12:08:42,48.2,40.9,29.3,27.5,1232160,13.433333333333332,1.0,32.0,14.51,33.833333333333336,4.022833333333334,0.0,74.5,0.0,956.0833333333334,14.5,678.0,3.0,24.0,13.0,14626.887,-14.031166666666666,1823097.125,0.3055,20.802,0.395,1261.0,35.705498,51.266674,12.0,180.0,0.0,0.0,0.0
2025-01-11 12:08:48,118.0,37.1,31.1,28.7,1262930,13.466666666666667,1.0,32.0,14.51,34.0,3.9911666666666665,0.0,75.16666666666667,0.0,961.5416666666666,14.5,675.0,3.0,24.0,13.0,14626.887,-13.875166666666667,1824931.4791666667,0.30416666666666664,20.801833333333335,0.395,1260.0,35.705494,51.266674,12.0,180.0,0.0,0.0,0.0
2025-01-11 12:08:54,41.2,41.0,32.1,29.2,1283050,13.466666666666667,1.0,32.0,14.51,33.833333333333336,4.023333333333333,0.0,75.83333333333333,0.0,952.1666666666666,14.5,673.0,3.0,24.0,13.0,14626.887,-13.375,1826764.4166666667,0.3045,20.843500000000002,0.395,1261.0,35.705494,51.266674,12.0,180.0,0.0,0.0,0.0
2025-01-11 12:09:00,36.5,36.5,31.1,29.0,1287430,13.450000000000001,1.0,32.0,14.51,33.666666666666664,3.9495,0.0,76.0,0.0,952.9166666666666,14.5,670.5,3.0,24.0,13.0,14626.887,-14.0935,1828585.6666666667,0.30266666666666664,20.833000000000002,0.395,1260.5,35.705494,51.266674,12.0,180.0,0.0,0.0,0.0
2025-01-11 12:09:06,48.1,41.3,31.0,28.9,1274050,13.466666666666667,1.0,32.0,14.51,33.333333333333336,3.9779999999999998,0.0,75.5,0.0,956.1666666666666,14.5,668.5,3.0,24.0,13.0,14626.887,-13.198,1830408.0833333333,0.30016666666666664,20.8645,0.395,1261.0,35.705492,51.266674,12.0,180.0,0.0,0.0,0.0
2025-01-11 12:09:12,33.3,33.3,29.9,28.3,1259290,13.450000000000001,1.0,32.0,14.51,33.666666666666664,4.001666666666666,0.0,73.5,0.0,954.3333333333334,14.5,666.0,3.0,24.0,13.0,14626.887,-14.760333333333334,1832231.0625,0.3065,20.7915,0.395,1261.0,35.70549,51.266674,12.0,180.0,0.0,0.0,0.0
2025-01-11 12:09:18,34.3,34.3,30.3,29.4,1291120,13.450000000000001,1.0,32.0,14.51,33.333333333333336,3.9713333333333334,0.0,72.33333333333333,0.0,952.875,14.5,663.5,3.0,24.0,13.0,14626.887,-13.260333333333334,1834053.6458333333,0.3025,20.833166666666667,0.395,1261.0,35.70549,51.266674,12.0,180.0,0.0,0.0,0.0
2025-01-11 12:09:24,41.2,39.5,31.7,29.6,1306920,13.450000000000001,1.0,32.0,14.51,33.5,3.9629999999999996,0.0,72.0,0.0,950.1666666666666,14.5,663.0,3.0,24.0,13.0,14626.887,-12.5,1835878.0625,0.3025,20.833000000000002,0.395,1261.0,35.70549,51.26666600000001,12.0,270.0,0.2617993877991495,0.0,0.0
2025-01-11 12:09:30,37.5,37.5,32.6,29.7,1309630,13.466666666666667,1.0,32.0,14.51,33.5,3.9938333333333333,0.0,72.16666666666667,0.0,951.6666666666666,14.5,663.0,3.0,24.0,13.0,14626.887,-13.125,1837693.2916666667,0.30466666666666664,20.8225,0.395,1261.0,35.70549,51.26666600000001,12.0,270.0,0.0,0.0,0.0
2025-01-11 12:09:36,42.9,42.9,35.9,30.9,1337690,13.450000000000001,1.0,32.0,14.51,33.5,3.9995,0.0,73.16666666666667,0.0,960.8333333333334,14.5,662.0,3.0,24.0,13.0,14626.887,-12.343833333333334,1839524.8541666667,0.30066666666666664,20.8225,0.395,1261.0,35.70549,51.26666600000001,12.0,270.0,0.0,0.0,0.0
2025-01-11 12:09:42,35.7,35.7,31.0,29.6,1305350,13.466666666666667,1.0,32.0,14.51,33.666666666666664,3.962666666666667,0.0,74.0,0.0,957.375,14.5,660.0,3.0,24.0,13.0,14626.887,-12.583333333333334,1841345.0416666667,0.30116666666666664,20.843500000000002,0.395,1261.0,35.705486,51.26666600000001,12.0,180.0,-0.2617993877991495,0.0,0.0
2025-01-11 12:09:48,55.2,55.1,49.9,48.1,1924020,13.483333333333334,1.0,32.666666666666664,14.51,35.0,4.180499999999999,0.0,74.83333333333333,0.0,954.2083333333334,14.5,660.0,3.0,24.0,13.0,14626.887,-14.072666666666665,1843204.4583333333,0.32,20.718666666666667,0.395,1261.0,35.70549,51.26666600000001,12.0,0.0,-0.5235987755982988,0.0,0.0
2025-01-11 12:09:54,41.7,41.7,34.6,32.7,1401600,13.450000000000001,1.0,33.0,14.290999999999999,38.166666666666664,4.907666666666667,2.2898333333333336,75.66666666666667,0.5,1065.5,14.5,660.0,3.0,16.0,11.0,14626.887,-7.719,1845321.2291666667,0.42050000000000004,20.2395,0.395,1261.0,35.705494,51.266662499999995,12.0,135.0,-0.2617993877991495,0.08333333333333333,0.0
2025-01-11 12:10:00,42.4,42.3,34.5,31.2,1381670,13.433333333333332,1.0,33.0,12.824333333333334,44.666666666666664,8.788666666666666,12.7605,76.0,8.5,1395.4583333333333,14.5,657.5,3.0,10.666666666666666,1.0,14626.892833333333,20.385666666666665,1848163.2083333333,0.731,18.979166666666668,0.395,1261.0,35.7055075,51.2665805,12.0,282.285,0.025743606466916428,1.3333333333333333,0.0
2025-01-11 12:10:06,58.5,50.9,34.0,30.8,1354180,13.466666666666667,1.0,32.833333333333336,11.378333333333332,36.5,11.8885,10.214333333333334,74.33333333333333,22.5,2809.5833333333335,14.5,670.0,3.0,16.0,1.3333333333333333,14626.918666666666,1.25,1854223.2291666667,0.9863333333333334,19.948,0.395,1261.0,35.705557,51.2662965,12.0,282.79,0.009977465557234104,2.3333333333333335,0.0
2025-01-11 12:10:12,39.0,38.9,31.7,28.7,1279460,13.483333333333334,1.0,32.0,12.8185,44.5,12.7735,17.117166666666666,72.0,27.166666666666668,2259.0,14.5,674.5,3.0,8.0,2.0,14626.958333333334,23.427000000000003,1859557.6458333333,1.196,18.99983333333333,0.395,1261.0,35.7056485,51.265793,12.0,282.915,0.003461569683122246,0.777777777777778,0.0
2025-01-11 12:10:18,73.5,73.5,33.7,29.5,1292430,13.5,1.0,32.0,14.551666666666668,32.166666666666664,9.773833333333334,0.7908333333333334,72.5,29.0,2387.9166666666665,14.049999999999999,676.5,3.0,24.0,2.0,14627.007166666668,-31.885333333333335,1864462.9583333333,0.2961666666666667,19.906000000000002,0.395,1261.0,35.705757,51.265234,12.0,283.635,0.0019489509980602155,0.30555555555555536,0.0
2025-01-11 12:10:24,54.5,54.5,36.7,30.5,1316470,13.466666666666667,1.0,32.0,15.240666666666668,41.5,11.155666666666667,13.245166666666668,73.0,25.0,2059.4583333333335,14.25,674.5,3.0,10.666666666666666,2.0,14627.051333333335,9.031,1867059.0416666667,0.8843333333333333,19.13533333333333,0.395,1261.0,35.7058545,51.264824000000004,12.0,290.43,0.037291868350945494,0.0,0.6666666666666666
2025-01-11 12:10:30,50.2,50.1,35.4,29.6,1301760,13.466666666666667,1.0,32.0,10.803666666666667,46.5,14.493833333333333,18.5955,74.33333333333333,31.666666666666668,2598.4166666666665,14.5,676.0,3.0,8.0,2.0,14627.098333333333,24.968666666666667,1874133.0625,1.3843333333333334,18.81233333333333,0.395,1261.0,35.7062205,51.264478499999996,12.0,332.625,0.14745123297265428,1.1111111111111114,0.0
2025-01-11 12:10:36,55.6,55.5,35.2,30.1,1321740,13.5,1.0,32.333333333333336,8.234,55.166666666666664,23.285,25.207666666666665,75.66666666666667,42.5,3382.5,14.5,717.5,3.0,10.666666666666666,2.1666666666666665,14627.158333333333,42.875,1885268.0,2.5204999999999997,18.645833333333332,0.395,1262.0,35.70685,51.2645415,12.0,8.76,0.06463535996552333,1.8055555555555554,0.0
2025-01-11 12:10:42,42.4,42.3,31.4,29.1,1303480,13.450000000000001,17.0,32.166666666666664,8.673499999999999,74.83333333333333,35.554833333333335,21.59583333333333,76.33333333333333,58.833333333333336,3352.0416666666665,13.783333333333333,786.0,3.0,16.0,3.0,14627.242833333332,51.57266666666666,1904613.75,3.231666666666667,20.6355,0.395,1263.5,35.707737,51.26474149999999,12.0,10.465,0.0008726646259971169,2.7222222222222228,0.0
2025-01-11 12:10:48,36.4,36.4,30.9,29.4,1308010,13.433333333333332,81.0,32.666666666666664,16.852666666666668,29.166666666666668,7.429166666666667,0.0,73.66666666666667,37.333333333333336,2124.8333333333335,14.5,796.0,3.0,24.0,3.0,14627.3295,-30.052000000000003,1911032.5833333333,0.227,20.104333333333333,0.395,1265.5,35.708429,51.2649135,12.0,12.174999999999999,0.006574073515845283,0.0,3.5833333333333335
2025-01-11 12:10:54,44.0,43.8,33.1,30.3,1322160,13.483333333333334,1.0,32.166666666666664,15.525333333333334,82.16666666666667,32.788333333333334,30.894000000000002,73.83333333333333,31.0,2597.0,14.466666666666667,803.5,3.0,8.0,2.0,14627.378166666667,80.3125,1918328.0833333333,2.7936666666666667,16.208166666666667,0.395,1267.5,35.70886,51.26502200000001,12.0,11.49,0.0028507044449240433,0.0,1.055555555555556
2025-01-11 12:11:00,36.0,36.0,30.9,28.4,1271660,13.466666666666667,1.0,32.333333333333336,11.546166666666666,89.5,41.66766666666667,34.88016666666667,74.83333333333333,51.833333333333336,3089.6666666666665,14.333333333333334,837.0,3.0,10.666666666666666,2.8333333333333335,14627.446666666665,95.80183333333333,1934847.5833333333,3.817,18.0,0.395,1269.5,35.7095735,51.265221,12.0,12.62,-0.0020071286397934734,3.4722222222222228,0.0
2025-01-11 12:11:06,37.3,37.3,31.1,28.9,1275610,13.5,1.0,32.833333333333336,11.277833333333334,54.333333333333336,17.458666666666666,14.847333333333333,76.5,66.83333333333333,3082.9166666666665,14.5,873.0,3.0,10.666666666666666,3.6666666666666665,14627.550166666668,24.166833333333333,1954155.0416666667,1.4908333333333335,19.125,0.395,1271.5,35.710552,51.265499000000005,12.0,12.93,-0.0005526875964648632,2.4999999999999987,0.0
2025-01-11 12:11:12,36.1,36.0,31.3,28.3,1237030,13.5,1.0,32.0,12.062,54.666666666666664,18.447333333333333,23.7825,75.0,66.83333333333333,2789.3333333333335,14.5,866.5,3.0,8.0,4.0,14627.660166666667,42.59366666666667,1964669.9166666667,1.9169999999999998,18.0625,0.395,1273.0,35.7113935,51.265724,12.0,12.08,-0.0022398392067260035,0.0,0.0
2025-01-11 12:11:18,37.1,36.5,28.8,27.0,1221490,13.5,1.0,32.0,11.183666666666667,75.0,27.53016666666667,30.0215,74.16666666666667,68.5,2858.375,14.5,862.5,3.0,8.0,4.0,14627.771999999999,74.41683333333333,1978772.0208333333,2.6536666666666666,16.708333333333332,0.395,1273.0,35.712413500000004,51.2660065,12.0,12.924999999999999,0.0029670597283903903,0.27777777777777857,0.0
2025-01-11 12:11:24,33.1,33.1,29.6,27.7,1225220,13.483333333333334,1.0,32.0,11.292166666666667,49.333333333333336,16.385,18.9935,75.16666666666667,68.66666666666667,2866.375,14.5,858.0,3.0,8.0,4.0,14627.886666666667,31.031166666666667,1992594.4166666667,1.6053333333333333,18.822666666666667,0.395,1273.0,35.713461,51.2662965,12.0,12.479999999999999,-0.002181661564992911,0.027777777777778567,0.0
2025-01-11 12:11:30,34.0,34.0,31.0,28.2,1245640,13.5,1.0,32.0,12.058833333333332,53.5,16.8755,22.598,74.83333333333333,65.0,2713.375,14.5,849.0,3.0,8.0,4.0,14627.996833333333,37.47933333333334,2001496.875,1.6660000000000001,18.1355,0.395,1273.0,35.71447,51.266445,12.0,3.73,-0.0349938515024863,0.0,0.6111111111111119
2025-01-11 12:11:36,36.0,36.0,31.3,28.1,1233560,13.5,1.0,32.0,12.098833333333333,60.166666666666664,20.449333333333332,23.771666666666665,74.0,70.66666666666667,2953.9166666666665,14.049999999999999,844.0,3.0,10.666666666666666,4.0,14628.106,46.687333333333335,2013262.4166666667,2.0898333333333334,17.86466666666667,0.395,1273.0,35.715520500000004,51.26639,12.0,356.565,-0.01221730476396044,0.9444444444444452,0.0
2025-01-11 12:11:42,34.1,34.1,28.4,26.2,1150400,13.433333333333332,1.0,32.0,13.209333333333333,48.0,17.162666666666667,16.236833333333333,74.33333333333333,75.66666666666667,3136.5416666666665,14.5,841.0,3.0,13.333333333333334,4.0,14628.227166666666,15.989666666666666,2024366.4375,1.4118333333333333,19.041833333333333,0.395,1273.0,35.7166655,51.2663,12.0,356.48499999999996,0.001687151610261139,0.8333333333333334,0.0
2025-01-11 12:11:48,32.4,31.8,26.2,24.5,1083210,13.466666666666667,1.0,32.0,16.550166666666666,28.833333333333332,10.136666666666667,2.873333333333333,75.0,70.5,2942.625,14.5,836.0,3.0,18.666666666666668,4.0,14628.349499999998,-23.0625,2028732.7708333333,0.4068333333333333,20.770666666666667,0.395,1273.0,35.717796,51.2661875,12.0,354.875,-0.005643231248114992,0.0,0.8611111111111119
2025-01-11 12:11:54,28.4,28.3,23.3,21.1,938310,13.433333333333332,1.0,32.0,17.45,31.5,10.205333333333334,3.7744999999999997,74.0,63.5,2653.8333333333335,14.5,830.5,3.0,18.666666666666668,4.0,14628.461000000001,-24.302166666666665,2031109.1875,0.32649999999999996,20.177,0.395,1273.0,35.718818500000005,51.266031,12.0,352.355,-0.0061959188445798565,0.0,1.1666666666666667
2025-01-11 12:12:00,28.5,28.5,24.8,22.6,1005050,13.433333333333332,33.0,32.0,16.142500000000002,47.833333333333336,15.635333333333334,12.593666666666666,73.16666666666667,60.5,2520.9583333333335,14.5,823.5,3.0,16.0,4.0,14628.563833333334,9.0,2037024.9583333333,1.0641666666666667,18.573,0.395,1273.0,35.719757,51.265812000000004,12.0,347.99,-0.014748032179352064,0.0,0.5
2025-01-11 12:12:06,30.9,30.2,26.1,24.5,1053920,13.450000000000001,33.0,32.0,17.287833333333335,59.666666666666664,35.216,38.405499999999996,74.0,39.166666666666664,1639.9166666666667,14.233333333333334,816.0,3.0,18.666666666666668,4.0,14628.650500000002,29.9375,2039909.9375,1.1263333333333332,16.604333333333333,0.395,1273.0,35.7204855,51.265581,12.0,344.85999999999996,-0.006457718232379099,0.0,3.555555555555556
2025-01-11 12:12:12,30.9,30.9,28.3,27.0,1184010,13.4,1.0,32.5,12.9915,141.16666666666666,79.38233333333334,81.44633333333333,74.0,53.333333333333336,3274.4583333333335,11.9,833.5,3.0,10.666666666666666,2.8333333333333335,14628.718166666666,143.17716666666666,2061742.1458333333,9.486166666666668,25.145833333333332,0.395,1281.0,35.7212125,51.265316000000006,12.0,343.185,-0.006370451769779295,2.361111111111112,0.0
2025-01-11 12:12:18,27.8,27.8,27.0,26.0,1154160,13.383333333333333,1.0,32.5,9.466,140.0,85.134,80.65350000000001,75.0,95.5,4788.791666666667,11.116666666666667,887.0,3.0,10.666666666666666,3.3333333333333335,14628.839833333333,148.07283333333334,2139050.7083333335,14.061833333333333,34.64566666666666,0.395,1290.5,35.7225205,51.264725,12.0,338.69,-0.015213453313217126,7.027777777777778,0.0
2025-01-11 12:12:24,28.5,28.5,26.3,24.8,1096900,13.383333333333333,49.0,33.0,10.338166666666666,62.5,32.76616666666667,31.133,75.0,105.33333333333333,4330.291666666667,13.116666666666667,908.0,3.0,18.666666666666668,4.0,14629.014333333333,35.416666666666664,2203809.25,4.9075,26.93766666666667,0.395,1293.5,35.7240185,51.26390849999999,12.0,335.495,-0.007388560500109388,1.6388888888888882,0.0
2025-01-11 12:12:30,29.4,29.4,26.5,25.2,1115270,13.433333333333332,33.0,32.833333333333336,16.480166666666666,51.333333333333336,30.275166666666667,9.687833333333332,75.0,67.5,2809.9583333333335,14.5,903.0,3.0,18.666666666666668,4.0,14629.157500000001,20.843833333333333,2216206.5,1.4336666666666666,18.770666666666667,0.395,1296.0,35.7250805,51.2632865,12.0,334.66,0.0012508192972626234,0.0,6.3055555555555545
2025-01-11 12:12:36,29.0,28.9,24.6,23.0,1022040,13.433333333333332,17.0,32.333333333333336,15.377333333333333,125.33333333333333,69.765,56.91916666666666,75.0,58.333333333333336,2441.25,12.616666666666667,894.5,3.0,10.666666666666666,4.0,14629.257833333335,128.12516666666667,2230488.0,5.8293333333333335,19.7395,0.395,1299.0,35.7259005,51.262806000000005,12.0,334.38,-0.0013962634015955166,0.0,1.5277777777777775
2025-01-11 12:12:42,28.6,28.6,26.4,24.4,1078600,13.450000000000001,17.0,32.0,13.190333333333333,64.83333333333333,26.307666666666666,11.022,75.0,76.0,3149.0416666666665,13.733333333333334,888.0,3.0,21.333333333333332,4.0,14629.372333333333,12.916833333333331,2270249.875,2.189833333333333,21.739666666666665,0.395,1302.0,35.7269175,51.2622165,12.0,334.50500000000005,-0.003374303220522278,2.944444444444444,0.0
2025-01-11 12:12:48,35.0,35.0,32.2,30.7,1357530,13.5,1.0,32.0,16.4275,50.5,16.851666666666667,11.808666666666667,74.83333333333333,66.5,2771.8333333333335,14.450000000000001,882.0,3.0,13.333333333333334,4.0,14629.488166666668,18.3435,2274576.4583333335,1.3546666666666667,18.5105,0.395,1305.0,35.727865,51.261642499999994,12.0,333.975,0.0018325957145940326,0.0,1.5833333333333333
2025-01-11 12:12:54,35.6,35.6,32.0,29.9,1340140,13.5,1.0,32.0,15.177999999999999,41.666666666666664,13.603500000000002,14.674999999999999,74.16666666666667,65.5,2745.8333333333335,14.5,873.5,3.0,10.666666666666666,4.0,14629.597666666667,12.260333333333334,2283365.1666666665,1.171,19.229,0.395,1307.0,35.728777,51.2610965,12.0,334.085,0.0,0.0,0.16666666666666666
2025-01-11 12:13:00,36.0,36.0,32.7,30.7,1363460,13.5,1.0,32.0,14.741166666666667,83.83333333333333,37.578,36.362833333333334,74.16666666666667,69.0,2885.9166666666665,13.866666666666667,867.0,3.0,10.666666666666666,4.0,14629.710333333334,79.29183333333333,2294062.625,4.406,18.458333333333332,0.395,1308.0,35.729721,51.2605265,12.0,333.715,-0.0020653062815267284,0.5833333333333334,0.0
2025-01-11 12:13:06,34.0,34.0,32.3,30.7,1347790,13.433333333333332,1.0,32.0,10.695666666666668,186.83333333333334,99.92316666666666,88.1675,74.66666666666667,96.0,4005.1666666666665,10.299999999999999,881.0,3.0,8.0,4.0,14629.839833333333,199.146,2350716.5416666665,15.336333333333334,33.11433333333333,0.395,1309.5,35.730942000000006,51.259817,12.0,335.09,0.0049450995473174,4.5,0.0
2025-01-11 12:13:12,34.6,34.6,31.4,30.3,1341920,13.5,65.0,32.166666666666664,12.569666666666668,46.666666666666664,25.827,14.591,75.0,96.0,3985.0833333333335,14.233333333333334,893.0,3.0,18.666666666666668,4.0,14630.009666666665,15.604500000000002,2405520.4166666665,1.9241666666666666,21.17716666666667,0.395,1311.0,35.732370499999995,51.25908999999999,12.0,338.64000000000004,0.011664617167495409,0.0,0.0
2025-01-11 12:13:18,34.2,34.2,32.4,29.6,1316360,13.516666666666666,65.0,32.5,13.39,28.666666666666668,8.048166666666667,0.0,75.0,64.66666666666667,2549.9583333333335,14.4,890.0,3.0,24.0,4.166666666666667,14630.141333333333,-25.072833333333335,2414343.7083333335,0.5008333333333334,20.468666666666667,0.395,1312.5,35.7334325,51.258648,12.0,343.65000000000003,0.022369303246393992,0.0,5.222222222222221
2025-01-11 12:13:24,29.6,29.6,29.6,28.6,1265160,13.566666666666668,1.0,32.333333333333336,11.160333333333334,74.0,33.37566666666667,33.89333333333333,75.0,60.5,3342.3333333333335,14.25,887.5,3.0,8.0,3.0,14630.239500000001,72.7605,2425187.0,3.3486666666666665,17.968833333333333,0.395,1315.0,35.734319500000005,51.258688,12.0,9.35,0.08921541359777678,0.0,0.6944444444444452
2025-01-11 12:13:30,25.5,25.5,24.2,23.0,1012700,13.516666666666666,1.0,32.0,8.136166666666666,77.16666666666667,34.98683333333333,31.679999999999996,75.0,76.33333333333333,4290.75,13.700000000000001,901.0,3.0,8.0,3.0,14630.352166666666,74.1875,2448261.375,4.7405,21.541833333333333,0.395,1317.5,35.735193,51.259460499999996,12.0,43.435,0.10093820840700544,2.638888888888888,0.0
2025-01-11 12:13:36,26.2,26.2,24.3,23.3,1024790,13.483333333333334,33.0,32.0,6.528833333333334,97.16666666666667,59.31766666666667,45.92116666666667,75.33333333333333,83.5,4719.458333333333,12.233333333333334,910.0,3.0,16.0,3.0,14630.4845,79.82283333333334,2476320.7916666665,9.187666666666667,30.00016666666666,0.395,1318.5,35.7356035,51.260879499999994,12.0,78.17999999999999,0.0959058423970885,1.1944444444444453,0.0
2025-01-11 12:13:42,26.0,26.0,24.5,23.3,1034450,13.450000000000001,1.0,32.5,6.158833333333334,117.83333333333333,79.307,59.70066666666667,76.0,111.5,5373.791666666667,11.683333333333332,924.5,3.0,10.666666666666666,3.5,14630.6445,119.15616666666666,2546579.25,12.027000000000001,33.75,0.395,1317.0,35.735698500000005,51.2628595,12.0,86.83,0.0030834150118565734,4.666666666666667,0.0
2025-01-11 12:13:48,25.8,25.8,24.7,23.4,1041290,13.433333333333332,49.0,32.833333333333336,7.851500000000001,66.33333333333333,38.98316666666667,25.174333333333333,76.16666666666667,123.0,5063.708333333333,12.950000000000001,928.0,3.0,16.0,4.0,14630.839166666667,34.40633333333333,2606041.0,6.050666666666667,29.604166666666668,0.395,1318.0,35.7358055,51.265145999999994,12.0,86.86500000000001,0.0019780398189269267,1.9166666666666667,0.0
2025-01-11 12:13:54,25.5,25.5,24.4,23.5,1039300,13.483333333333334,65.0,32.833333333333336,13.037999999999998,35.166666666666664,18.572166666666664,9.321166666666667,76.33333333333333,98.66666666666667,4090.5,14.116666666666667,925.5,3.0,21.333333333333332,4.0,14631.025333333333,-6.646000000000001,2623988.125,1.6961666666666666,22.198166666666665,0.395,1321.5,35.735884,51.26715049999999,12.0,87.245,0.00011635528346626548,0.0,4.0555555555555545
2025-01-11 12:14:00,27.2,27.2,24.4,23.6,1043440,13.566666666666668,27.666666666666668,32.333333333333336,16.338333333333335,67.83333333333333,27.845333333333333,22.081500000000002,76.0,65.66666666666667,2731.375,14.433333333333332,917.0,3.0,13.333333333333334,4.0,14631.160166666667,53.4375,2633963.25,2.2856666666666667,18.156166666666667,0.395,1323.0,35.735861,51.26851250000001,12.0,94.86500000000001,0.03752457891787802,0.0,5.5
2025-01-11 12:14:06,26.3,26.3,25.0,24.1,1066670,13.566666666666668,1.0,32.0,12.235666666666667,47.333333333333336,15.811333333333332,16.876166666666666,76.0,70.16666666666667,2924.0833333333335,14.116666666666667,904.0,3.0,10.666666666666666,4.0,14631.2715,21.13566666666667,2646385.6666666665,1.5990000000000002,18.843833333333333,0.395,1322.5,35.735464,51.269704499999996,12.0,117.87,0.06795148554431261,0.75,0.0
2025-01-11 12:14:12,26.2,26.2,24.6,23.7,1059140,13.566666666666668,1.0,32.0,10.067,34.333333333333336,11.6875,3.4535,75.83333333333333,72.0,2987.375,14.299999999999999,892.5,3.0,18.666666666666668,4.0,14631.391833333333,-20.541666666666668,2654167.2916666665,0.49866666666666665,20.197666666666667,0.395,1321.5,35.734756499999996,51.270748,12.0,132.41,0.029670597283903574,0.30555555555555475,0.0
2025-01-11 12:14:18,29.2,29.2,25.5,24.1,1070920,13.549999999999999,1.0,32.0,9.451666666666666,35.5,12.103166666666667,11.74,75.0,68.16666666666667,2833.5,14.5,883.5,3.0,10.666666666666666,4.0,14631.507166666668,3.4898333333333333,2657715.0833333335,1.0218333333333334,19.968999999999998,0.395,1320.0,35.73395,51.271595,12.0,141.725,0.024900030661785772,0.0,0.6388888888888881
2025-01-11 12:14:24,23.1,23.1,22.3,21.8,963170,13.5,1.0,32.0,9.737666666666668,48.333333333333336,16.948666666666668,19.473166666666668,75.0,73.0,3034.125,14.5,874.0,3.0,10.666666666666666,4.0,14631.623,24.156000000000002,2666726.375,1.553,18.822666666666667,0.395,1317.5,35.733181,51.272554500000005,12.0,131.105,-0.0429641884199271,0.8055555555555548,0.0
2025-01-11 12:14:30,24.3,24.3,23.3,22.6,992610,13.533333333333333,1.0,32.0,13.085666666666667,31.333333333333332,10.865833333333333,0.3076666666666667,75.0,70.83333333333333,2953.8333333333335,14.5,865.5,3.0,24.0,4.0,14631.744,-37.28133333333333,2671174.25,0.0,20.43733333333333,0.395,1315.5,35.7325115,51.273652999999996,12.0,126.415,-0.005381431860315834,0.0,0.3611111111111119
2025-01-11 12:14:36,24.7,24.7,24.3,23.4,1026940,13.5,1.0,32.0,13.434333333333333,43.666666666666664,14.844000000000001,15.468833333333334,74.0,69.33333333333333,2896.0833333333335,14.5,857.5,3.0,10.666666666666666,4.0,14631.858,16.479166666666668,2676117.1666666665,1.3285,19.3125,0.395,1313.5,35.731989,51.274784000000004,12.0,117.02999999999999,-0.03080506129770001,0.0,0.25
2025-01-11 12:14:42,27.3,27.3,25.8,24.1,1062160,13.5,1.0,32.0,14.698666666666668,32.166666666666664,10.997,4.357333333333333,74.0,68.0,2830.7083333333335,14.1,851.0,3.0,18.666666666666668,4.0,14631.974,-22.260333333333335,2680838.875,0.3778333333333333,20.260666666666665,0.395,1311.5,35.731514,51.2759605,12.0,117.53000000000002,0.012246393584826903,0.0,0.22222222222222143
2025-01-11 12:14:48,28.6,28.6,26.5,25.1,1103720,13.483333333333334,1.0,32.0,14.006166666666667,45.333333333333336,15.230166666666667,15.532000000000002,74.0,71.33333333333333,2977.125,14.5,844.5,3.0,8.0,4.0,14632.088000000002,22.156166666666664,2688258.625,1.4226666666666665,19.145666666666667,0.395,1311.0,35.731106000000004,51.276802,12.0,121.82,0.009453866781635954,0.5555555555555548,0.0
2025-01-11 12:14:54,27.8,27.8,26.0,24.7,1092540,13.483333333333334,1.0,32.0,13.452,30.5,10.958166666666665,11.315166666666665,74.0,73.0,3036.8333333333335,14.5,838.5,3.0,8.0,4.0,14632.207666666667,0.10416666666666667,2694594.6666666665,0.9301666666666666,20.635,0.395,1311.0,35.73048,51.277803500000005,12.0,129.48,0.02693624812244579,0.27777777777777857,0.0
2025-01-11 12:15:00,27.8,27.8,25.8,24.3,1065900,13.483333333333334,49.0,32.0,14.7825,35.0,11.537833333333333,6.0566666666666675,74.0,67.16666666666667,2799.5833333333335,14.5,832.0,3.0,18.666666666666668,4.0,14632.328666666666,-18.646,2700018.9583333335,0.463,19.854166666666668,0.395,1311.0,35.72954,51.278906000000006,12.0,138.73,0.026499915809447275,0.0,0.9722222222222214
2025-01-11 12:15:06,25.6,25.6,24.6,23.0,1026580,13.450000000000001,17.0,32.0,17.331500000000002,102.16666666666667,60.04483333333334,44.11816666666667,74.0,46.833333333333336,1989.625,13.299999999999999,827.5,3.0,10.666666666666666,4.0,14632.417333333333,95.1145,2705604.4166666665,4.207999999999999,18.18766666666667,0.395,1311.0,35.728912,51.2795125,12.0,142.48999999999998,0.0054977871437821004,0.0,3.3888888888888893
2025-01-11 12:15:12,24.9,24.9,24.0,23.0,1015500,13.483333333333334,1.0,32.0,13.386666666666665,77.33333333333333,30.2945,23.574333333333332,74.33333333333333,72.0,3013.375,13.783333333333333,842.5,3.0,10.666666666666666,4.0,14632.5175,54.80233333333333,2736461.25,2.9021666666666666,20.218999999999998,0.395,1311.0,35.728131999999995,51.280215999999996,12.0,144.04999999999998,0.003897901996120679,4.194444444444444,0.0
2025-01-11 12:15:18,24.6,24.6,23.9,23.0,1007440,13.5,1.0,32.0,13.258000000000001,48.833333333333336,17.538,16.854666666666667,74.33333333333333,81.16666666666667,3379.3333333333335,14.5,842.5,3.0,10.666666666666666,4.0,14632.6445,20.62516666666667,2749383.875,1.6656666666666666,19.56233333333333,0.395,1311.0,35.7272585,51.281029,12.0,142.49,-0.0032288591161894666,1.5277777777777786,0.0
2025-01-11 12:15:24,26.0,25.8,23.8,23.1,1021730,13.516666666666666,1.0,32.0,15.848999999999998,31.166666666666668,11.452333333333334,0.0,74.0,79.5,3294.125,14.5,837.5,3.0,24.0,4.0,14632.778666666667,-37.770833333333336,2753486.5,0.0,20.979166666666668,0.395,1311.0,35.7261715,51.282026,12.0,143.405,0.0006108652381979558,0.0,0.27777777777777857
2025-01-11 12:15:30,27.4,27.4,26.5,25.1,1113480,13.450000000000001,65.0,32.166666666666664,18.6575,31.0,10.298333333333334,0.0,73.33333333333333,68.83333333333333,2865.7083333333335,14.5,831.5,3.0,24.0,4.0,14632.903666666667,-37.25033333333334,2753486.5,0.0,20.416833333333333,0.395,1311.0,35.7253895,51.2827435,12.0,143.295,-0.0007853981633973951,0.0,1.7777777777777786
2025-01-11 12:15:36,27.7,27.7,27.0,25.8,1132440,13.450000000000001,17.0,33.0,19.448333333333334,52.5,19.259666666666664,18.533833333333334,73.83333333333333,51.5,2586.2916666666665,14.5,828.5,3.0,13.333333333333334,3.3333333333333335,14633.0,34.135,2757306.0833333335,1.9961666666666666,18.4375,0.395,1311.0,35.724655500000004,51.283415,12.0,143.555,0.001483529864195153,0.0,2.888888888888888
2025-01-11 12:15:42,26.5,26.5,25.7,24.8,1100950,13.466666666666667,1.0,32.666666666666664,13.697000000000001,60.333333333333336,27.314833333333336,25.346999999999998,74.33333333333333,70.16666666666667,3508.4166666666665,14.450000000000001,855.5,3.0,10.666666666666666,3.5,14633.100166666665,48.979166666666664,2774441.8333333335,2.7243333333333335,18.9895,0.395,1311.0,35.7239185,51.284094,12.0,143.155,-0.0006981317007977581,3.111111111111112,0.0
2025-01-11 12:15:48,27.0,27.0,25.9,24.8,1099460,13.483333333333334,1.0,32.666666666666664,12.222999999999999,50.5,18.62816666666667,24.1805,75.0,80.5,3345.875,14.5,854.5,3.0,8.0,4.0,14633.225833333332,34.4585,2787136.8333333335,2.0018333333333334,19.229,0.395,1311.0,35.7229805,51.284933499999994,12.0,144.45000000000002,0.0055850536063819,1.7222222222222214,0.0
2025-01-11 12:15:54,27.1,27.1,25.9,25.1,1108190,13.450000000000001,65.0,32.166666666666664,13.019,36.333333333333336,13.113833333333332,4.050166666666667,74.0,80.83333333333333,3339.8333333333335,14.1,850.0,3.0,18.666666666666668,4.0,14633.362666666668,-14.000166666666667,2797046.3333333335,0.816,20.729333333333333,0.395,1311.0,35.721683500000005,51.285807,12.0,154.36499999999998,0.035517450278084534,0.05555555555555477,0.0
2025-01-11 12:16:00,27.7,27.7,26.7,25.4,1128120,13.566666666666668,1.0,32.0,14.964333333333334,33.0,11.072166666666668,6.841,73.5,69.0,2866.5833333333335,14.5,844.5,3.0,16.0,4.0,14633.485166666667,-14.729,2798903.0,0.5745,20.291666666666668,0.395,1311.0,35.720617499999996,51.2862225,12.0,165.38000000000002,0.031823170028030014,0.0,1.9722222222222214
2025-01-11 12:16:06,26.5,26.5,25.8,25.0,1107420,13.549999999999999,1.0,32.0,14.286666666666667,36.0,12.281666666666666,8.671666666666667,74.0,70.0,2914.375,14.5,838.5,3.0,16.0,4.0,14633.599499999998,-8.385333333333334,2804603.9166666665,0.7061666666666667,19.99983333333333,0.395,1311.0,35.719553,51.286398,12.0,174.04,0.01960586526406958,0.16666666666666666,0.0
2025-01-11 12:16:12,26.1,26.1,25.1,24.2,1075780,13.5,1.0,32.0,14.901666666666666,48.166666666666664,16.901500000000002,16.366666666666667,75.0,67.83333333333333,2822.0833333333335,14.5,833.0,3.0,10.666666666666666,4.0,14633.714333333332,24.520833333333332,2808876.2916666665,1.5528333333333333,18.82283333333333,0.395,1311.0,35.7184885,51.286482,12.0,176.82499999999996,0.005555964785515272,0.0,0.3611111111111119
2025-01-11 12:16:18,26.5,26.5,26.0,24.9,1101880,13.483333333333334,1.0,32.0,13.830166666666665,51.166666666666664,17.351666666666667,20.223499999999998,75.0,72.33333333333333,3016.75,14.466666666666667,833.0,3.0,8.0,4.0,14633.83,33.38516666666666,2820594.2916666665,1.7038333333333335,18.8645,0.395,1311.0,35.717403499999996,51.2865525,12.0,176.93500000000003,-0.0005526875964648645,0.75,0.0
2025-01-11 12:16:24,25.2,25.2,24.4,23.8,1054030,13.5,1.0,32.0,13.071166666666665,42.833333333333336,15.377333333333333,14.704333333333333,73.5,73.16666666666667,3057.2916666666665,14.5,830.5,3.0,13.333333333333334,4.0,14633.949666666667,12.9895,2827906.25,1.4213333333333333,19.448166666666665,0.395,1311.0,35.716272499999995,51.286638,12.0,176.585,0.0011344640137963564,0.13888888888889048,0.0
2025-01-11 12:16:30,24.8,24.8,24.4,23.6,1046050,13.516666666666666,1.0,32.0,11.589999999999998,63.0,23.274833333333333,25.4025,73.33333333333333,81.33333333333333,3390.5416666666665,14.5,838.5,3.0,10.666666666666666,4.0,14634.075499999999,52.0105,2841074.5,2.616,18.43733333333333,0.395,1311.0,35.715088,51.2867335,12.0,175.80000000000004,-0.005643231248114992,1.3611111111111096,0.0
2025-01-11 12:16:36,25.3,25.3,24.9,23.7,1052240,13.5,33.0,32.0,12.475666666666667,42.0,15.9245,11.819666666666668,74.66666666666667,86.0,3574.4583333333335,14.5,843.0,3.0,16.0,4.0,14634.214833333333,-1.6668333333333336,2850446.2083333335,1.1133333333333333,20.593666666666667,0.395,1311.0,35.713776,51.2867795,12.0,180.55499999999998,0.025598162362583443,0.7777777777777786,0.0
2025-01-11 12:16:42,24.4,24.4,24.1,23.4,1034040,13.533333333333333,49.0,32.0,10.460666666666667,54.666666666666664,25.9765,15.357999999999999,76.16666666666667,85.16666666666667,3528.875,14.183333333333332,853.5,3.0,18.666666666666668,4.0,14634.363333333335,16.31283333333333,2864210.3333333335,2.1701666666666664,21.104,0.395,1311.0,35.712455999999996,51.286425,12.0,197.045,0.05532693728822028,0.0,0.1388888888888881
2025-01-11 12:16:48,26.2,25.6,23.2,22.8,1019230,13.549999999999999,33.0,32.666666666666664,12.535833333333334,79.83333333333333,44.125,44.536833333333334,75.33333333333333,40.833333333333336,1999.6666666666667,12.950000000000001,851.5,3.0,16.0,3.3333333333333335,14634.463000000002,58.874833333333335,2870175.1666666665,3.202166666666667,19.208000000000002,0.395,1311.0,35.7116775,51.285928500000004,12.0,210.255,0.022165681500327997,0.0,7.388888888888889
2025-01-11 12:16:54,24.2,24.2,24.1,23.8,1059600,13.466666666666667,1.0,32.333333333333336,9.366166666666667,128.5,71.734,51.65716666666666,74.0,77.16666666666667,4086.375,11.683333333333332,878.5,3.0,10.666666666666666,3.1666666666666665,14634.554666666665,134.61466666666666,2922699.0416666665,10.967333333333334,29.718833333333333,0.395,1311.0,35.7108935,51.285381,12.0,209.11,-0.009017534468637354,6.055555555555556,0.0
2025-01-11 12:17:00,23.7,23.7,23.7,23.6,1052800,13.5,49.0,32.5,10.073666666666666,62.666666666666664,33.22716666666667,10.764166666666666,75.16666666666667,89.33333333333333,3697.0833333333335,13.816666666666668,891.5,3.0,18.666666666666668,4.0,14634.697999999999,27.322666666666663,2957478.8333333335,3.339833333333333,22.885333333333335,0.395,1311.0,35.709636499999995,51.284778499999994,12.0,198.465,-0.034208453339088916,2.0277777777777763,0.0
2025-01-11 12:17:06,31.2,29.5,25.1,23.8,1055970,13.516666666666666,65.0,32.5,13.819,41.5,16.862333333333332,6.383833333333333,76.83333333333333,71.83333333333333,2966.125,13.933333333333332,892.5,3.0,21.333333333333332,4.0,14634.838666666668,3.1563333333333325,2970883.5416666665,1.4168333333333332,20.166666666666668,0.395,1311.0,35.7084595,51.284424,12.0,193.015,-0.007475826962709025,0.0,2.9166666666666665
2025-01-11 12:17:12,24.7,24.7,24.5,24.1,1063490,13.516666666666666,49.0,33.0,17.755333333333333,36.666666666666664,8.886166666666666,5.361999999999999,75.5,35.666666666666664,1865.4583333333333,14.5,886.5,3.0,18.666666666666668,3.3333333333333335,14634.923166666667,-3.677166666666667,2975443.0,0.7374999999999999,19.448,0.395,1311.0,35.707668,51.2842005,12.0,192.48000000000002,-0.004014257279586945,0.0,6.027777777777778
2025-01-11 12:17:18,25.2,25.2,24.0,23.6,1047070,13.5,97.0,33.0,21.640833333333333,29.833333333333332,3.140166666666667,0.0,74.0,11.833333333333334,954.0833333333334,14.5,881.5,3.0,24.0,4.0,14634.965666666665,-13.479166666666666,2978088.625,0.2645,21.104166666666668,0.395,1311.0,35.707338,51.284107000000006,12.0,193.045,-0.00270526034059123,0.0,3.9722222222222214
2025-01-11 12:17:24,25.7,25.7,25.4,24.8,1104390,13.483333333333334,97.0,32.0,21.267500000000002,33.333333333333336,3.6214999999999997,0.0,75.0,0.0,943.2083333333334,14.5,878.5,3.0,24.0,13.0,14634.973,-12.531333333333334,2979778.9583333335,0.2953333333333333,20.906499999999998,0.395,1311.0,35.707272,51.2840865,12.0,170.715,-0.29362255782717933,0.0,1.9722222222222223
2025-01-11 12:17:30,25.4,25.4,25.1,24.8,1097980,13.483333333333334,97.0,32.0,19.2485,32.833333333333336,3.6988333333333334,0.0,75.0,0.0,952.4166666666666,14.5,875.5,3.0,24.0,13.0,14634.973,-11.093666666666666,2981551.7083333335,0.292,20.916833333333333,0.395,1311.0,35.70727350000001,51.2840865,12.0,198.57000000000002,-0.9931796108473732,0.0,0.0
2025-01-11 12:17:36,25.9,25.9,25.9,25.6,1139380,13.5,97.0,32.0,18.303166666666666,32.833333333333336,3.690166666666667,0.0,76.0,0.0,951.125,14.5,872.5,3.0,24.0,13.0,14634.973,-13.270833333333334,2983283.5833333335,0.2866666666666667,20.906499999999998,0.395,1311.0,35.707272,51.28409200000001,12.0,108.57,0.0,0.0,0.0
2025-01-11 12:17:42,27.8,27.7,25.9,25.4,1128840,13.483333333333334,97.0,32.0,17.607333333333333,32.833333333333336,3.685,0.0,75.66666666666667,0.0,948.5416666666666,14.5,869.5,3.0,24.0,13.0,14634.973,-11.489666666666666,2985004.875,0.2853333333333333,20.916833333333333,0.395,1311.0,35.707272,51.28409200000001,12.0,108.57,0.0,0.0,0.0
2025-01-11 12:17:48,26.7,26.7,26.5,25.9,1150190,13.450000000000001,97.0,32.0,17.153833333333335,32.833333333333336,3.7106666666666666,0.0,74.83333333333333,0.0,955.2083333333334,14.5,866.5,3.0,24.0,13.0,14634.973,-12.177166666666666,2986719.875,0.2836666666666667,20.906499999999998,0.395,1311.0,35.707272,51.28409200000001,12.0,108.57,0.0,0.0,0.0
2025-01-11 12:17:54,71.5,24.9,24.7,23.9,1067840,13.416666666666666,81.0,32.333333333333336,16.845,33.0,3.8426666666666667,0.0,74.0,0.0,954.4583333333334,14.5,863.5,3.0,24.0,13.0,14634.973,-12.448,2988441.0833333335,0.293,20.896166666666666,0.395,1311.0,35.707272,51.28409200000001,12.0,108.57,0.0,0.0,0.0
2025-01-11 12:18:00,26.3,26.3,26.0,25.2,1124060,13.5,1.0,33.0,14.371666666666668,63.666666666666664,20.775000000000002,25.517166666666668,73.16666666666667,15.0,2573.5416666666665,14.333333333333334,859.5,3.0,8.0,1.0,14634.979833333333,52.520833333333336,2993131.7083333335,2.4491666666666667,18.552333333333333,0.395,1311.0,35.70722,51.28406950000001,12.0,218.44500000000002,0.23980823922402092,2.5,0.0
2025-01-11 12:18:06,26.5,26.5,26.0,25.1,1120920,13.466666666666667,1.0,32.833333333333336,10.402666666666667,97.83333333333333,63.5035,68.98033333333333,73.0,51.0,5490.875,12.066666666666668,891.0,3.0,13.333333333333334,1.5,14635.035833333333,84.04166666666667,3019823.2083333335,9.262500000000001,32.125166666666665,0.395,1311.0,35.7066345,51.2839165,12.0,192.17999999999998,0.004596033696918436,6.0,0.0
2025-01-11 12:18:12,26.8,26.6,25.1,24.5,1094740,13.483333333333334,17.0,32.833333333333336,9.103499999999999,93.5,58.9845,65.1755,74.66666666666667,87.66666666666667,5479.833333333333,12.166666666666666,914.5,3.0,13.333333333333334,2.6666666666666665,14635.139833333333,66.448,3080931.25,9.625333333333334,33.07266666666666,0.395,1311.0,35.7055305,51.283617,12.0,192.35500000000002,-0.001076286372063183,6.111111111111112,0.0
2025-01-11 12:18:18,27.0,27.0,26.5,26.0,1154570,13.466666666666667,81.0,33.0,15.758166666666668,23.666666666666668,9.8495,0.5071666666666667,77.16666666666667,70.0,3914.25,14.5,919.5,3.0,24.0,3.0,14635.283000000001,-25.781333333333333,3109955.125,0.8131666666666666,23.031166666666667,0.395,1311.0,35.704367,51.283292499999995,12.0,192.955,0.0016289739685280476,0.0,2.944444444444445
2025-01-11 12:18:24,25.7,25.7,25.7,25.5,1142830,13.483333333333334,49.0,32.0,17.290333333333333,60.333333333333336,27.085333333333335,12.388,75.5,55.666666666666664,3141.75,14.5,913.0,3.0,16.0,3.0,14635.379500000001,26.645833333333332,3119795.7916666665,1.6933333333333334,18.61466666666667,0.395,1311.0,35.703405499999995,51.28302,12.0,192.94500000000002,-0.000814486984264025,0.0,2.3888888888888893
2025-01-11 12:18:30,26.3,26.3,26.0,25.2,1121390,13.5,65.0,32.0,15.976166666666666,35.166666666666664,8.6745,0.118,75.0,34.666666666666664,1968.0833333333333,14.483333333333334,902.5,3.0,21.333333333333332,3.0,14635.460333333334,-26.97883333333333,3122800.4583333335,0.21566666666666667,19.32283333333333,0.395,1311.0,35.702812,51.282726499999995,12.0,209.17500000000004,0.07949974742834175,0.0,3.5
2025-01-11 12:18:36,25.3,25.3,25.3,25.2,1133110,13.516666666666666,1.0,32.0,11.541833333333335,104.0,40.865,36.615,75.83333333333333,38.0,2163.3333333333335,13.783333333333333,890.0,3.0,8.0,3.0,14635.514333333333,109.64583333333333,3130806.7916666665,3.629,17.93733333333333,0.395,1311.0,35.7026515,51.2821655,12.0,267.22999999999996,0.17959438003021644,0.5555555555555559,0.0
2025-01-11 12:18:42,26.3,26.3,25.3,24.9,1130280,13.483333333333334,1.0,32.0,8.338833333333334,118.5,66.1425,48.28066666666666,75.16666666666667,73.66666666666667,4185.041666666667,12.4,902.0,3.0,8.0,3.0,14635.602833333332,137.78133333333332,3165599.1666666665,8.891166666666667,25.906499999999998,0.395,1279.5,35.702866,51.28095249999999,12.0,282.39000000000004,0.0008435758051306535,5.9444444444444455,0.0
2025-01-11 12:18:48,28.5,28.5,27.2,25.9,1156320,13.5,49.0,32.0,8.769,44.833333333333336,19.87216666666667,5.808,75.5,87.83333333333333,4950.208333333333,14.450000000000001,912.0,3.0,16.0,3.0,14635.743499999999,-3.6773333333333347,3201016.25,1.5408333333333335,24.218666666666667,0.395,1248.5,35.7031365,51.2793445,12.0,282.03000000000003,0.00270526034059123,2.3611111111111094,0.0
2025-01-11 12:18:54,30.9,30.9,28.4,27.3,1211600,13.5,81.0,32.0,14.209166666666667,34.5,13.707166666666666,0.0,76.0,68.33333333333333,3843.2083333333335,14.5,905.5,3.0,21.333333333333332,3.0,14635.873666666666,-29.364666666666665,3204715.2916666665,0.2765,21.75016666666667,0.395,1249.0,35.7033655,51.278061,12.0,282.46,0.0003490658503988783,0.0,3.25
2025-01-11 12:19:00,30.4,30.4,27.5,25.7,1144480,13.483333333333334,81.0,32.5,18.2095,30.0,7.871833333333334,0.0,75.0,40.0,2211.7916666666665,14.15,897.0,3.0,24.0,2.8333333333333335,14635.97,-30.385333333333335,3206295.5,0.14616666666666667,20.093833333333333,0.395,1249.0,35.703548500000004,51.277055999999995,12.0,282.59999999999997,-0.0004654211338652274,0.0,4.722222222222221
2025-01-11 12:19:06,46.1,38.7,25.8,23.3,1034910,13.483333333333334,1.0,33.0,16.11733333333333,53.166666666666664,17.7995,21.309,75.0,31.333333333333332,2609.9583333333335,14.5,889.0,3.0,8.0,2.0,14636.022166666668,36.9375,3212501.125,1.6098333333333334,18.61466666666667,0.395,1249.0,35.703659,51.2765065,12.0,284.52500000000003,0.007010405828843963,0.0,1.4444444444444446
2025-01-11 12:19:12,30.0,30.0,27.0,24.7,1089260,13.549999999999999,1.0,33.0,13.953666666666665,29.166666666666668,10.1975,8.097333333333333,75.0,35.833333333333336,2970.0,14.5,881.0,3.0,13.333333333333334,2.0,14636.08,-4.3853333333333335,3219486.1666666665,0.8448333333333333,20.8645,0.395,1249.0,35.7038155,51.275875000000006,12.0,285.965,-0.012130038301360632,0.7500000000000006,0.0
2025-01-11 12:19:18,29.9,29.9,27.6,25.5,1126890,13.533333333333333,17.0,33.0,15.978333333333333,27.0,6.890333333333333,1.33,75.0,28.5,2356.7083333333335,14.5,875.5,3.0,21.333333333333332,2.0,14636.137333333332,-21.854166666666668,3223579.9583333335,0.5433333333333333,20.489833333333333,0.395,1249.0,35.703903000000004,51.275358000000004,12.0,282.36499999999995,0.007155849933176692,0.0,1.2222222222222225
2025-01-11 12:19:24,31.8,31.8,27.7,25.3,1117020,13.533333333333333,1.0,33.0,15.658666666666667,39.166666666666664,11.0905,13.428333333333333,74.66666666666667,27.5,2250.9583333333335,14.5,868.0,3.0,13.333333333333334,2.0,14636.179666666665,13.489833333333332,3228466.125,0.9856666666666666,19.25,0.395,1252.0,35.704025,51.2746865,12.0,282.2,-0.004770566622117793,0.0,0.16666666666666666
2025-01-11 12:19:30,32.0,32.0,28.2,25.7,1133160,13.516666666666666,1.0,33.0,14.741333333333335,27.666666666666668,6.743333333333333,1.1658333333333333,75.0,27.5,2298.0,14.5,861.0,3.0,18.666666666666668,2.0,14636.226499999999,-16.426833333333335,3233409.5416666665,0.5468333333333333,20.354166666666668,0.395,1252.0,35.704114999999994,51.274147,12.0,281.665,0.00046542113386522765,0.0,0.0
2025-01-11 12:19:36,32.7,32.1,26.8,25.4,1130840,13.533333333333333,1.0,33.0,13.828166666666666,44.5,13.597999999999999,18.31983333333333,74.5,28.666666666666668,2360.0833333333335,14.5,853.5,3.0,10.666666666666666,2.0,14636.273500000001,25.927000000000003,3238374.3333333335,1.2575,18.8645,0.395,1253.0,35.704197,51.2736815,12.0,282.6,0.0036651914291880652,0.19444444444444464,0.0
2025-01-11 12:19:42,34.5,32.8,26.5,25.4,1124320,13.5,1.0,33.0,11.081166666666666,46.333333333333336,15.759333333333332,16.4465,74.16666666666667,39.833333333333336,3219.0,14.5,849.5,3.0,10.666666666666666,2.0,14636.328,16.44783333333333,3247267.2916666665,1.4903333333333333,19.708333333333332,0.395,1253.0,35.7042865,51.273197,12.0,282.755,0.0016580627893945938,1.8611111111111114,0.0
2025-01-11 12:19:48,30.5,30.5,26.5,24.7,1098080,13.483333333333334,33.0,33.0,12.372166666666667,51.0,17.3475,20.045333333333332,74.16666666666667,37.0,2121.6666666666665,14.5,848.5,3.0,16.0,3.0,14636.395166666667,40.177166666666665,3255001.3333333335,1.5578333333333332,18.343999999999998,0.395,1253.0,35.704454500000004,51.2723425,12.0,283.135,-0.004276056667386187,0.0,0.4722222222222226
2025-01-11 12:19:54,32.9,32.9,28.3,25.9,1149980,13.516666666666666,1.0,33.0,10.854999999999999,55.166666666666664,17.666833333333333,23.020333333333337,75.0,46.666666666666664,2658.8333333333335,14.5,843.5,3.0,8.0,3.0,14636.462166666666,40.6355,3265037.625,1.6206666666666667,18.125,0.395,1253.0,35.70459949999999,51.2715665,12.0,283.25500000000005,0.004043346100453655,1.6111111111111107,0.0
2025-01-11 12:20:00,30.3,30.3,28.1,26.5,1173120,13.533333333333333,1.0,33.0,10.977666666666666,36.5,11.835,11.0875,75.0,52.0,2951.0833333333335,14.5,838.0,3.0,10.666666666666666,3.0,14636.544833333333,3.6355,3273231.0833333335,0.9514999999999999,20.1875,0.395,1253.0,35.7047535,51.270703999999995,12.0,282.315,-0.0019489509980603816,0.8888888888888893,0.0
2025-01-11 12:20:06,42.5,35.2,27.9,26.2,1148800,13.516666666666666,1.0,33.0,12.439833333333333,36.833333333333336,12.573833333333333,13.432833333333335,74.16666666666667,51.166666666666664,2885.625,14.5,832.5,3.0,10.666666666666666,3.0,14636.630166666668,9.4895,3279171.7083333335,1.1795,19.99983333333333,0.395,1253.0,35.7049315,51.26975050000001,12.0,282.88,-0.000727220521664304,0.0,0.13888888888888928
2025-01-11 12:20:12,28.4,28.4,26.9,25.1,1118560,13.516666666666666,1.0,33.0,12.725,30.5,9.938666666666668,6.5425,74.5,50.166666666666664,2825.125,14.5,828.5,3.0,16.0,3.0,14636.714833333333,-7.385333333333333,3285249.6666666665,0.8251666666666666,20.593833333333333,0.395,1253.0,35.7050915,51.268875,12.0,282.505,-0.002094395102393275,0.0,0.16666666666666666
2025-01-11 12:20:18,35.2,33.4,26.8,25.2,1122410,13.450000000000001,81.0,32.833333333333336,15.304666666666668,27.666666666666668,6.345,0.0,75.0,38.666666666666664,2201.5833333333335,14.5,824.0,3.0,24.0,3.0,14636.7935,-22.833166666666667,3289483.0833333335,0.513,20.301833333333335,0.395,1253.0,35.70525,51.2679975,12.0,282.86499999999995,0.003461569683122081,0.0,1.9166666666666667
2025-01-11 12:20:24,28.1,28.1,26.6,25.3,1122980,13.466666666666667,33.0,33.0,17.081833333333332,31.166666666666668,5.5685,4.643833333333333,75.0,24.333333333333332,1421.125,14.5,818.0,3.0,16.0,2.8333333333333335,14636.844333333333,-5.333333333333333,3292508.375,0.461,19.625,0.395,1253.0,35.70537,51.2673815,12.0,284.085,0.007970336917440798,0.0,2.388888888888889
2025-01-11 12:20:30,30.3,30.3,27.7,25.8,1133000,13.416666666666666,33.0,33.0,17.35083333333333,36.0,3.8285,0.33116666666666666,75.0,6.333333333333333,832.3333333333334,14.5,814.5,3.0,24.0,1.1666666666666667,14636.871666666666,-2.573,3294672.5416666665,0.2811666666666667,20.646,0.395,1253.0,35.7054615,51.2671145,12.0,315.32,0.1460258807501922,0.0,3.0
2025-01-11 12:20:36,27.0,27.0,25.8,24.8,1094740,13.5,33.0,33.0,13.718666666666666,39.0,4.763833333333333,6.556166666666667,75.33333333333333,5.0,924.0,14.5,807.0,3.0,16.0,1.0,14636.881000000001,6.312666666666666,3296785.625,0.3965,20.00016666666667,0.395,1253.0,35.7055265,51.267113,12.0,6.11,0.06920230484157532,0.0,0.22222222222222218
2025-01-11 12:20:42,28.9,28.9,26.8,25.0,1107420,13.5,1.0,33.0,11.964666666666666,39.0,6.34,5.863499999999999,75.16666666666667,0.6666666666666666,1321.2916666666667,14.5,800.5,3.0,10.666666666666666,9.0,14636.887,4.8855,3299486.4583333335,0.506,19.67716666666667,0.395,1253.0,35.705551,51.2671185,12.0,24.075,0.14006267247254497,0.0,0.7222222222222222
2025-01-11 12:20:48,28.3,28.3,26.0,25.4,1126780,13.450000000000001,33.0,33.0,10.004,38.166666666666664,5.698833333333333,6.083166666666667,74.33333333333333,6.666666666666667,1155.9583333333333,14.5,792.0,3.0,16.0,1.0,14636.892166666667,6.469,3302538.1666666665,0.4418333333333333,19.270833333333332,0.395,1253.0,35.7055895,51.267132,12.0,7.885000000000001,-0.14006267247254497,1.0,0.0
2025-01-11 12:20:54,28.5,28.5,26.6,25.2,1112860,13.466666666666667,17.0,32.666666666666664,12.048333333333334,34.0,3.6783333333333332,0.0,74.0,0.5,932.9166666666666,14.5,788.0,3.0,24.0,11.0,14636.898,-9.9375,3304630.25,0.29133333333333333,20.9375,0.395,1253.0,35.705637,51.267135499999995,12.0,157.31,-0.1596103600948815,0.0,1.027777777777778
2025-01-11 12:21:00,27.1,27.1,26.1,25.2,1108960,0.0,65.0,32.0,11.990666666666668,77.33333333333333,1.026,0.0,74.0,2.0,91.75,14.5,399.0,5.0,16.0,13.0,14636.898,-36.25,3305644.5,0.21,16.166333333333334,0.395,1253.0,35.705643,51.267124,12.0,301.62,-0.020420352248333603,0.25,0.0
